Workbook

Sheet Note
A1: ชื่อสถานศึกษา | B1: วิทยาลัยการอาชีพแม่สะเรียง
A2: ปีงบประมาณ | B2: 2565

Sheet ประมาณการายจ่าย
D1: ประมาณการรายจ่าย ปีงบประมาณ | F1: =Note!$B$2 -> 2565 | G1: =Note!$B$1 -> วิทยาลัยการอาชีพแม่สะเรียง
D2: เงินงบประมาณ | G2: เงินอุดหนุน | M2: งบรายจ่ายอื่น | N2: เงิน บกศ. | P2: รวม
D3: ปวช. | E3: ปวส. | F3: ระยะสั้น | G3: อุดหนุน | H3: หนังสือ | I3: เครื่องแบบ | J3: กิจกรรม | K3: อุปกรณ์ | L3: เครื่องมือ | M3: โครงการ | N3: เงินรายได้ | O3: เงินรับฝาก
C4: รับมา | P4: =SUM(D4:O4) -> 0
C5: จัดสรรไป | D5: =SUM(D9:D120) -> 0 | E5: =SUM(E9:E120) -> 0 | F5: =SUM(F9:F120) -> 0 | G5: =SUM(G9:G120) -> 0 | H5: =SUM(H9:H120) -> 0 | I5: =SUM(I9:I120) -> 0 | J5: =SUM(J9:J120) -> 0 | K5: =SUM(K9:K120) -> 0 | ... O5: =SUM(O9:O120) -> 0 | P5: =SUM(D5:O5) -> 0
C6: คงเหลือ | D6: =D4-D5 -> 0 | E6: =E4-E5 -> 0 | F6: =F4-F5 -> 0 | G6: =G4-G5 -> 0 | H6: =H4-H5 -> 0 | I6: =I4-I5 -> 0 | J6: =J4-J5 -> 0 | K6: =K4-K5 -> 0 | ... P6: =P4-P5 -> 0
D8: ปวช. | E8: ปวส. | F8: ระยะสั้น | G8: อุดหนุน | H8: หนังสือ | I8: เครื่องแบบ | J8: กิจกรรม | K8: อุปกรณ์ | L8: เครื่องมือ | M8: โครงการ | N8: เงินรายได้ | O8: เงินรับฝาก | P8: รวม
A9: 1. งบบุคลากร
A10: =Note!$B$2 -> 2565 | B10: 101 | C10: เงินเดือนพนักงานราชการ
A11: =Note!$B$2 -> 2565 | B11: 102
A12: =Note!$B$2 -> 2565 | B12: 103
A13: =Note!$B$2 -> 2565 | B13: 104
A14: =Note!$B$2 -> 2565 | B14: 105
A15: 2. งบดำเนินงาน (ค่าตอบแทน)
A16: =Note!$B$2 -> 2565 | B16: 201 | C16: ค่าตอบแทนพิเศษพนักงานราชการ
A17: =Note!$B$2 -> 2565 | B17: 202 | C17: ค่าสอนเกินภาระงาน
A18: =Note!$B$2 -> 2565 | B18: 203 | C18: ค่าธุรการนอกเวลา
A19: =Note!$B$2 -> 2565 | B19: 204 | C19: ค่าสอนภาคฤดูร้อน
A20: =Note!$B$2 -> 2565 | B20: 205 | C20: ค่าสอนเทียบโอน
A21: =Note!$B$2 -> 2565 | B21: 206 | C21: ค่าจ้างครูรายเดือน
A22: =Note!$B$2 -> 2565 | B22: 207 | C22: ค่าจ้างเจ้าหน้าที่รายเดือน
A23: =Note!$B$2 -> 2565 | B23: 208 | C23: ค่าครองชีพครูรายเดือน
A24: =Note!$B$2 -> 2565 | B24: 209 | C24: ค่าครองชีพเจ้าหน้าที่รายเดือน
A25: =Note!$B$2 -> 2565 | B25: 210
A26: =Note!$B$2 -> 2565 | B26: 211
A27: =Note!$B$2 -> 2565 | B27: 212
A28: =Note!$B$2 -> 2565 | B28: 213
A29: =Note!$B$2 -> 2565 | B29: 214
A30: 3. งบดำเนินงาน (ค่าใช้สอย)
A31: =Note!$B$2 -> 2565 | B31: 301 | C31: ค่าจ้างซ่อมครุภัณฑ์การศึกษาและสำนักงาน
A32: =Note!$B$2 -> 2565 | B32: 302 | C32: ค่าซ่อมยานพาหนะ
A33: =Note!$B$2 -> 2565 | B33: 303 | C33: ค่าจ้างติดตั้ง ซ่อมแซมระบบสาธารณูปโภค
A34: =Note!$B$2 -> 2565 | B34: 304 | C34: ค่าจ้างซ่อมอาคารสถานที่/พัฒนาสิ่งแวดล้อม
A35: =Note!$B$2 -> 2565 | B35: 305 | C35: ค่าเบี้ยเลี้ยง พาหนะเดิอนทาง และที่พัก
A36: =Note!$B$2 -> 2565 | B36: 306 | C36: ค่าสมทบประกันสังคม(พนักงานราชการ)
A37: =Note!$B$2 -> 2565 | B37: 307 | C37: ค่าสมทบประกันสังคม(ครูรายเดือน)
A38: =Note!$B$2 -> 2565 | B38: 308 | C38: ค่าสมทบประกันสังคม(เจ้าหน้าที่รายเดือน)
A39: =Note!$B$2 -> 2565 | B39: 309 | C39: ค่าใช้สอยอื่นๆ(ไม่เกิน50,000/ครั้ง/รายการ)
A40: =Note!$B$2 -> 2565 | B40: 310
A41: =Note!$B$2 -> 2565 | B41: 311
A42: =Note!$B$2 -> 2565 | B42: 312
A43: =Note!$B$2 -> 2565 | B43: 313
A44: =Note!$B$2 -> 2565 | B44: 314
A45: 4. งบดำเนินงาน (ค่าวัสดุ)
A46: =Note!$B$2 -> 2565 | B46: 401 | C46: แผนกวิชาช่างก่อสร้าง
A47: =Note!$B$2 -> 2565 | B47: 402 | C47: แผนกวิชาช่างยนต์
A48: =Note!$B$2 -> 2565 | B48: 403 | C48: แผนกวิชาช่างไฟฟ้ากำลัง
A49: =Note!$B$2 -> 2565 | B49: 404 | C49: แผนกวิชาช่างอิเล็กทรอนิกส์
A50: =Note!$B$2 -> 2565 | B50: 405 | C50: แผนกวิชาการบัญชี
A51: =Note!$B$2 -> 2565 | B51: 406 | C51: แผนกวิชาคอมพิวเตอร์ธุรกิจ
A52: =Note!$B$2 -> 2565 | B52: 407 | C52: แผนกวิชาเทคนิคพื้นฐาน
A53: =Note!$B$2 -> 2565 | B53: 408 | C53: แผนกวิชาสามัญสัมพันธ์
A54: =Note!$B$2 -> 2565 | B54: 409 | C54: ฝ่ายวิชาการ
A55: =Note!$B$2 -> 2565 | B55: 410 | C55: ฝ่ายพัฒนากิจการนักเรียนนักศึกษา
A56: =Note!$B$2 -> 2565 | B56: 411 | C56: ฝ่ายแผนงานและความร่วมมือ
A57: =Note!$B$2 -> 2565 | B57: 412 | C57: ฝ่ายบริหารทรัพยากร
A58: =Note!$B$2 -> 2565 | B58: 413
A59: =Note!$B$2 -> 2565 | B59: 414
A60: =Note!$B$2 -> 2565 | B60: 415
A61: =Note!$B$2 -> 2565 | B61: 416
A62: =Note!$B$2 -> 2565 | B62: 417 | C62: สำรอง 5 (ผู้อำนวยการ)
A63: 5. งบดำเนินงาน (ค่าสาธารณูปโภค)
A64: =Note!$B$2 -> 2565 | B64: 501 | C64: ค่าไฟฟ้า
A65: =Note!$B$2 -> 2565 | B65: 502 | C65: ค่าประปา
A66: =Note!$B$2 -> 2565 | B66: 503 | C66: ค่าโทรศัพท์
A67: =Note!$B$2 -> 2565 | B67: 504 | C67: ค่าไปรษณีย์
A68: =Note!$B$2 -> 2565 | B68: 505 | C68: ค่าอินเตอร์เนต
A69: =Note!$B$2 -> 2565 | B69: 506
A70: =Note!$B$2 -> 2565 | B70: 507
A71: =Note!$B$2 -> 2565 | B71: 508
A72: 6. งบดำเนินงาน (แผนงาน/โครงการ/กิจกรรม)
A73: =Note!$B$2 -> 2565 | B73: 601 | C73: โครงการด้านการพัฒนาผู้เรียน
A74: =Note!$B$2 -> 2565 | B74: 602 | C74: โครงการด้านการพัฒนาครูและบุคลากร
A75: =Note!$B$2 -> 2565 | B75: 603 | C75: โครงการด้านการพัฒนาคุณภาพสถานศึกษา
A76: =Note!$B$2 -> 2565 | B76: 604 | C76: โครงการด้านการประกันคุณภาพภายใน
A77: =Note!$B$2 -> 2565 | B77: 605 | C77: โครงการ อวท.
A78: =Note!$B$2 -> 2565 | B78: 606
A79: =Note!$B$2 -> 2565 | B79: 607
A80: =Note!$B$2 -> 2565 | B80: 608
A81: =Note!$B$2 -> 2565 | B81: 609
A82: =Note!$B$2 -> 2565 | B82: 610
A83: 7. งบลงทุน (ที่ดิน สิ่งก่อสร้าง และครุภัณฑ์)
A84: =Note!$B$2 -> 2565 | B84: 701
A85: =Note!$B$2 -> 2565 | B85: 702
A86: =Note!$B$2 -> 2565 | B86: 703
A87: =Note!$B$2 -> 2565 | B87: 704
A88: =Note!$B$2 -> 2565 | B88: 705
A89: 8. งบอุดหนุน
A90: =Note!$B$2 -> 2565 | B90: 801 | C90: ค่าหนังสือเรียน
A91: =Note!$B$2 -> 2565 | B91: 802 | C91: ค่าเครื่องแบบนักเรียน
A92: =Note!$B$2 -> 2565 | B92: 803 | C92: ค่าอุปกรณ์การเรียน
A93: =Note!$B$2 -> 2565 | B93: 804 | C93: ค่ากิจกรรมพัฒนาคุณภาพผู้เรียน
A94: =Note!$B$2 -> 2565 | B94: 805 | C94: ค่าเครื่องมือประจำตัวผู้เรียน
A95: =Note!$B$2 -> 2565 | B95: 806
A96: =Note!$B$2 -> 2565 | B96: 807
A97: =Note!$B$2 -> 2565 | B97: 808
A98: =Note!$B$2 -> 2565 | B98: 809
A99: =Note!$B$2 -> 2565 | B99: 810
A100: 9. งบรายจ่ายอื่น (โครงการตามนโยบายต่างๆ)
A101: =Note!$B$2 -> 2565 | B101: 901 | C101: โครงการโรงเรียนตามรอยพระยุคลบาทฯ
...

Sheet งปม.เข้า
E1: รายการรายรับ ปีงบประมาณ | G1: =Note!$B$2 -> 2565 | H1: =Note!$B$1 -> วิทยาลัยการอาชีพแม่สะเรียง
E2: เงินงบประมาณ | H2: เงินอุดหนุน | N2: งบรายจ่ายอื่น | O2: เงิน บกศ. | Q2: รวม
E3: ปวช. | F3: ปวส. | G3: ระยะสั้น | H3: อุดหนุน | I3: หนังสือ | J3: เครื่องแบบ | K3: กิจกรรม | L3: อุปกรณ์ | M3: เครื่องมือ | N3: โครงการ | O3: เงินรายได้ | P3: เงินรับฝาก
D4: รวมรายรับ | E4: =SUM(E7:E106) -> 1284440 | F4: =SUM(F7:F106) -> 316100 | G4: =SUM(G7:G106) -> 81600 | H4: =SUM(H7:H106) -> 1731550 | I4: =SUM(I7:I106) -> 551000 | J4: =SUM(J7:J106) -> 0 | K4: =SUM(K7:K106) -> 261725 | L4: =SUM(L7:L106) -> 126730 | ... P4: =SUM(P7:P106) -> 0 | Q4: =SUM(E4:P4) -> 4563745
A6: ลำดับ | B6: วันที่ เดือน พ.ศ. | C6: เอกสารการจัดสรร | D6: รหัสเอกสาร | E6: ปวช. | F6: ปวส. | G6: ระยะสั้น | H6: อุดหนุน | I6: หนังสือ | J6: เครื่องแบบ | K6: กิจกรรม | L6: อุปกรณ์ | M6: เครื่องมือ | N6: โครงการ | O6: เงินรายได้ | P6: เงินรับฝาก | Q6: รวม
A7: 1 | B7: 3 ตุลาคม 2565 | C7: งบประมาณ ปวช. | D7: 2566001 | E7: 168400 | Q7: =SUM(E7:P7) -> 168400
A8: 2 | B8: ธันวาคม 2564 | C8: งบกิจกรรมพัฒนาผู้เรียน | K8: 261725 | Q8: =SUM(E8:P8) -> 261725
A9: 3 | B9: ธันวาคม 2564 | C9: งบค่าจัดการเรียนการสอน | H9: 1731550 | Q9: =SUM(E9:P9) -> 1731550
A10: 4 | B10: ธันวาคม 2564 | C10: งบค่าหนังสือเรียน | I10: 551000 | Q10: =SUM(E10:P10) -> 551000
A11: 5 | B11: ธันวาคม 2564 | C11: งบค่าอุปกรณ์การเรียน | L11: 126730 | Q11: =SUM(E11:P11) -> 126730
A12: 6 | B12: 24 พ.ย. 64 | C12: งบประมาณ ปวส. | F12: 316100 | Q12: =SUM(E12:P12) -> 316100
A13: 7 | B13: 24 พ.ย. 64 | C13: งบประมาณ ระยะสั้น | G13: 81600 | Q13: =SUM(E13:P13) -> 81600
A14: 8 | B14: 24 พ.ย. 64 | C14: งบประมาณ ค่าสาธารณูปโภค | E14: 240000 | Q14: =SUM(E14:P14) -> 240000
A15: 9 | B15: 20 ต.ค. 64 | C15: ค่าตอบแทนพนักงานราชการ | E15: 844350 | Q15: =SUM(E15:P15) -> 844350
A16: 10 | B16: 3 พ.ย. 64 | C16: ประกันสังคมพนักงานราชการ | E16: 31690 | Q16: =SUM(E16:P16) -> 31690
A17: 11 | B17: กุมภาพันธ์ 2565 | C17: โครงการเร่งประสิทธิภาพการสอนฯ | N17: 94800 | Q17: =SUM(E17:P17) -> 94800
A18: 12 | B18: กุมภาพันธ์ 2565 | C18: โครงการจัดหาบุคลากรสนับสนุนเพื่อคืนครูฯ | N18: 58800 | Q18: =SUM(E18:P18) -> 58800
A19: 13 | B19: ธันวาคม 2564 | C19: กิจกรรมอาชีวะอาสา ร่วมด้วยช่วยประชาชน | N19: 41000 | Q19: =SUM(E19:P19) -> 41000
A20: 14 | B20: มกราคม 65 | C20: โครงการอนุรักษ์พันธุกรรมพืชฯ | N20: 16000 | Q20: =SUM(E20:P20) -> 16000
A21: 15 | Q21: =SUM(E21:P21) -> 0
A22: 16 | Q22: =SUM(E22:P22) -> 0
A23: 17 | Q23: =SUM(E23:P23) -> 0
A24: 18 | Q24: =SUM(E24:P24) -> 0
A25: 19 | Q25: =SUM(E25:P25) -> 0
A26: 20 | Q26: =SUM(E26:P26) -> 0
A27: 21 | Q27: =SUM(E27:P27) -> 0
A28: 22 | Q28: =SUM(E28:P28) -> 0
A29: 23 | Q29: =SUM(E29:P29) -> 0
A30: 24 | Q30: =SUM(E30:P30) -> 0
A31: 25 | Q31: =SUM(E31:P31) -> 0
A32: 26 | Q32: =SUM(E32:P32) -> 0
... A106: 100 | Q106: =SUM(E106:P106) -> 0

Sheet จัดสรร งปม.
D1: รายการจัดสรรรายจ่ายปี งปม. | F1: =Note!$B$2 -> 2565 | G1: =Note!$B$1 -> วิทยาลัยการอาชีพแม่สะเรียง
D2: เงินงบประมาณ | G2: เงินอุดหนุน | M2: งบรายจ่ายอื่น | N2: เงิน บกศ. | P2: รวม | Q2: =NOW() -> 46006.466
D3: ปวช. | E3: ปวส. | F3: ระยะสั้น | G3: อุดหนุน | H3: หนังสือ | I3: เครื่องแบบ | J3: กิจกรรม | K3: อุปกรณ์ | L3: เครื่องมือ | M3: โครงการ | N3: เงินรายได้ | O3: เงินรับฝาก | Q3: สรุปรายการจ่ายจากยอดจัดสสร
C4: รับมา | D4: =งปม.เข้า!E4 -> 1284440 | E4: =งปม.เข้า!F4 -> 316100 | F4: =งปม.เข้า!G4 -> 81600 | G4: =งปม.เข้า!H4 -> 1731550 | H4: =งปม.เข้า!I4 -> 551000 | I4: =งปม.เข้า!J4 -> 0 | J4: =งปม.เข้า!K4 -> 261725 | K4: =งปม.เข้า!L4 -> 126730 | ... O4: =งปม.เข้า!P4 -> 0 | P4: =SUM(D4:O4) -> 4563745 | Q4: ใช้ไปแล้ว | R4: ร้อยละ | S4: เหลือ
C5: จัดสรรไป | D5: =SUM(D9:D120) -> 19685 | E5: =SUM(E9:E120) -> 0 | F5: =SUM(F9:F120) -> 0 | G5: =SUM(G9:G120) -> 0 | H5: =SUM(H9:H120) -> 0 | I5: =SUM(I9:I120) -> 0 | J5: =SUM(J9:J120) -> 0 | K5: =SUM(K9:K120) -> 0 | ... O5: =SUM(O9:O120) -> 0 | P5: =SUM(D5:O5) -> 19685 | Q5: =SUM(Q10:Q120) -> 4317 | R5: =(100/P5)*Q5 -> 21.930404 | S5: =SUM(S10:S120) -> 15368
C6: คงเหลือ | D6: =D4-D5 -> 1264755 | E6: =E4-E5 -> 316100 | F6: =F4-F5 -> 81600 | G6: =G4-G5 -> 1731550 | H6: =H4-H5 -> 551000 | I6: =I4-I5 -> 0 | J6: =J4-J5 -> 261725 | K6: =K4-K5 -> 126730 | ... P6: =P4-P5 -> 4544060
D8: ปวช. | E8: ปวส. | F8: ระยะสั้น | G8: อุดหนุน | H8: หนังสือ | I8: เครื่องแบบ | J8: กิจกรรม | K8: อุปกรณ์ | L8: เครื่องมือ | M8: โครงการ | N8: เงินรายได้ | O8: เงินรับฝาก | P8: รวม | Q8: ใช้ไปแล้ว | R8: ร้อยละ | S8: เหลือ
A9: 1. งบบุคลากร
A10: =Note!$B$2 -> 2565 | B10: 101 | C10: เงินเดือนพนักงานราชการ | D10: 1000 | P10: =SUM(D10:O10) -> 1000 | Q10: ='101'!$Q$6 -> 500 | R10: =(100/P10)*Q10 -> 50 | S10: =P10-Q10 -> 500
A11: =Note!$B$2 -> 2565 | B11: 102 | C11: สำรอง 1 | D11: 1000 | P11: =SUM(D11:O11) -> 1000 | Q11: ='102'!$Q$6 -> 250 | R11: =(100/P11)*Q11 -> 25 | S11: =P11-Q11 -> 750
A12: =Note!$B$2 -> 2565 | B12: 103 | C12: สำรอง 2 | D12: 1010 | P12: =SUM(D12:O12) -> 1010 | Q12: ='103'!$Q$6 -> 50 | R12: =(100/P12)*Q12 -> 4.950495 | S12: =P12-Q12 -> 960
A13: =Note!$B$2 -> 2565 | B13: 104 | C13: สำรอง 3 | D13: 1000 | P13: =SUM(D13:O13) -> 1000 | Q13: ='104'!$Q$6 -> 150 | R13: =(100/P13)*Q13 -> 15 | S13: =P13-Q13 -> 850
A14: =Note!$B$2 -> 2565 | B14: 105 | C14: สำรอง 4 | D14: 1000 | P14: =SUM(D14:O14) -> 1000 | Q14: ='105'!$Q$6 -> 120 | R14: =(100/P14)*Q14 -> 12 | S14: =P14-Q14 -> 880
A15: 2. งบดำเนินงาน (ค่าตอบแทน)
A16: =Note!$B$2 -> 2565 | B16: 201 | C16: ค่าตอบแทนพิเศษพนักงานราชการ | D16: 110 | P16: =SUM(D16:O16) -> 110 | Q16: ='201'!$Q$6 -> 35 | R16: =(100/P16)*Q16 -> 31.818182 | S16: =P16-Q16 -> 75
A17: =Note!$B$2 -> 2565 | B17: 202 | C17: ค่าสอนเกินภาระงาน | D17: 120 | P17: =SUM(D17:O17) -> 120 | Q17: ='202'!$Q$6 -> 40 | R17: =(100/P17)*Q17 -> 33.333333 | S17: =P17-Q17 -> 80
A18: =Note!$B$2 -> 2565 | B18: 203 | C18: ค่าธุรการนอกเวลา | D18: 130 | P18: =SUM(D18:O18) -> 130 | Q18: ='203'!$Q$6 -> 32 | R18: =(100/P18)*Q18 -> 24.615385 | S18: =P18-Q18 -> 98
A19: =Note!$B$2 -> 2565 | B19: 204 | C19: ค่าสอนภาคฤดูร้อน | D19: 140 | P19: =SUM(D19:O19) -> 140 | Q19: ='204'!$Q$6 -> 33 | R19: =(100/P19)*Q19 -> 23.571429 | S19: =P19-Q19 -> 107
A20: =Note!$B$2 -> 2565 | B20: 205 | C20: ค่าสอนเทียบโอน | D20: 150 | P20: =SUM(D20:O20) -> 150 | Q20: ='205'!$Q$6 -> 32 | R20: =(100/P20)*Q20 -> 21.333333 | S20: =P20-Q20 -> 118
A21: =Note!$B$2 -> 2565 | B21: 206 | C21: ค่าจ้างครูรายเดือน | D21: 160 | P21: =SUM(D21:O21) -> 160 | Q21: ='206'!$Q$6 -> 30 | R21: =(100/P21)*Q21 -> 18.75 | S21: =P21-Q21 -> 130
A22: =Note!$B$2 -> 2565 | B22: 207 | C22: ค่าจ้างเจ้าหน้าที่รายเดือน | D22: 170 | P22: =SUM(D22:O22) -> 170 | Q22: ='207'!$Q$6 -> 70 | R22: =(100/P22)*Q22 -> 41.176471 | S22: =P22-Q22 -> 100
A23: =Note!$B$2 -> 2565 | B23: 208 | C23: ค่าครองชีพครูรายเดือน | D23: 180 | P23: =SUM(D23:O23) -> 180 | Q23: ='208'!$Q$6 -> 80 | R23: =(100/P23)*Q23 -> 44.444444 | S23: =P23-Q23 -> 100
A24: =Note!$B$2 -> 2565 | B24: 209 | C24: ค่าครองชีพเจ้าหน้าที่รายเดือน | D24: 190 | P24: =SUM(D24:O24) -> 190 | Q24: ='209'!$Q$6 -> 90 | R24: =(100/P24)*Q24 -> 47.368421 | S24: =P24-Q24 -> 100
A25: =Note!$B$2 -> 2565 | B25: 210 | C25: สำรอง 1 | D25: 200 | P25: =SUM(D25:O25) -> 200 | Q25: ='210'!$Q$6 -> 50 | R25: =(100/P25)*Q25 -> 25 | S25: =P25-Q25 -> 150
A26: =Note!$B$2 -> 2565 | B26: 211 | C26: สำรอง 2 | D26: 210 | P26: =SUM(D26:O26) -> 210 | Q26: ='211'!$Q$6 -> 10 | R26: =(100/P26)*Q26 -> 4.7619048 | S26: =P26-Q26 -> 200
A27: =Note!$B$2 -> 2565 | B27: 212 | C27: สำรอง 3 | D27: 220 | P27: =SUM(D27:O27) -> 220 | Q27: ='212'!$Q$6 -> 20 | R27: =(100/P27)*Q27 -> 9.0909091 | S27: =P27-Q27 -> 200
A28: =Note!$B$2 -> 2565 | B28: 213 | C28: สำรอง 4 | D28: 230 | P28: =SUM(D28:O28) -> 230 | Q28: ='213'!$Q$6 -> 30 | R28: =(100/P28)*Q28 -> 13.043478 | S28: =P28-Q28 -> 200
A29: =Note!$B$2 -> 2565 | B29: 214 | C29: สำรอง 5 | D29: 240 | P29: =SUM(D29:O29) -> 240 | Q29: ='214'!$Q$6 -> 40 | R29: =(100/P29)*Q29 -> 16.666667 | S29: =P29-Q29 -> 200
A30: 3. งบดำเนินงาน (ค่าใช้สอย)
A31: =Note!$B$2 -> 2565 | B31: 301 | C31: ค่าจ้างซ่อมครุภัณฑ์การศึกษาและสำนักงาน | D31: 110 | P31: =SUM(D31:O31) -> 110 | Q31: ='301'!$Q$6 -> 10 | R31: =(100/P31)*Q31 -> 9.0909091 | S31: =P31-Q31 -> 100
A32: =Note!$B$2 -> 2565 | B32: 302 | C32: ค่าซ่อมยานพาหนะ | D32: 120 | P32: =SUM(D32:O32) -> 120 | Q32: ='302'!$Q$6 -> 20 | R32: =(100/P32)*Q32 -> 16.666667 | S32: =P32-Q32 -> 100
A33: =Note!$B$2 -> 2565 | B33: 303 | C33: ค่าจ้างติดตั้ง ซ่อมแซมระบบสาธารณูปโภค | D33: 130 | P33: =SUM(D33:O33) -> 130 | Q33: ='303'!$Q$6 -> 30 | R33: =(100/P33)*Q33 -> 23.076923 | S33: =P33-Q33 -> 100
A34: =Note!$B$2 -> 2565 | B34: 304 | C34: ค่าจ้างซ่อมอาคารสถานที่/พัฒนาสิ่งแวดล้อม | D34: 140 | P34: =SUM(D34:O34) -> 140 | Q34: ='304'!$Q$6 -> 40 | R34: =(100/P34)*Q34 -> 28.571429 | S34: =P34-Q34 -> 100
A35: =Note!$B$2 -> 2565 | B35: 305 | C35: ค่าเบี้ยเลี้ยง พาหนะเดิอนทาง และที่พัก | D35: 150 | P35: =SUM(D35:O35) -> 150 | Q35: ='305'!$Q$6 -> 50 | R35: =(100/P35)*Q35 -> 33.333333 | S35: =P35-Q35 -> 100
A36: =Note!$B$2 -> 2565 | B36: 306 | C36: ค่าสมทบประกันสังคม(พนักงานราชการ) | D36: 160 | P36: =SUM(D36:O36) -> 160 | Q36: ='306'!$Q$6 -> 60 | R36: =(100/P36)*Q36 -> 37.5 | S36: =P36-Q36 -> 100
A37: =Note!$B$2 -> 2565 | B37: 307 | C37: ค่าสมทบประกันสังคม(ครูรายเดือน) | D37: 170 | P37: =SUM(D37:O37) -> 170 | Q37: ='307'!$Q$6 -> 70 | R37: =(100/P37)*Q37 -> 41.176471 | S37: =P37-Q37 -> 100
A38: =Note!$B$2 -> 2565 | B38: 308 | C38: ค่าสมทบประกันสังคม(เจ้าหน้าที่รายเดือน) | D38: 180 | P38: =SUM(D38:O38) -> 180 | Q38: ='308'!$Q$6 -> 80 | R38: =(100/P38)*Q38 -> 44.444444 | S38: =P38-Q38 -> 100
A39: =Note!$B$2 -> 2565 | B39: 309 | C39: ค่าใช้สอยอื่นๆ(ไม่เกิน50,000/ครั้ง/รายการ) | D39: 190 | P39: =SUM(D39:O39) -> 190 | Q39: ='309'!$Q$6 -> 90 | R39: =(100/P39)*Q39 -> 47.368421 | S39: =P39-Q39 -> 100
A40: =Note!$B$2 -> 2565 | B40: 310 | C40: สำรอง 1 | D40: 200 | P40: =SUM(D40:O40) -> 200 | Q40: ='310'!$Q$6 -> 50 | R40: =(100/P40)*Q40 -> 25 | S40: =P40-Q40 -> 150
A41: =Note!$B$2 -> 2565 | B41: 311 | C41: สำรอง 2 | D41: 210 | P41: =SUM(D41:O41) -> 210 | Q41: ='311'!$Q$6 -> 10 | R41: =(100/P41)*Q41 -> 4.7619048 | S41: =P41-Q41 -> 200
A42: =Note!$B$2 -> 2565 | B42: 312 | C42: สำรอง 3 | D42: 220 | P42: =SUM(D42:O42) -> 220 | Q42: ='312'!$Q$6 -> 20 | R42: =(100/P42)*Q42 -> 9.0909091 | S42: =P42-Q42 -> 200
A43: =Note!$B$2 -> 2565 | B43: 313 | C43: สำรอง 4 | D43: 230 | P43: =SUM(D43:O43) -> 230 | Q43: ='313'!$Q$6 -> 30 | R43: =(100/P43)*Q43 -> 13.043478 | S43: =P43-Q43 -> 200
A44: =Note!$B$2 -> 2565 | B44: 314 | C44: สำรอง 5 | D44: 240 | P44: =SUM(D44:O44) -> 240 | Q44: ='314'!$Q$6 -> 40 | R44: =(100/P44)*Q44 -> 16.666667 | S44: =P44-Q44 -> 200
A45: 4. งบดำเนินงาน (ค่าวัสดุ)
A46: =Note!$B$2 -> 2565 | B46: 401 | C46: แผนกวิชาช่างก่อสร้าง | D46: 110 | P46: =SUM(D46:O46) -> 110 | Q46: ='401'!$Q$6 -> 10 | R46: =(100/P46)*Q46 -> 9.0909091 | S46: =P46-Q46 -> 100
A47: =Note!$B$2 -> 2565 | B47: 402 | C47: แผนกวิชาช่างยนต์ | D47: 120 | P47: =SUM(D47:O47) -> 120 | Q47: ='402'!$Q$6 -> 20 | R47: =(100/P47)*Q47 -> 16.666667 | S47: =P47-Q47 -> 100
A48: =Note!$B$2 -> 2565 | B48: 403 | C48: แผนกวิชาช่างไฟฟ้ากำลัง | D48: 130 | P48: =SUM(D48:O48) -> 130 | Q48: ='403'!$Q$6 -> 30 | R48: =(100/P48)*Q48 -> 23.076923 | S48: =P48-Q48 -> 100
A49: =Note!$B$2 -> 2565 | B49: 404 | C49: แผนกวิชาช่างอิเล็กทรอนิกส์ | D49: 140 | P49: =SUM(D49:O49) -> 140 | Q49: ='404'!$Q$6 -> 40 | R49: =(100/P49)*Q49 -> 28.571429 | S49: =P49-Q49 -> 100
A50: =Note!$B$2 -> 2565 | B50: 405 | C50: แผนกวิชาการบัญชี | D50: 150 | P50: =SUM(D50:O50) -> 150 | Q50: ='405'!$Q$6 -> 50 | R50: =(100/P50)*Q50 -> 33.333333 | S50: =P50-Q50 -> 100
A51: =Note!$B$2 -> 2565 | B51: 406 | C51: แผนกวิชาคอมพิวเตอร์ธุรกิจ | D51: 160 | P51: =SUM(D51:O51) -> 160 | Q51: ='406'!$Q$6 -> 60 | R51: =(100/P51)*Q51 -> 37.5 | S51: =P51-Q51 -> 100
A52: =Note!$B$2 -> 2565 | B52: 407 | C52: แผนกวิชาเทคนิคพื้นฐาน | D52: 170 | P52: =SUM(D52:O52) -> 170 | Q52: ='407'!$Q$6 -> 70 | R52: =(100/P52)*Q52 -> 41.176471 | S52: =P52-Q52 -> 100
A53: =Note!$B$2 -> 2565 | B53: 408 | C53: แผนกวิชาสามัญสัมพันธ์ | D53: 180 | P53: =SUM(D53:O53) -> 180 | Q53: ='408'!$Q$6 -> 80 | R53: =(100/P53)*Q53 -> 44.444444 | S53: =P53-Q53 -> 100
A54: =Note!$B$2 -> 2565 | B54: 409 | C54: ฝ่ายวิชาการ | D54: 190 | P54: =SUM(D54:O54) -> 190 | Q54: ='409'!$Q$6 -> 90 | R54: =(100/P54)*Q54 -> 47.368421 | S54: =P54-Q54 -> 100
A55: =Note!$B$2 -> 2565 | B55: 410 | C55: ฝ่ายพัฒนากิจการนักเรียนนักศึกษา | D55: 200 | P55: =SUM(D55:O55) -> 200 | Q55: ='410'!$Q$6 -> 100 | R55: =(100/P55)*Q55 -> 50 | S55: =P55-Q55 -> 100
A56: =Note!$B$2 -> 2565 | B56: 411 | C56: ฝ่ายแผนงานและความร่วมมือ | D56: 210 | P56: =SUM(D56:O56) -> 210 | Q56: ='411'!$Q$6 -> 10 | R56: =(100/P56)*Q56 -> 4.7619048 | S56: =P56-Q56 -> 200
A57: =Note!$B$2 -> 2565 | B57: 412 | C57: ฝ่ายบริหารทรัพยากร | D57: 220 | P57: =SUM(D57:O57) -> 220 | Q57: ='412'!$Q$6 -> 20 | R57: =(100/P57)*Q57 -> 9.0909091 | S57: =P57-Q57 -> 200
A58: =Note!$B$2 -> 2565 | B58: 413 | C58: สำรอง 1 | D58: 230 | P58: =SUM(D58:O58) -> 230 | Q58: ='413'!$Q$6 -> 30 | R58: =(100/P58)*Q58 -> 13.043478 | S58: =P58-Q58 -> 200
A59: =Note!$B$2 -> 2565 | B59: 414 | C59: สำรอง 2 | D59: 240 | P59: =SUM(D59:O59) -> 240 | Q59: ='414'!$Q$6 -> 40 | R59: =(100/P59)*Q59 -> 16.666667 | S59: =P59-Q59 -> 200
A60: =Note!$B$2 -> 2565 | B60: 415 | C60: สำรอง 3 | D60: 250 | P60: =SUM(D60:O60) -> 250 | Q60: ='415'!$Q$6 -> 50 | R60: =(100/P60)*Q60 -> 20 | S60: =P60-Q60 -> 200
A61: =Note!$B$2 -> 2565 | B61: 416 | C61: สำรอง 4 | D61: 260 | P61: =SUM(D61:O61) -> 260 | Q61: ='416'!$Q$6 -> 60 | R61: =(100/P61)*Q61 -> 23.076923 | S61: =P61-Q61 -> 200
A62: =Note!$B$2 -> 2565 | B62: 417 | C62: สำรอง 5 (ผู้อำนวยการ) | D62: 270 | P62: =SUM(D62:O62) -> 270 | Q62: ='417'!$Q$6 -> 70 | R62: =(100/P62)*Q62 -> 25.925926 | S62: =P62-Q62 -> 200
A63: 5. งบดำเนินงาน (ค่าสาธารณูปโภค)
A64: =Note!$B$2 -> 2565 | B64: 501 | C64: ค่าไฟฟ้า | D64: 110 | P64: =SUM(D64:O64) -> 110 | Q64: ='501'!$Q$6 -> 10 | R64: =(100/P64)*Q64 -> 9.0909091 | S64: =P64-Q64 -> 100
A65: =Note!$B$2 -> 2565 | B65: 502 | C65: ค่าประปา | D65: 120 | P65: =SUM(D65:O65) -> 120 | Q65: ='502'!$Q$6 -> 20 | R65: =(100/P65)*Q65 -> 16.666667 | S65: =P65-Q65 -> 100
A66: =Note!$B$2 -> 2565 | B66: 503 | C66: ค่าโทรศัพท์ | D66: 130 | P66: =SUM(D66:O66) -> 130 | Q66: ='503'!$Q$6 -> 30 | R66: =(100/P66)*Q66 -> 23.076923 | S66: =P66-Q66 -> 100
A67: =Note!$B$2 -> 2565 | B67: 504 | C67: ค่าไปรษณีย์ | D67: 140 | P67: =SUM(D67:O67) -> 140 | Q67: ='504'!$Q$6 -> 40 | R67: =(100/P67)*Q67 -> 28.571429 | S67: =P67-Q67 -> 100
A68: =Note!$B$2 -> 2565 | B68: 505 | C68: ค่าอินเตอร์เนต | D68: 150 | P68: =SUM(D68:O68) -> 150 | Q68: ='505'!$Q$6 -> 50 | R68: =(100/P68)*Q68 -> 33.333333 | S68: =P68-Q68 -> 100
A69: =Note!$B$2 -> 2565 | B69: 506 | C69: สำรอง 1 | D69: 160 | P69: =SUM(D69:O69) -> 160 | Q69: ='506'!$Q$6 -> 60 | R69: =(100/P69)*Q69 -> 37.5 | S69: =P69-Q69 -> 100
A70: =Note!$B$2 -> 2565 | B70: 507 | C70: สำรอง 2 | D70: 170 | P70: =SUM(D70:O70) -> 170 | Q70: ='507'!$Q$6 -> 70 | R70: =(100/P70)*Q70 -> 41.176471 | S70: =P70-Q70 -> 100
A71: =Note!$B$2 -> 2565 | B71: 508 | C71: สำรอง 3 | D71: 180 | P71: =SUM(D71:O71) -> 180 | Q71: ='508'!$Q$6 -> 80 | R71: =(100/P71)*Q71 -> 44.444444 | S71: =P71-Q71 -> 100
A72: 6. งบดำเนินงาน (แผนงาน/โครงการ/กิจกรรม)
A73: =Note!$B$2 -> 2565 | B73: 601 | C73: โครงการด้านการพัฒนาผู้เรียน | D73: 110 | P73: =SUM(D73:O73) -> 110 | Q73: ='601'!$Q$6 -> 10 | R73: =(100/P73)*Q73 -> 9.0909091 | S73: =P73-Q73 -> 100
A74: =Note!$B$2 -> 2565 | B74: 602 | C74: โครงการด้านการพัฒนาครูและบุคลากร | D74: 115 | P74: =SUM(D74:O74) -> 115 | Q74: ='602'!$Q$6 -> 15 | R74: =(100/P74)*Q74 -> 13.043478 | S74: =P74-Q74 -> 100
A75: =Note!$B$2 -> 2565 | B75: 603 | C75: โครงการด้านการพัฒนาคุณภาพสถานศึกษา | D75: 120 | P75: =SUM(D75:O75) -> 120 | Q75: ='603'!$Q$6 -> 20 | R75: =(100/P75)*Q75 -> 16.666667 | S75: =P75-Q75 -> 100
A76: =Note!$B$2 -> 2565 | B76: 604 | C76: โครงการด้านการประกันคุณภาพภายใน | D76: 125 | P76: =SUM(D76:O76) -> 125 | Q76: ='604'!$Q$6 -> 25 | R76: =(100/P76)*Q76 -> 20 | S76: =P76-Q76 -> 100
A77: =Note!$B$2 -> 2565 | B77: 605 | C77: โครงการ อวท. | D77: 130 | P77: =SUM(D77:O77) -> 130 | Q77: ='605'!$Q$6 -> 30 | R77: =(100/P77)*Q77 -> 23.076923 | S77: =P77-Q77 -> 100
A78: =Note!$B$2 -> 2565 | B78: 606 | C78: สำรอง 1 | D78: 135 | P78: =SUM(D78:O78) -> 135 | Q78: ='606'!$Q$6 -> 35 | R78: =(100/P78)*Q78 -> 25.925926 | S78: =P78-Q78 -> 100
A79: =Note!$B$2 -> 2565 | B79: 607 | C79: สำรอง 2 | D79: 140 | P79: =SUM(D79:O79) -> 140 | Q79: ='607'!$Q$6 -> 40 | R79: =(100/P79)*Q79 -> 28.571429 | S79: =P79-Q79 -> 100
A80: =Note!$B$2 -> 2565 | B80: 608 | C80: สำรอง 3 | D80: 145 | P80: =SUM(D80:O80) -> 145 | Q80: ='608'!$Q$6 -> 45 | R80: =(100/P80)*Q80 -> 31.034483 | S80: =P80-Q80 -> 100
A81: =Note!$B$2 -> 2565 | B81: 609 | C81: สำรอง 4 | D81: 150 | P81: =SUM(D81:O81) -> 150 | Q81: ='609'!$Q$6 -> 50 | R81: =(100/P81)*Q81 -> 33.333333 | S81: =P81-Q81 -> 100
A82: =Note!$B$2 -> 2565 | B82: 610 | C82: สำรอง 5 | D82: 155 | P82: =SUM(D82:O82) -> 155 | Q82: ='610'!$Q$6 -> 55 | R82: =(100/P82)*Q82 -> 35.483871 | S82: =P82-Q82 -> 100
A83: 7. งบลงทุน (ที่ดิน สิ่งก่อสร้าง และครุภัณฑ์)
A84: =Note!$B$2 -> 2565 | B84: 701 | C84: สำรอง 1 | D84: 105 | P84: =SUM(D84:O84) -> 105 | Q84: ='701'!$Q$6 -> 5 | R84: =(100/P84)*Q84 -> 4.7619048 | S84: =P84-Q84 -> 100
A85: =Note!$B$2 -> 2565 | B85: 702 | C85: สำรอง 2 | D85: 110 | P85: =SUM(D85:O85) -> 110 | Q85: ='702'!$Q$6 -> 10 | R85: =(100/P85)*Q85 -> 9.0909091 | S85: =P85-Q85 -> 100
A86: =Note!$B$2 -> 2565 | B86: 703 | C86: สำรอง 3 | D86: 115 | P86: =SUM(D86:O86) -> 115 | Q86: ='703'!$Q$6 -> 15 | R86: =(100/P86)*Q86 -> 13.043478 | S86: =P86-Q86 -> 100
A87: =Note!$B$2 -> 2565 | B87: 704 | C87: สำรอง 4 | D87: 120 | P87: =SUM(D87:O87) -> 120 | Q87: ='704'!$Q$6 -> 20 | R87: =(100/P87)*Q87 -> 16.666667 | S87: =P87-Q87 -> 100
A88: =Note!$B$2 -> 2565 | B88: 705 | C88: สำรอง 5 | D88: 125 | P88: =SUM(D88:O88) -> 125 | Q88: ='705'!$Q$6 -> 25 | R88: =(100/P88)*Q88 -> 20 | S88: =P88-Q88 -> 100
A89: 8. งบอุดหนุน
A90: =Note!$B$2 -> 2565 | B90: 801 | C90: ค่าหนังสือเรียน | D90: 105 | P90: =SUM(D90:O90) -> 105 | Q90: ='801'!$Q$6 -> 5 | R90: =(100/P90)*Q90 -> 4.7619048 | S90: =P90-Q90 -> 100
A91: =Note!$B$2 -> 2565 | B91: 802 | C91: ค่าเครื่องแบบนักเรียน | D91: 110 | P91: =SUM(D91:O91) -> 110 | Q91: ='802'!$Q$6 -> 10 | R91: =(100/P91)*Q91 -> 9.0909091 | S91: =P91-Q91 -> 100
A92: =Note!$B$2 -> 2565 | B92: 803 | C92: ค่าอุปกรณ์การเรียน | D92: 115 | P92: =SUM(D92:O92) -> 115 | Q92: ='803'!$Q$6 -> 15 | R92: =(100/P92)*Q92 -> 13.043478 | S92: =P92-Q92 -> 100
A93: =Note!$B$2 -> 2565 | B93: 804 | C93: ค่ากิจกรรมพัฒนาคุณภาพผู้เรียน | D93: 120 | P93: =SUM(D93:O93) -> 120 | Q93: ='804'!$Q$6 -> 20 | R93: =(100/P93)*Q93 -> 16.666667 | S93: =P93-Q93 -> 100
A94: =Note!$B$2 -> 2565 | B94: 805 | C94: ค่าเครื่องมือประจำตัวผู้เรียน | D94: 125 | P94: =SUM(D94:O94) -> 125 | Q94: ='805'!$Q$6 -> 25 | R94: =(100/P94)*Q94 -> 20 | S94: =P94-Q94 -> 100
A95: =Note!$B$2 -> 2565 | B95: 806 | C95: สำรอง 1 | D95: 130 | P95: =SUM(D95:O95) -> 130 | Q95: ='806'!$Q$6 -> 30 | R95: =(100/P95)*Q95 -> 23.076923 | S95: =P95-Q95 -> 100
A96: =Note!$B$2 -> 2565 | B96: 807 | C96: สำรอง 2 | D96: 135 | P96: =SUM(D96:O96) -> 135 | Q96: ='807'!$Q$6 -> 35 | R96: =(100/P96)*Q96 -> 25.925926 | S96: =P96-Q96 -> 100
A97: =Note!$B$2 -> 2565 | B97: 808 | C97: สำรอง 3 | D97: 140 | P97: =SUM(D97:O97) -> 140 | Q97: ='808'!$Q$6 -> 40 | R97: =(100/P97)*Q97 -> 28.571429 | S97: =P97-Q97 -> 100
A98: =Note!$B$2 -> 2565 | B98: 809 | C98: สำรอง 4 | D98: 145 | P98: =SUM(D98:O98) -> 145 | Q98: ='809'!$Q$6 -> 25 | R98: =(100/P98)*Q98 -> 17.241379 | S98: =P98-Q98 -> 120
A99: =Note!$B$2 -> 2565 | B99: 810 | C99: สำรอง 5 | D99: 150 | P99: =SUM(D99:O99) -> 150 | Q99: ='810'!$Q$6 -> 50 | R99: =(100/P99)*Q99 -> 33.333333 | S99: =P99-Q99 -> 100
A100: 9. งบรายจ่ายอื่น (โครงการตามนโยบายต่างๆ)
A101: =Note!$B$2 -> 2565 | B101: 901 | C101: โครงการโรงเรียนตามรอยพระยุคลบาทฯ | D101: 101 | P101: =SUM(D101:O101) -> 101 | Q101: ='901'!$Q$6 -> 1 | R101: =(100/P101)*Q101 -> 0.99009901 | S101: =P101-Q101 -> 100
...

Sheet 101
A1: กลับไปที่หน้าจัดสรร งปม.
E2: =Note!$B$1 -> วิทยาลัยการอาชีพแม่สะเรียง
E3: เงินงบประมาณ | H3: เงินอุดหนุน | N3: งบรายจ่ายอื่น | O3: เงิน บกศ. | Q3: รวม
E4: ปวช. | F4: ปวส. | G4: ระยะสั้น | H4: อุดหนุน | I4: หนังสือ | J4: เครื่องแบบ | K4: กิจกรรม | L4: อุปกรณ์ | M4: เครื่องมือ | N4: โครงการ | O4: เงินรายได้ | P4: เงินรับฝาก
D5: ได้รับมา | E5: ='จัดสรร งปม.'!D10 -> 1000 | F5: ='จัดสรร งปม.'!E10 -> 0 | G5: ='จัดสรร งปม.'!F10 -> 0 | H5: ='จัดสรร งปม.'!G10 -> 0 | I5: ='จัดสรร งปม.'!H10 -> 0 | J5: ='จัดสรร งปม.'!I10 -> 0 | K5: ='จัดสรร งปม.'!J10 -> 0 | L5: ='จัดสรร งปม.'!K10 -> 0 | ... Q5: ='จัดสรร งปม.'!P10 -> 1000
D6: ใช้ไปแล้ว | E6: =SUM(E11:E45) -> 500 | F6: =SUM(F11:F45) -> 0 | G6: =SUM(G11:G45) -> 0 | H6: =SUM(H11:H45) -> 0 | I6: =SUM(I11:I45) -> 0 | J6: =SUM(J11:J45) -> 0 | K6: =SUM(K11:K45) -> 0 | L6: =SUM(L11:L45) -> 0 | ... Q6: =SUM(Q11:Q45) -> 500
B7: งบบุคลากร | D7: เหลือ | E7: =E5-E6 -> 500 | F7: =F5-F6 -> 0 | G7: =G5-G6 -> 0 | H7: =H5-H6 -> 0 | I7: =I5-I6 -> 0 | J7: =J5-J6 -> 0 | K7: =K5-K6 -> 0 | L7: =L5-L6 -> 0 | ... Q7: =Q5-Q6 -> 500
B8: รหัสรายการจ่าย | C8: ='จัดสรร งปม.'!$B$10 -> 101
B9: รายการจ่าย | C9: ='จัดสรร งปม.'!$C$10 -> เงินเดือนพนักงานราชการ
A10: รหัส | B10: วันที่ | C10: ชื่อผู้ขอใช้ | D10: แผนก/งาน | E10: ปวช. | F10: ปวส. | G10: ระยะสั้น | H10: อุดหนุน | I10: หนังสือ | J10: เครื่องแบบ | K10: กิจกรรม | L10: อุปกรณ์ | M10: เครื่องมือ | N10: โครงการ | O10: เงินรายได้ | P10: เงินรับฝาก | Q10: รวม
A11: 001 | B11: 1 ตุลาคม 2565 | E11: 500 | Q11: =SUM(E11:P11) -> 500
A12: 002 | Q12: =SUM(E12:P12) -> 0
A13: 003 | Q13: =SUM(E13:P13) -> 0
A14: 004 | Q14: =SUM(E14:P14) -> 0
A15: 005 | Q15: =SUM(E15:P15) -> 0
A16: 006 | Q16: =SUM(E16:P16) -> 0
A17: 007 | Q17: =SUM(E17:P17) -> 0
A18: 008 | Q18: =SUM(E18:P18) -> 0
A19: 009 | Q19: =SUM(E19:P19) -> 0
A20: 010 | Q20: =SUM(E20:P20) -> 0
A21: 011 | Q21: =SUM(E21:P21) -> 0
A22: 012 | Q22: =SUM(E22:P22) -> 0
A23: 013 | Q23: =SUM(E23:P23) -> 0
... A45: 035 | Q45: =SUM(E45:P45) -> 0

Sheet 102
A1: กลับไปที่หน้าจัดสรร งปม.
E2: =Note!$B$1 -> วิทยาลัยการอาชีพแม่สะเรียง
E3: เงินงบประมาณ | H3: เงินอุดหนุน | N3: งบรายจ่ายอื่น | O3: เงิน บกศ. | Q3: รวม
E4: ปวช. | F4: ปวส. | G4: ระยะสั้น | H4: อุดหนุน | I4: หนังสือ | J4: เครื่องแบบ | K4: กิจกรรม | L4: อุปกรณ์ | M4: เครื่องมือ | N4: โครงการ | O4: เงินรายได้ | P4: เงินรับฝาก
D5: ได้รับมา | E5: ='จัดสรร งปม.'!D11 -> 1000 | F5: ='จัดสรร งปม.'!E11 -> 0 | G5: ='จัดสรร งปม.'!F11 -> 0 | H5: ='จัดสรร งปม.'!G11 -> 0 | I5: ='จัดสรร งปม.'!H11 -> 0 | J5: ='จัดสรร งปม.'!I11 -> 0 | K5: ='จัดสรร งปม.'!J11 -> 0 | L5: ='จัดสรร งปม.'!K11 -> 0 | ... Q5: ='จัดสรร งปม.'!P11 -> 1000
D6: ใช้ไปแล้ว | E6: =SUM(E11:E45) -> 250 | F6: =SUM(F11:F45) -> 0 | G6: =SUM(G11:G45) -> 0 | H6: =SUM(H11:H45) -> 0 | I6: =SUM(I11:I45) -> 0 | J6: =SUM(J11:J45) -> 0 | K6: =SUM(K11:K45) -> 0 | L6: =SUM(L11:L45) -> 0 | ... Q6: =SUM(Q11:Q45) -> 250
B7: งบบุคลากร | D7: เหลือ | E7: =E5-E6 -> 750 | F7: =F5-F6 -> 0 | G7: =G5-G6 -> 0 | H7: =H5-H6 -> 0 | I7: =I5-I6 -> 0 | J7: =J5-J6 -> 0 | K7: =K5-K6 -> 0 | L7: =L5-L6 -> 0 | ... Q7: =Q5-Q6 -> 750
B8: รหัสรายการจ่าย | C8: ='จัดสรร งปม.'!$B$11 -> 102
B9: รายการจ่าย | C9: ='จัดสรร งปม.'!$C$11 -> สำรอง 1
A10: รหัส | B10: วันที่ | C10: ชื่อผู้ขอใช้ | D10: แผนก/งาน | E10: ปวช. | F10: ปวส. | G10: ระยะสั้น | H10: อุดหนุน | I10: หนังสือ | J10: เครื่องแบบ | K10: กิจกรรม | L10: อุปกรณ์ | M10: เครื่องมือ | N10: โครงการ | O10: เงินรายได้ | P10: เงินรับฝาก | Q10: รวม
A11: 001 | E11: 250 | Q11: =SUM(E11:P11) -> 250
A12: 002 | Q12: =SUM(E12:P12) -> 0
A13: 003 | Q13: =SUM(E13:P13) -> 0
A14: 004 | Q14: =SUM(E14:P14) -> 0
A15: 005 | Q15: =SUM(E15:P15) -> 0
A16: 006 | Q16: =SUM(E16:P16) -> 0
A17: 007 | Q17: =SUM(E17:P17) -> 0
A18: 008 | Q18: =SUM(E18:P18) -> 0
A19: 009 | Q19: =SUM(E19:P19) -> 0
A20: 010 | Q20: =SUM(E20:P20) -> 0
A21: 011 | Q21: =SUM(E21:P21) -> 0
A22: 012 | Q22: =SUM(E22:P22) -> 0
A23: 013 | Q23: =SUM(E23:P23) -> 0
... A45: 035 | Q45: =SUM(E45:P45) -> 0

Sheet 103
A1: กลับไปที่หน้าจัดสรร งปม.
E2: =Note!$B$1 -> วิทยาลัยการอาชีพแม่สะเรียง
E3: เงินงบประมาณ | H3: เงินอุดหนุน | N3: งบรายจ่ายอื่น | O3: เงิน บกศ. | Q3: รวม
E4: ปวช. | F4: ปวส. | G4: ระยะสั้น | H4: อุดหนุน | I4: หนังสือ | J4: เครื่องแบบ | K4: กิจกรรม | L4: อุปกรณ์ | M4: เครื่องมือ | N4: โครงการ | O4: เงินรายได้ | P4: เงินรับฝาก
D5: ได้รับมา | E5: ='จัดสรร งปม.'!D12 -> 1010 | F5: ='จัดสรร งปม.'!E12 -> 0 | G5: ='จัดสรร งปม.'!F12 -> 0 | H5: ='จัดสรร งปม.'!G12 -> 0 | I5: ='จัดสรร งปม.'!H12 -> 0 | J5: ='จัดสรร งปม.'!I12 -> 0 | K5: ='จัดสรร งปม.'!J12 -> 0 | L5: ='จัดสรร งปม.'!K12 -> 0 | ... Q5: ='จัดสรร งปม.'!P12 -> 1010
D6: ใช้ไปแล้ว | E6: =SUM(E11:E45) -> 50 | F6: =SUM(F11:F45) -> 0 | G6: =SUM(G11:G45) -> 0 | H6: =SUM(H11:H45) -> 0 | I6: =SUM(I11:I45) -> 0 | J6: =SUM(J11:J45) -> 0 | K6: =SUM(K11:K45) -> 0 | L6: =SUM(L11:L45) -> 0 | ... Q6: =SUM(Q11:Q45) -> 50
B7: งบบุคลากร | D7: เหลือ | E7: =E5-E6 -> 960 | F7: =F5-F6 -> 0 | G7: =G5-G6 -> 0 | H7: =H5-H6 -> 0 | I7: =I5-I6 -> 0 | J7: =J5-J6 -> 0 | K7: =K5-K6 -> 0 | L7: =L5-L6 -> 0 | ... Q7: =Q5-Q6 -> 960
B8: รหัสรายการจ่าย | C8: ='จัดสรร งปม.'!$B$12 -> 103
B9: รายการจ่าย | C9: ='จัดสรร งปม.'!$C$12 -> สำรอง 2
A10: รหัส | B10: วันที่ | C10: ชื่อผู้ขอใช้ | D10: แผนก/งาน | E10: ปวช. | F10: ปวส. | G10: ระยะสั้น | H10: อุดหนุน | I10: หนังสือ | J10: เครื่องแบบ | K10: กิจกรรม | L10: อุปกรณ์ | M10: เครื่องมือ | N10: โครงการ | O10: เงินรายได้ | P10: เงินรับฝาก | Q10: รวม
A11: 001 | E11: 50 | Q11: =SUM(E11:P11) -> 50
A12: 002 | Q12: =SUM(E12:P12) -> 0
A13: 003 | Q13: =SUM(E13:P13) -> 0
A14: 004 | Q14: =SUM(E14:P14) -> 0
A15: 005 | Q15: =SUM(E15:P15) -> 0
A16: 006 | Q16: =SUM(E16:P16) -> 0
A17: 007 | Q17: =SUM(E17:P17) -> 0
A18: 008 | Q18: =SUM(E18:P18) -> 0
A19: 009 | Q19: =SUM(E19:P19) -> 0
A20: 010 | Q20: =SUM(E20:P20) -> 0
A21: 011 | Q21: =SUM(E21:P21) -> 0
A22: 012 | Q22: =SUM(E22:P22) -> 0
A23: 013 | Q23: =SUM(E23:P23) -> 0
... A45: 035 | Q45: =SUM(E45:P45) -> 0

Sheet 104
A1: กลับไปที่หน้าจัดสรร งปม.
E2: =Note!$B$1 -> วิทยาลัยการอาชีพแม่สะเรียง
E3: เงินงบประมาณ | H3: เงินอุดหนุน | N3: งบรายจ่ายอื่น | O3: เงิน บกศ. | Q3: รวม
E4: ปวช. | F4: ปวส. | G4: ระยะสั้น | H4: อุดหนุน | I4: หนังสือ | J4: เครื่องแบบ | K4: กิจกรรม | L4: อุปกรณ์ | M4: เครื่องมือ | N4: โครงการ | O4: เงินรายได้ | P4: เงินรับฝาก
D5: ได้รับมา | E5: ='จัดสรร งปม.'!D13 -> 1000 | F5: ='จัดสรร งปม.'!E13 -> 0 | G5: ='จัดสรร งปม.'!F13 -> 0 | H5: ='จัดสรร งปม.'!G13 -> 0 | I5: ='จัดสรร งปม.'!H13 -> 0 | J5: ='จัดสรร งปม.'!I13 -> 0 | K5: ='จัดสรร งปม.'!J13 -> 0 | L5: ='จัดสรร งปม.'!K13 -> 0 | ... Q5: ='จัดสรร งปม.'!P13 -> 1000
D6: ใช้ไปแล้ว | E6: =SUM(E11:E45) -> 150 | F6: =SUM(F11:F45) -> 0 | G6: =SUM(G11:G45) -> 0 | H6: =SUM(H11:H45) -> 0 | I6: =SUM(I11:I45) -> 0 | J6: =SUM(J11:J45) -> 0 | K6: =SUM(K11:K45) -> 0 | L6: =SUM(L11:L45) -> 0 | ... Q6: =SUM(Q11:Q45) -> 150
B7: งบบุคลากร | D7: เหลือ | E7: =E5-E6 -> 850 | F7: =F5-F6 -> 0 | G7: =G5-G6 -> 0 | H7: =H5-H6 -> 0 | I7: =I5-I6 -> 0 | J7: =J5-J6 -> 0 | K7: =K5-K6 -> 0 | L7: =L5-L6 -> 0 | ... Q7: =Q5-Q6 -> 850
B8: รหัสรายการจ่าย | C8: ='จัดสรร งปม.'!$B$13 -> 104
B9: รายการจ่าย | C9: ='จัดสรร งปม.'!$C$13 -> สำรอง 3
A10: รหัส | B10: วันที่ | C10: ชื่อผู้ขอใช้ | D10: แผนก/งาน | E10: ปวช. | F10: ปวส. | G10: ระยะสั้น | H10: อุดหนุน | I10: หนังสือ | J10: เครื่องแบบ | K10: กิจกรรม | L10: อุปกรณ์ | M10: เครื่องมือ | N10: โครงการ | O10: เงินรายได้ | P10: เงินรับฝาก | Q10: รวม
A11: 001 | E11: 150 | Q11: =SUM(E11:P11) -> 150
A12: 002 | Q12: =SUM(E12:P12) -> 0
A13: 003 | Q13: =SUM(E13:P13) -> 0
A14: 004 | Q14: =SUM(E14:P14) -> 0
A15: 005 | Q15: =SUM(E15:P15) -> 0
A16: 006 | Q16: =SUM(E16:P16) -> 0
A17: 007 | Q17: =SUM(E17:P17) -> 0
A18: 008 | Q18: =SUM(E18:P18) -> 0
A19: 009 | Q19: =SUM(E19:P19) -> 0
A20: 010 | Q20: =SUM(E20:P20) -> 0
A21: 011 | Q21: =SUM(E21:P21) -> 0
A22: 012 | Q22: =SUM(E22:P22) -> 0
A23: 013 | Q23: =SUM(E23:P23) -> 0
... A45: 035 | Q45: =SUM(E45:P45) -> 0

Sheet 105
A1: กลับไปที่หน้าจัดสรร งปม.
E2: =Note!$B$1 -> วิทยาลัยการอาชีพแม่สะเรียง
E3: เงินงบประมาณ | H3: เงินอุดหนุน | N3: งบรายจ่ายอื่น | O3: เงิน บกศ. | Q3: รวม
E4: ปวช. | F4: ปวส. | G4: ระยะสั้น | H4: อุดหนุน | I4: หนังสือ | J4: เครื่องแบบ | K4: กิจกรรม | L4: อุปกรณ์ | M4: เครื่องมือ | N4: โครงการ | O4: เงินรายได้ | P4: เงินรับฝาก
D5: ได้รับมา | E5: ='จัดสรร งปม.'!D14 -> 1000 | F5: ='จัดสรร งปม.'!E14 -> 0 | G5: ='จัดสรร งปม.'!F14 -> 0 | H5: ='จัดสรร งปม.'!G14 -> 0 | I5: ='จัดสรร งปม.'!H14 -> 0 | J5: ='จัดสรร งปม.'!I14 -> 0 | K5: ='จัดสรร งปม.'!J14 -> 0 | L5: ='จัดสรร งปม.'!K14 -> 0 | ... Q5: ='จัดสรร งปม.'!P14 -> 1000
D6: ใช้ไปแล้ว | E6: =SUM(E11:E45) -> 120 | F6: =SUM(F11:F45) -> 0 | G6: =SUM(G11:G45) -> 0 | H6: =SUM(H11:H45) -> 0 | I6: =SUM(I11:I45) -> 0 | J6: =SUM(J11:J45) -> 0 | K6: =SUM(K11:K45) -> 0 | L6: =SUM(L11:L45) -> 0 | ... Q6: =SUM(Q11:Q45) -> 120
B7: งบบุคลากร | D7: เหลือ | E7: =E5-E6 -> 880 | F7: =F5-F6 -> 0 | G7: =G5-G6 -> 0 | H7: =H5-H6 -> 0 | I7: =I5-I6 -> 0 | J7: =J5-J6 -> 0 | K7: =K5-K6 -> 0 | L7: =L5-L6 -> 0 | ... Q7: =Q5-Q6 -> 880
B8: รหัสรายการจ่าย | C8: ='จัดสรร งปม.'!$B$14 -> 105
B9: รายการจ่าย | C9: ='จัดสรร งปม.'!$C$14 -> สำรอง 4
A10: รหัส | B10: วันที่ | C10: ชื่อผู้ขอใช้ | D10: แผนก/งาน | E10: ปวช. | F10: ปวส. | G10: ระยะสั้น | H10: อุดหนุน | I10: หนังสือ | J10: เครื่องแบบ | K10: กิจกรรม | L10: อุปกรณ์ | M10: เครื่องมือ | N10: โครงการ | O10: เงินรายได้ | P10: เงินรับฝาก | Q10: รวม
A11: 001 | E11: 120 | Q11: =SUM(E11:P11) -> 120
A12: 002 | Q12: =SUM(E12:P12) -> 0
A13: 003 | Q13: =SUM(E13:P13) -> 0
A14: 004 | Q14: =SUM(E14:P14) -> 0
A15: 005 | Q15: =SUM(E15:P15) -> 0
A16: 006 | Q16: =SUM(E16:P16) -> 0
A17: 007 | Q17: =SUM(E17:P17) -> 0
A18: 008 | Q18: =SUM(E18:P18) -> 0
A19: 009 | Q19: =SUM(E19:P19) -> 0
A20: 010 | Q20: =SUM(E20:P20) -> 0
A21: 011 | Q21: =SUM(E21:P21) -> 0
A22: 012 | Q22: =SUM(E22:P22) -> 0
A23: 013 | Q23: =SUM(E23:P23) -> 0
... A45: 035 | Q45: =SUM(E45:P45) -> 0

Sheet 201
A1: กลับไปที่หน้าจัดสรร งปม.
E2: =Note!$B$1 -> วิทยาลัยการอาชีพแม่สะเรียง
E3: เงินงบประมาณ | H3: เงินอุดหนุน | N3: งบรายจ่ายอื่น | O3: เงิน บกศ. | Q3: รวม
E4: ปวช. | F4: ปวส. | G4: ระยะสั้น | H4: อุดหนุน | I4: หนังสือ | J4: เครื่องแบบ | K4: กิจกรรม | L4: อุปกรณ์ | M4: เครื่องมือ | N4: โครงการ | O4: เงินรายได้ | P4: เงินรับฝาก
D5: ได้รับมา | E5: ='จัดสรร งปม.'!D16 -> 110 | F5: ='จัดสรร งปม.'!E16 -> 0 | G5: ='จัดสรร งปม.'!F16 -> 0 | H5: ='จัดสรร งปม.'!G16 -> 0 | I5: ='จัดสรร งปม.'!H16 -> 0 | J5: ='จัดสรร งปม.'!I16 -> 0 | K5: ='จัดสรร งปม.'!J16 -> 0 | L5: ='จัดสรร งปม.'!K16 -> 0 | ... Q5: ='จัดสรร งปม.'!P16 -> 110
D6: ใช้ไปแล้ว | E6: =SUM(E11:E45) -> 35 | F6: =SUM(F11:F45) -> 0 | G6: =SUM(G11:G45) -> 0 | H6: =SUM(H11:H45) -> 0 | I6: =SUM(I11:I45) -> 0 | J6: =SUM(J11:J45) -> 0 | K6: =SUM(K11:K45) -> 0 | L6: =SUM(L11:L45) -> 0 | ... Q6: =SUM(Q11:Q45) -> 35
B7: งบดำเนินงาน (ค่าตอบแทน) | D7: เหลือ | E7: =E5-E6 -> 75 | F7: =F5-F6 -> 0 | G7: =G5-G6 -> 0 | H7: =H5-H6 -> 0 | I7: =I5-I6 -> 0 | J7: =J5-J6 -> 0 | K7: =K5-K6 -> 0 | L7: =L5-L6 -> 0 | ... Q7: =Q5-Q6 -> 75
B8: รหัสรายการจ่าย | C8: ='จัดสรร งปม.'!$B$16 -> 201
B9: รายการจ่าย | C9: ='จัดสรร งปม.'!$C$16 -> ค่าตอบแทนพิเศษพนักงานราชการ
A10: รหัส | B10: วันที่ | C10: ชื่อผู้ขอใช้ | D10: แผนก/งาน | E10: ปวช. | F10: ปวส. | G10: ระยะสั้น | H10: อุดหนุน | I10: หนังสือ | J10: เครื่องแบบ | K10: กิจกรรม | L10: อุปกรณ์ | M10: เครื่องมือ | N10: โครงการ | O10: เงินรายได้ | P10: เงินรับฝาก | Q10: รวม
A11: 001 | E11: 35 | Q11: =SUM(E11:P11) -> 35
A12: 002 | Q12: =SUM(E12:P12) -> 0
A13: 003 | Q13: =SUM(E13:P13) -> 0
A14: 004 | Q14: =SUM(E14:P14) -> 0
A15: 005 | Q15: =SUM(E15:P15) -> 0
A16: 006 | Q16: =SUM(E16:P16) -> 0
A17: 007 | Q17: =SUM(E17:P17) -> 0
A18: 008 | Q18: =SUM(E18:P18) -> 0
A19: 009 | Q19: =SUM(E19:P19) -> 0
A20: 010 | Q20: =SUM(E20:P20) -> 0
A21: 011 | Q21: =SUM(E21:P21) -> 0
A22: 012 | Q22: =SUM(E22:P22) -> 0
A23: 013 | Q23: =SUM(E23:P23) -> 0
... A45: 035 | Q45: =SUM(E45:P45) -> 0

Sheet 202
A1: กลับไปที่หน้าจัดสรร งปม.
E2: =Note!$B$1 -> วิทยาลัยการอาชีพแม่สะเรียง
E3: เงินงบประมาณ | H3: เงินอุดหนุน | N3: งบรายจ่ายอื่น | O3: เงิน บกศ. | Q3: รวม
E4: ปวช. | F4: ปวส. | G4: ระยะสั้น | H4: อุดหนุน | I4: หนังสือ | J4: เครื่องแบบ | K4: กิจกรรม | L4: อุปกรณ์ | M4: เครื่องมือ | N4: โครงการ | O4: เงินรายได้ | P4: เงินรับฝาก
D5: ได้รับมา | E5: ='จัดสรร งปม.'!D17 -> 120 | F5: ='จัดสรร งปม.'!E17 -> 0 | G5: ='จัดสรร งปม.'!F17 -> 0 | H5: ='จัดสรร งปม.'!G17 -> 0 | I5: ='จัดสรร งปม.'!H17 -> 0 | J5: ='จัดสรร งปม.'!I17 -> 0 | K5: ='จัดสรร งปม.'!J17 -> 0 | L5: ='จัดสรร งปม.'!K17 -> 0 | ... Q5: ='จัดสรร งปม.'!P17 -> 120
D6: ใช้ไปแล้ว | E6: =SUM(E11:E45) -> 40 | F6: =SUM(F11:F45) -> 0 | G6: =SUM(G11:G45) -> 0 | H6: =SUM(H11:H45) -> 0 | I6: =SUM(I11:I45) -> 0 | J6: =SUM(J11:J45) -> 0 | K6: =SUM(K11:K45) -> 0 | L6: =SUM(L11:L45) -> 0 | ... Q6: =SUM(Q11:Q45) -> 40
B7: งบดำเนินงาน (ค่าตอบแทน) | D7: เหลือ | E7: =E5-E6 -> 80 | F7: =F5-F6 -> 0 | G7: =G5-G6 -> 0 | H7: =H5-H6 -> 0 | I7: =I5-I6 -> 0 | J7: =J5-J6 -> 0 | K7: =K5-K6 -> 0 | L7: =L5-L6 -> 0 | ... Q7: =Q5-Q6 -> 80
B8: รหัสรายการจ่าย | C8: ='จัดสรร งปม.'!$B$17 -> 202
B9: รายการจ่าย | C9: ='จัดสรร งปม.'!$C$17 -> ค่าสอนเกินภาระงาน
A10: รหัส | B10: วันที่ | C10: ชื่อผู้ขอใช้ | D10: แผนก/งาน | E10: ปวช. | F10: ปวส. | G10: ระยะสั้น | H10: อุดหนุน | I10: หนังสือ | J10: เครื่องแบบ | K10: กิจกรรม | L10: อุปกรณ์ | M10: เครื่องมือ | N10: โครงการ | O10: เงินรายได้ | P10: เงินรับฝาก | Q10: รวม
A11: 001 | E11: 40 | Q11: =SUM(E11:P11) -> 40
A12: 002 | Q12: =SUM(E12:P12) -> 0
A13: 003 | Q13: =SUM(E13:P13) -> 0
A14: 004 | Q14: =SUM(E14:P14) -> 0
A15: 005 | Q15: =SUM(E15:P15) -> 0
A16: 006 | Q16: =SUM(E16:P16) -> 0
A17: 007 | Q17: =SUM(E17:P17) -> 0
A18: 008 | Q18: =SUM(E18:P18) -> 0
A19: 009 | Q19: =SUM(E19:P19) -> 0
A20: 010 | Q20: =SUM(E20:P20) -> 0
A21: 011 | Q21: =SUM(E21:P21) -> 0
A22: 012 | Q22: =SUM(E22:P22) -> 0
A23: 013 | Q23: =SUM(E23:P23) -> 0
... A45: 035 | Q45: =SUM(E45:P45) -> 0

Sheet 203
A1: กลับไปที่หน้าจัดสรร งปม.
E2: =Note!$B$1 -> วิทยาลัยการอาชีพแม่สะเรียง
E3: เงินงบประมาณ | H3: เงินอุดหนุน | N3: งบรายจ่ายอื่น | O3: เงิน บกศ. | Q3: รวม
E4: ปวช. | F4: ปวส. | G4: ระยะสั้น | H4: อุดหนุน | I4: หนังสือ | J4: เครื่องแบบ | K4: กิจกรรม | L4: อุปกรณ์ | M4: เครื่องมือ | N4: โครงการ | O4: เงินรายได้ | P4: เงินรับฝาก
D5: ได้รับมา | E5: ='จัดสรร งปม.'!D18 -> 130 | F5: ='จัดสรร งปม.'!E18 -> 0 | G5: ='จัดสรร งปม.'!F18 -> 0 | H5: ='จัดสรร งปม.'!G18 -> 0 | I5: ='จัดสรร งปม.'!H18 -> 0 | J5: ='จัดสรร งปม.'!I18 -> 0 | K5: ='จัดสรร งปม.'!J18 -> 0 | L5: ='จัดสรร งปม.'!K18 -> 0 | ... Q5: ='จัดสรร งปม.'!P18 -> 130
D6: ใช้ไปแล้ว | E6: =SUM(E11:E45) -> 32 | F6: =SUM(F11:F45) -> 0 | G6: =SUM(G11:G45) -> 0 | H6: =SUM(H11:H45) -> 0 | I6: =SUM(I11:I45) -> 0 | J6: =SUM(J11:J45) -> 0 | K6: =SUM(K11:K45) -> 0 | L6: =SUM(L11:L45) -> 0 | ... Q6: =SUM(Q11:Q45) -> 32
B7: งบดำเนินงาน (ค่าตอบแทน) | D7: เหลือ | E7: =E5-E6 -> 98 | F7: =F5-F6 -> 0 | G7: =G5-G6 -> 0 | H7: =H5-H6 -> 0 | I7: =I5-I6 -> 0 | J7: =J5-J6 -> 0 | K7: =K5-K6 -> 0 | L7: =L5-L6 -> 0 | ... Q7: =Q5-Q6 -> 98
B8: รหัสรายการจ่าย | C8: ='จัดสรร งปม.'!$B$18 -> 203
B9: รายการจ่าย | C9: ='จัดสรร งปม.'!$C$18 -> ค่าธุรการนอกเวลา
A10: รหัส | B10: วันที่ | C10: ชื่อผู้ขอใช้ | D10: แผนก/งาน | E10: ปวช. | F10: ปวส. | G10: ระยะสั้น | H10: อุดหนุน | I10: หนังสือ | J10: เครื่องแบบ | K10: กิจกรรม | L10: อุปกรณ์ | M10: เครื่องมือ | N10: โครงการ | O10: เงินรายได้ | P10: เงินรับฝาก | Q10: รวม
A11: 001 | E11: 32 | Q11: =SUM(E11:P11) -> 32
A12: 002 | Q12: =SUM(E12:P12) -> 0
A13: 003 | Q13: =SUM(E13:P13) -> 0
A14: 004 | Q14: =SUM(E14:P14) -> 0
A15: 005 | Q15: =SUM(E15:P15) -> 0
A16: 006 | Q16: =SUM(E16:P16) -> 0
A17: 007 | Q17: =SUM(E17:P17) -> 0
A18: 008 | Q18: =SUM(E18:P18) -> 0
A19: 009 | Q19: =SUM(E19:P19) -> 0
A20: 010 | Q20: =SUM(E20:P20) -> 0
A21: 011 | Q21: =SUM(E21:P21) -> 0
A22: 012 | Q22: =SUM(E22:P22) -> 0
A23: 013 | Q23: =SUM(E23:P23) -> 0
... A45: 035 | Q45: =SUM(E45:P45) -> 0

Sheet 204
A1: กลับไปที่หน้าจัดสรร งปม.
E2: =Note!$B$1 -> วิทยาลัยการอาชีพแม่สะเรียง
E3: เงินงบประมาณ | H3: เงินอุดหนุน | N3: งบรายจ่ายอื่น | O3: เงิน บกศ. | Q3: รวม
E4: ปวช. | F4: ปวส. | G4: ระยะสั้น | H4: อุดหนุน | I4: หนังสือ | J4: เครื่องแบบ | K4: กิจกรรม | L4: อุปกรณ์ | M4: เครื่องมือ | N4: โครงการ | O4: เงินรายได้ | P4: เงินรับฝาก
D5: ได้รับมา | E5: ='จัดสรร งปม.'!D19 -> 140 | F5: ='จัดสรร งปม.'!E19 -> 0 | G5: ='จัดสรร งปม.'!F19 -> 0 | H5: ='จัดสรร งปม.'!G19 -> 0 | I5: ='จัดสรร งปม.'!H19 -> 0 | J5: ='จัดสรร งปม.'!I19 -> 0 | K5: ='จัดสรร งปม.'!J19 -> 0 | L5: ='จัดสรร งปม.'!K19 -> 0 | ... Q5: ='จัดสรร งปม.'!P19 -> 140
D6: ใช้ไปแล้ว | E6: =SUM(E11:E45) -> 33 | F6: =SUM(F11:F45) -> 0 | G6: =SUM(G11:G45) -> 0 | H6: =SUM(H11:H45) -> 0 | I6: =SUM(I11:I45) -> 0 | J6: =SUM(J11:J45) -> 0 | K6: =SUM(K11:K45) -> 0 | L6: =SUM(L11:L45) -> 0 | ... Q6: =SUM(Q11:Q45) -> 33
B7: งบดำเนินงาน (ค่าตอบแทน) | D7: เหลือ | E7: =E5-E6 -> 107 | F7: =F5-F6 -> 0 | G7: =G5-G6 -> 0 | H7: =H5-H6 -> 0 | I7: =I5-I6 -> 0 | J7: =J5-J6 -> 0 | K7: =K5-K6 -> 0 | L7: =L5-L6 -> 0 | ... Q7: =Q5-Q6 -> 107
B8: รหัสรายการจ่าย | C8: ='จัดสรร งปม.'!$B$19 -> 204
B9: รายการจ่าย | C9: ='จัดสรร งปม.'!$C$19 -> ค่าสอนภาคฤดูร้อน
A10: รหัส | B10: วันที่ | C10: ชื่อผู้ขอใช้ | D10: แผนก/งาน | E10: ปวช. | F10: ปวส. | G10: ระยะสั้น | H10: อุดหนุน | I10: หนังสือ | J10: เครื่องแบบ | K10: กิจกรรม | L10: อุปกรณ์ | M10: เครื่องมือ | N10: โครงการ | O10: เงินรายได้ | P10: เงินรับฝาก | Q10: รวม
A11: 001 | E11: 33 | Q11: =SUM(E11:P11) -> 33
A12: 002 | Q12: =SUM(E12:P12) -> 0
A13: 003 | Q13: =SUM(E13:P13) -> 0
A14: 004 | Q14: =SUM(E14:P14) -> 0
A15: 005 | Q15: =SUM(E15:P15) -> 0
A16: 006 | Q16: =SUM(E16:P16) -> 0
A17: 007 | Q17: =SUM(E17:P17) -> 0
A18: 008 | Q18: =SUM(E18:P18) -> 0
A19: 009 | Q19: =SUM(E19:P19) -> 0
A20: 010 | Q20: =SUM(E20:P20) -> 0
A21: 011 | Q21: =SUM(E21:P21) -> 0
A22: 012 | Q22: =SUM(E22:P22) -> 0
A23: 013 | Q23: =SUM(E23:P23) -> 0
... A45: 035 | Q45: =SUM(E45:P45) -> 0

Sheet 205
A1: กลับไปที่หน้าจัดสรร งปม.
E2: =Note!$B$1 -> วิทยาลัยการอาชีพแม่สะเรียง
E3: เงินงบประมาณ | H3: เงินอุดหนุน | N3: งบรายจ่ายอื่น | O3: เงิน บกศ. | Q3: รวม
E4: ปวช. | F4: ปวส. | G4: ระยะสั้น | H4: อุดหนุน | I4: หนังสือ | J4: เครื่องแบบ | K4: กิจกรรม | L4: อุปกรณ์ | M4: เครื่องมือ | N4: โครงการ | O4: เงินรายได้ | P4: เงินรับฝาก
D5: ได้รับมา | E5: ='จัดสรร งปม.'!D20 -> 150 | F5: ='จัดสรร งปม.'!E20 -> 0 | G5: ='จัดสรร งปม.'!F20 -> 0 | H5: ='จัดสรร งปม.'!G20 -> 0 | I5: ='จัดสรร งปม.'!H20 -> 0 | J5: ='จัดสรร งปม.'!I20 -> 0 | K5: ='จัดสรร งปม.'!J20 -> 0 | L5: ='จัดสรร งปม.'!K20 -> 0 | ... Q5: ='จัดสรร งปม.'!P20 -> 150
D6: ใช้ไปแล้ว | E6: =SUM(E11:E45) -> 32 | F6: =SUM(F11:F45) -> 0 | G6: =SUM(G11:G45) -> 0 | H6: =SUM(H11:H45) -> 0 | I6: =SUM(I11:I45) -> 0 | J6: =SUM(J11:J45) -> 0 | K6: =SUM(K11:K45) -> 0 | L6: =SUM(L11:L45) -> 0 | ... Q6: =SUM(Q11:Q45) -> 32
B7: งบดำเนินงาน (ค่าตอบแทน) | D7: เหลือ | E7: =E5-E6 -> 118 | F7: =F5-F6 -> 0 | G7: =G5-G6 -> 0 | H7: =H5-H6 -> 0 | I7: =I5-I6 -> 0 | J7: =J5-J6 -> 0 | K7: =K5-K6 -> 0 | L7: =L5-L6 -> 0 | ... Q7: =Q5-Q6 -> 118
B8: รหัสรายการจ่าย | C8: ='จัดสรร งปม.'!$B$20 -> 205
B9: รายการจ่าย | C9: ='จัดสรร งปม.'!$C$20 -> ค่าสอนเทียบโอน
A10: รหัส | B10: วันที่ | C10: ชื่อผู้ขอใช้ | D10: แผนก/งาน | E10: ปวช. | F10: ปวส. | G10: ระยะสั้น | H10: อุดหนุน | I10: หนังสือ | J10: เครื่องแบบ | K10: กิจกรรม | L10: อุปกรณ์ | M10: เครื่องมือ | N10: โครงการ | O10: เงินรายได้ | P10: เงินรับฝาก | Q10: รวม
A11: 001 | E11: 32 | Q11: =SUM(E11:P11) -> 32
A12: 002 | Q12: =SUM(E12:P12) -> 0
A13: 003 | Q13: =SUM(E13:P13) -> 0
A14: 004 | Q14: =SUM(E14:P14) -> 0
A15: 005 | Q15: =SUM(E15:P15) -> 0
A16: 006 | Q16: =SUM(E16:P16) -> 0
A17: 007 | Q17: =SUM(E17:P17) -> 0
A18: 008 | Q18: =SUM(E18:P18) -> 0
A19: 009 | Q19: =SUM(E19:P19) -> 0
A20: 010 | Q20: =SUM(E20:P20) -> 0
A21: 011 | Q21: =SUM(E21:P21) -> 0
A22: 012 | Q22: =SUM(E22:P22) -> 0
A23: 013 | Q23: =SUM(E23:P23) -> 0
... A45: 035 | Q45: =SUM(E45:P45) -> 0

Sheet 206
A1: กลับไปที่หน้าจัดสรร งปม.
E2: =Note!$B$1 -> วิทยาลัยการอาชีพแม่สะเรียง
E3: เงินงบประมาณ | H3: เงินอุดหนุน | N3: งบรายจ่ายอื่น | O3: เงิน บกศ. | Q3: รวม
E4: ปวช. | F4: ปวส. | G4: ระยะสั้น | H4: อุดหนุน | I4: หนังสือ | J4: เครื่องแบบ | K4: กิจกรรม | L4: อุปกรณ์ | M4: เครื่องมือ | N4: โครงการ | O4: เงินรายได้ | P4: เงินรับฝาก
D5: ได้รับมา | E5: ='จัดสรร งปม.'!D21 -> 160 | F5: ='จัดสรร งปม.'!E21 -> 0 | G5: ='จัดสรร งปม.'!F21 -> 0 | H5: ='จัดสรร งปม.'!G21 -> 0 | I5: ='จัดสรร งปม.'!H21 -> 0 | J5: ='จัดสรร งปม.'!I21 -> 0 | K5: ='จัดสรร งปม.'!J21 -> 0 | L5: ='จัดสรร งปม.'!K21 -> 0 | ... Q5: ='จัดสรร งปม.'!P21 -> 160
D6: ใช้ไปแล้ว | E6: =SUM(E11:E45) -> 30 | F6: =SUM(F11:F45) -> 0 | G6: =SUM(G11:G45) -> 0 | H6: =SUM(H11:H45) -> 0 | I6: =SUM(I11:I45) -> 0 | J6: =SUM(J11:J45) -> 0 | K6: =SUM(K11:K45) -> 0 | L6: =SUM(L11:L45) -> 0 | ... Q6: =SUM(Q11:Q45) -> 30
B7: งบดำเนินงาน (ค่าตอบแทน) | D7: เหลือ | E7: =E5-E6 -> 130 | F7: =F5-F6 -> 0 | G7: =G5-G6 -> 0 | H7: =H5-H6 -> 0 | I7: =I5-I6 -> 0 | J7: =J5-J6 -> 0 | K7: =K5-K6 -> 0 | L7: =L5-L6 -> 0 | ... Q7: =Q5-Q6 -> 130
B8: รหัสรายการจ่าย | C8: ='จัดสรร งปม.'!$B$21 -> 206
B9: รายการจ่าย | C9: ='จัดสรร งปม.'!$C$21 -> ค่าจ้างครูรายเดือน
A10: รหัส | B10: วันที่ | C10: ชื่อผู้ขอใช้ | D10: แผนก/งาน | E10: ปวช. | F10: ปวส. | G10: ระยะสั้น | H10: อุดหนุน | I10: หนังสือ | J10: เครื่องแบบ | K10: กิจกรรม | L10: อุปกรณ์ | M10: เครื่องมือ | N10: โครงการ | O10: เงินรายได้ | P10: เงินรับฝาก | Q10: รวม
A11: 001 | E11: 30 | Q11: =SUM(E11:P11) -> 30
A12: 002 | Q12: =SUM(E12:P12) -> 0
A13: 003 | Q13: =SUM(E13:P13) -> 0
A14: 004 | Q14: =SUM(E14:P14) -> 0
A15: 005 | Q15: =SUM(E15:P15) -> 0
A16: 006 | Q16: =SUM(E16:P16) -> 0
A17: 007 | Q17: =SUM(E17:P17) -> 0
A18: 008 | Q18: =SUM(E18:P18) -> 0
A19: 009 | Q19: =SUM(E19:P19) -> 0
A20: 010 | Q20: =SUM(E20:P20) -> 0
A21: 011 | Q21: =SUM(E21:P21) -> 0
A22: 012 | Q22: =SUM(E22:P22) -> 0
A23: 013 | Q23: =SUM(E23:P23) -> 0
... A45: 035 | Q45: =SUM(E45:P45) -> 0

Sheet 207
A1: กลับไปที่หน้าจัดสรร งปม.
E2: =Note!$B$1 -> วิทยาลัยการอาชีพแม่สะเรียง
E3: เงินงบประมาณ | H3: เงินอุดหนุน | N3: งบรายจ่ายอื่น | O3: เงิน บกศ. | Q3: รวม
E4: ปวช. | F4: ปวส. | G4: ระยะสั้น | H4: อุดหนุน | I4: หนังสือ | J4: เครื่องแบบ | K4: กิจกรรม | L4: อุปกรณ์ | M4: เครื่องมือ | N4: โครงการ | O4: เงินรายได้ | P4: เงินรับฝาก
D5: ได้รับมา | E5: ='จัดสรร งปม.'!D22 -> 170 | F5: ='จัดสรร งปม.'!E22 -> 0 | G5: ='จัดสรร งปม.'!F22 -> 0 | H5: ='จัดสรร งปม.'!G22 -> 0 | I5: ='จัดสรร งปม.'!H22 -> 0 | J5: ='จัดสรร งปม.'!I22 -> 0 | K5: ='จัดสรร งปม.'!J22 -> 0 | L5: ='จัดสรร งปม.'!K22 -> 0 | ... Q5: ='จัดสรร งปม.'!P22 -> 170
D6: ใช้ไปแล้ว | E6: =SUM(E11:E45) -> 70 | F6: =SUM(F11:F45) -> 0 | G6: =SUM(G11:G45) -> 0 | H6: =SUM(H11:H45) -> 0 | I6: =SUM(I11:I45) -> 0 | J6: =SUM(J11:J45) -> 0 | K6: =SUM(K11:K45) -> 0 | L6: =SUM(L11:L45) -> 0 | ... Q6: =SUM(Q11:Q45) -> 70
B7: งบดำเนินงาน (ค่าตอบแทน) | D7: เหลือ | E7: =E5-E6 -> 100 | F7: =F5-F6 -> 0 | G7: =G5-G6 -> 0 | H7: =H5-H6 -> 0 | I7: =I5-I6 -> 0 | J7: =J5-J6 -> 0 | K7: =K5-K6 -> 0 | L7: =L5-L6 -> 0 | ... Q7: =Q5-Q6 -> 100
B8: รหัสรายการจ่าย | C8: ='จัดสรร งปม.'!$B$22 -> 207
B9: รายการจ่าย | C9: ='จัดสรร งปม.'!$C$22 -> ค่าจ้างเจ้าหน้าที่รายเดือน
A10: รหัส | B10: วันที่ | C10: ชื่อผู้ขอใช้ | D10: แผนก/งาน | E10: ปวช. | F10: ปวส. | G10: ระยะสั้น | H10: อุดหนุน | I10: หนังสือ | J10: เครื่องแบบ | K10: กิจกรรม | L10: อุปกรณ์ | M10: เครื่องมือ | N10: โครงการ | O10: เงินรายได้ | P10: เงินรับฝาก | Q10: รวม
A11: 001 | E11: 70 | Q11: =SUM(E11:P11) -> 70
A12: 002 | Q12: =SUM(E12:P12) -> 0
A13: 003 | Q13: =SUM(E13:P13) -> 0
A14: 004 | Q14: =SUM(E14:P14) -> 0
A15: 005 | Q15: =SUM(E15:P15) -> 0
A16: 006 | Q16: =SUM(E16:P16) -> 0
A17: 007 | Q17: =SUM(E17:P17) -> 0
A18: 008 | Q18: =SUM(E18:P18) -> 0
A19: 009 | Q19: =SUM(E19:P19) -> 0
A20: 010 | Q20: =SUM(E20:P20) -> 0
A21: 011 | Q21: =SUM(E21:P21) -> 0
A22: 012 | Q22: =SUM(E22:P22) -> 0
A23: 013 | Q23: =SUM(E23:P23) -> 0
... A45: 035 | Q45: =SUM(E45:P45) -> 0

Sheet 208
A1: กลับไปที่หน้าจัดสรร งปม.
E2: =Note!$B$1 -> วิทยาลัยการอาชีพแม่สะเรียง
E3: เงินงบประมาณ | H3: เงินอุดหนุน | N3: งบรายจ่ายอื่น | O3: เงิน บกศ. | Q3: รวม
E4: ปวช. | F4: ปวส. | G4: ระยะสั้น | H4: อุดหนุน | I4: หนังสือ | J4: เครื่องแบบ | K4: กิจกรรม | L4: อุปกรณ์ | M4: เครื่องมือ | N4: โครงการ | O4: เงินรายได้ | P4: เงินรับฝาก
D5: ได้รับมา | E5: ='จัดสรร งปม.'!D23 -> 180 | F5: ='จัดสรร งปม.'!E23 -> 0 | G5: ='จัดสรร งปม.'!F23 -> 0 | H5: ='จัดสรร งปม.'!G23 -> 0 | I5: ='จัดสรร งปม.'!H23 -> 0 | J5: ='จัดสรร งปม.'!I23 -> 0 | K5: ='จัดสรร งปม.'!J23 -> 0 | L5: ='จัดสรร งปม.'!K23 -> 0 | ... Q5: ='จัดสรร งปม.'!P23 -> 180
D6: ใช้ไปแล้ว | E6: =SUM(E11:E45) -> 80 | F6: =SUM(F11:F45) -> 0 | G6: =SUM(G11:G45) -> 0 | H6: =SUM(H11:H45) -> 0 | I6: =SUM(I11:I45) -> 0 | J6: =SUM(J11:J45) -> 0 | K6: =SUM(K11:K45) -> 0 | L6: =SUM(L11:L45) -> 0 | ... Q6: =SUM(Q11:Q45) -> 80
B7: งบดำเนินงาน (ค่าตอบแทน) | D7: เหลือ | E7: =E5-E6 -> 100 | F7: =F5-F6 -> 0 | G7: =G5-G6 -> 0 | H7: =H5-H6 -> 0 | I7: =I5-I6 -> 0 | J7: =J5-J6 -> 0 | K7: =K5-K6 -> 0 | L7: =L5-L6 -> 0 | ... Q7: =Q5-Q6 -> 100
B8: รหัสรายการจ่าย | C8: ='จัดสรร งปม.'!$B$23 -> 208
B9: รายการจ่าย | C9: ='จัดสรร งปม.'!$C$23 -> ค่าครองชีพครูรายเดือน
A10: รหัส | B10: วันที่ | C10: ชื่อผู้ขอใช้ | D10: แผนก/งาน | E10: ปวช. | F10: ปวส. | G10: ระยะสั้น | H10: อุดหนุน | I10: หนังสือ | J10: เครื่องแบบ | K10: กิจกรรม | L10: อุปกรณ์ | M10: เครื่องมือ | N10: โครงการ | O10: เงินรายได้ | P10: เงินรับฝาก | Q10: รวม
A11: 001 | E11: 80 | Q11: =SUM(E11:P11) -> 80
A12: 002 | Q12: =SUM(E12:P12) -> 0
A13: 003 | Q13: =SUM(E13:P13) -> 0
A14: 004 | Q14: =SUM(E14:P14) -> 0
A15: 005 | Q15: =SUM(E15:P15) -> 0
A16: 006 | Q16: =SUM(E16:P16) -> 0
A17: 007 | Q17: =SUM(E17:P17) -> 0
A18: 008 | Q18: =SUM(E18:P18) -> 0
A19: 009 | Q19: =SUM(E19:P19) -> 0
A20: 010 | Q20: =SUM(E20:P20) -> 0
A21: 011 | Q21: =SUM(E21:P21) -> 0
A22: 012 | Q22: =SUM(E22:P22) -> 0
A23: 013 | Q23: =SUM(E23:P23) -> 0
... A45: 035 | Q45: =SUM(E45:P45) -> 0

Sheet 209
A1: กลับไปที่หน้าจัดสรร งปม.
E2: =Note!$B$1 -> วิทยาลัยการอาชีพแม่สะเรียง
E3: เงินงบประมาณ | H3: เงินอุดหนุน | N3: งบรายจ่ายอื่น | O3: เงิน บกศ. | Q3: รวม
E4: ปวช. | F4: ปวส. | G4: ระยะสั้น | H4: อุดหนุน | I4: หนังสือ | J4: เครื่องแบบ | K4: กิจกรรม | L4: อุปกรณ์ | M4: เครื่องมือ | N4: โครงการ | O4: เงินรายได้ | P4: เงินรับฝาก
D5: ได้รับมา | E5: ='จัดสรร งปม.'!D24 -> 190 | F5: ='จัดสรร งปม.'!E24 -> 0 | G5: ='จัดสรร งปม.'!F24 -> 0 | H5: ='จัดสรร งปม.'!G24 -> 0 | I5: ='จัดสรร งปม.'!H24 -> 0 | J5: ='จัดสรร งปม.'!I24 -> 0 | K5: ='จัดสรร งปม.'!J24 -> 0 | L5: ='จัดสรร งปม.'!K24 -> 0 | ... Q5: ='จัดสรร งปม.'!P24 -> 190
D6: ใช้ไปแล้ว | E6: =SUM(E11:E45) -> 90 | F6: =SUM(F11:F45) -> 0 | G6: =SUM(G11:G45) -> 0 | H6: =SUM(H11:H45) -> 0 | I6: =SUM(I11:I45) -> 0 | J6: =SUM(J11:J45) -> 0 | K6: =SUM(K11:K45) -> 0 | L6: =SUM(L11:L45) -> 0 | ... Q6: =SUM(Q11:Q45) -> 90
B7: งบดำเนินงาน (ค่าตอบแทน) | D7: เหลือ | E7: =E5-E6 -> 100 | F7: =F5-F6 -> 0 | G7: =G5-G6 -> 0 | H7: =H5-H6 -> 0 | I7: =I5-I6 -> 0 | J7: =J5-J6 -> 0 | K7: =K5-K6 -> 0 | L7: =L5-L6 -> 0 | ... Q7: =Q5-Q6 -> 100
B8: รหัสรายการจ่าย | C8: ='จัดสรร งปม.'!$B$24 -> 209
B9: รายการจ่าย | C9: ='จัดสรร งปม.'!$C$24 -> ค่าครองชีพเจ้าหน้าที่รายเดือน
A10: รหัส | B10: วันที่ | C10: ชื่อผู้ขอใช้ | D10: แผนก/งาน | E10: ปวช. | F10: ปวส. | G10: ระยะสั้น | H10: อุดหนุน | I10: หนังสือ | J10: เครื่องแบบ | K10: กิจกรรม | L10: อุปกรณ์ | M10: เครื่องมือ | N10: โครงการ | O10: เงินรายได้ | P10: เงินรับฝาก | Q10: รวม
A11: 001 | E11: 90 | Q11: =SUM(E11:P11) -> 90
A12: 002 | Q12: =SUM(E12:P12) -> 0
A13: 003 | Q13: =SUM(E13:P13) -> 0
A14: 004 | Q14: =SUM(E14:P14) -> 0
A15: 005 | Q15: =SUM(E15:P15) -> 0
A16: 006 | Q16: =SUM(E16:P16) -> 0
A17: 007 | Q17: =SUM(E17:P17) -> 0
A18: 008 | Q18: =SUM(E18:P18) -> 0
A19: 009 | Q19: =SUM(E19:P19) -> 0
A20: 010 | Q20: =SUM(E20:P20) -> 0
A21: 011 | Q21: =SUM(E21:P21) -> 0
A22: 012 | Q22: =SUM(E22:P22) -> 0
A23: 013 | Q23: =SUM(E23:P23) -> 0
... A45: 035 | Q45: =SUM(E45:P45) -> 0

Sheet 210
A1: กลับไปที่หน้าจัดสรร งปม.
E2: =Note!$B$1 -> วิทยาลัยการอาชีพแม่สะเรียง
E3: เงินงบประมาณ | H3: เงินอุดหนุน | N3: งบรายจ่ายอื่น | O3: เงิน บกศ. | Q3: รวม
E4: ปวช. | F4: ปวส. | G4: ระยะสั้น | H4: อุดหนุน | I4: หนังสือ | J4: เครื่องแบบ | K4: กิจกรรม | L4: อุปกรณ์ | M4: เครื่องมือ | N4: โครงการ | O4: เงินรายได้ | P4: เงินรับฝาก
D5: ได้รับมา | E5: ='จัดสรร งปม.'!D25 -> 200 | F5: ='จัดสรร งปม.'!E25 -> 0 | G5: ='จัดสรร งปม.'!F25 -> 0 | H5: ='จัดสรร งปม.'!G25 -> 0 | I5: ='จัดสรร งปม.'!H25 -> 0 | J5: ='จัดสรร งปม.'!I25 -> 0 | K5: ='จัดสรร งปม.'!J25 -> 0 | L5: ='จัดสรร งปม.'!K25 -> 0 | ... Q5: ='จัดสรร งปม.'!P25 -> 200
D6: ใช้ไปแล้ว | E6: =SUM(E11:E45) -> 50 | F6: =SUM(F11:F45) -> 0 | G6: =SUM(G11:G45) -> 0 | H6: =SUM(H11:H45) -> 0 | I6: =SUM(I11:I45) -> 0 | J6: =SUM(J11:J45) -> 0 | K6: =SUM(K11:K45) -> 0 | L6: =SUM(L11:L45) -> 0 | ... Q6: =SUM(Q11:Q45) -> 50
B7: งบดำเนินงาน (ค่าตอบแทน) | D7: เหลือ | E7: =E5-E6 -> 150 | F7: =F5-F6 -> 0 | G7: =G5-G6 -> 0 | H7: =H5-H6 -> 0 | I7: =I5-I6 -> 0 | J7: =J5-J6 -> 0 | K7: =K5-K6 -> 0 | L7: =L5-L6 -> 0 | ... Q7: =Q5-Q6 -> 150
B8: รหัสรายการจ่าย | C8: ='จัดสรร งปม.'!$B$25 -> 210
B9: รายการจ่าย | C9: ='จัดสรร งปม.'!$C$25 -> สำรอง 1
A10: รหัส | B10: วันที่ | C10: ชื่อผู้ขอใช้ | D10: แผนก/งาน | E10: ปวช. | F10: ปวส. | G10: ระยะสั้น | H10: อุดหนุน | I10: หนังสือ | J10: เครื่องแบบ | K10: กิจกรรม | L10: อุปกรณ์ | M10: เครื่องมือ | N10: โครงการ | O10: เงินรายได้ | P10: เงินรับฝาก | Q10: รวม
A11: 001 | E11: 50 | Q11: =SUM(E11:P11) -> 50
A12: 002 | Q12: =SUM(E12:P12) -> 0
A13: 003 | Q13: =SUM(E13:P13) -> 0
A14: 004 | Q14: =SUM(E14:P14) -> 0
A15: 005 | Q15: =SUM(E15:P15) -> 0
A16: 006 | Q16: =SUM(E16:P16) -> 0
A17: 007 | Q17: =SUM(E17:P17) -> 0
A18: 008 | Q18: =SUM(E18:P18) -> 0
A19: 009 | Q19: =SUM(E19:P19) -> 0
A20: 010 | Q20: =SUM(E20:P20) -> 0
A21: 011 | Q21: =SUM(E21:P21) -> 0
A22: 012 | Q22: =SUM(E22:P22) -> 0
A23: 013 | Q23: =SUM(E23:P23) -> 0
... A45: 035 | Q45: =SUM(E45:P45) -> 0

Sheet 211
A1: กลับไปที่หน้าจัดสรร งปม.
E2: =Note!$B$1 -> วิทยาลัยการอาชีพแม่สะเรียง
E3: เงินงบประมาณ | H3: เงินอุดหนุน | N3: งบรายจ่ายอื่น | O3: เงิน บกศ. | Q3: รวม
E4: ปวช. | F4: ปวส. | G4: ระยะสั้น | H4: อุดหนุน | I4: หนังสือ | J4: เครื่องแบบ | K4: กิจกรรม | L4: อุปกรณ์ | M4: เครื่องมือ | N4: โครงการ | O4: เงินรายได้ | P4: เงินรับฝาก
D5: ได้รับมา | E5: ='จัดสรร งปม.'!D26 -> 210 | F5: ='จัดสรร งปม.'!E26 -> 0 | G5: ='จัดสรร งปม.'!F26 -> 0 | H5: ='จัดสรร งปม.'!G26 -> 0 | I5: ='จัดสรร งปม.'!H26 -> 0 | J5: ='จัดสรร งปม.'!I26 -> 0 | K5: ='จัดสรร งปม.'!J26 -> 0 | L5: ='จัดสรร งปม.'!K26 -> 0 | ... Q5: ='จัดสรร งปม.'!P26 -> 210
D6: ใช้ไปแล้ว | E6: =SUM(E11:E45) -> 10 | F6: =SUM(F11:F45) -> 0 | G6: =SUM(G11:G45) -> 0 | H6: =SUM(H11:H45) -> 0 | I6: =SUM(I11:I45) -> 0 | J6: =SUM(J11:J45) -> 0 | K6: =SUM(K11:K45) -> 0 | L6: =SUM(L11:L45) -> 0 | ... Q6: =SUM(Q11:Q45) -> 10
B7: งบดำเนินงาน (ค่าตอบแทน) | D7: เหลือ | E7: =E5-E6 -> 200 | F7: =F5-F6 -> 0 | G7: =G5-G6 -> 0 | H7: =H5-H6 -> 0 | I7: =I5-I6 -> 0 | J7: =J5-J6 -> 0 | K7: =K5-K6 -> 0 | L7: =L5-L6 -> 0 | ... Q7: =Q5-Q6 -> 200
B8: รหัสรายการจ่าย | C8: ='จัดสรร งปม.'!$B$26 -> 211
B9: รายการจ่าย | C9: ='จัดสรร งปม.'!$C$26 -> สำรอง 2
A10: รหัส | B10: วันที่ | C10: ชื่อผู้ขอใช้ | D10: แผนก/งาน | E10: ปวช. | F10: ปวส. | G10: ระยะสั้น | H10: อุดหนุน | I10: หนังสือ | J10: เครื่องแบบ | K10: กิจกรรม | L10: อุปกรณ์ | M10: เครื่องมือ | N10: โครงการ | O10: เงินรายได้ | P10: เงินรับฝาก | Q10: รวม
A11: 001 | E11: 10 | Q11: =SUM(E11:P11) -> 10
A12: 002 | Q12: =SUM(E12:P12) -> 0
A13: 003 | Q13: =SUM(E13:P13) -> 0
A14: 004 | Q14: =SUM(E14:P14) -> 0
A15: 005 | Q15: =SUM(E15:P15) -> 0
A16: 006 | Q16: =SUM(E16:P16) -> 0
A17: 007 | Q17: =SUM(E17:P17) -> 0
A18: 008 | Q18: =SUM(E18:P18) -> 0
A19: 009 | Q19: =SUM(E19:P19) -> 0
A20: 010 | Q20: =SUM(E20:P20) -> 0
A21: 011 | Q21: =SUM(E21:P21) -> 0
A22: 012 | Q22: =SUM(E22:P22) -> 0
A23: 013 | Q23: =SUM(E23:P23) -> 0
... A45: 035 | Q45: =SUM(E45:P45) -> 0

Sheet 212
A1: กลับไปที่หน้าจัดสรร งปม.
E2: =Note!$B$1 -> วิทยาลัยการอาชีพแม่สะเรียง
E3: เงินงบประมาณ | H3: เงินอุดหนุน | N3: งบรายจ่ายอื่น | O3: เงิน บกศ. | Q3: รวม
E4: ปวช. | F4: ปวส. | G4: ระยะสั้น | H4: อุดหนุน | I4: หนังสือ | J4: เครื่องแบบ | K4: กิจกรรม | L4: อุปกรณ์ | M4: เครื่องมือ | N4: โครงการ | O4: เงินรายได้ | P4: เงินรับฝาก
D5: ได้รับมา | E5: ='จัดสรร งปม.'!D27 -> 220 | F5: ='จัดสรร งปม.'!E27 -> 0 | G5: ='จัดสรร งปม.'!F27 -> 0 | H5: ='จัดสรร งปม.'!G27 -> 0 | I5: ='จัดสรร งปม.'!H27 -> 0 | J5: ='จัดสรร งปม.'!I27 -> 0 | K5: ='จัดสรร งปม.'!J27 -> 0 | L5: ='จัดสรร งปม.'!K27 -> 0 | ... Q5: ='จัดสรร งปม.'!P27 -> 220
D6: ใช้ไปแล้ว | E6: =SUM(E11:E45) -> 20 | F6: =SUM(F11:F45) -> 0 | G6: =SUM(G11:G45) -> 0 | H6: =SUM(H11:H45) -> 0 | I6: =SUM(I11:I45) -> 0 | J6: =SUM(J11:J45) -> 0 | K6: =SUM(K11:K45) -> 0 | L6: =SUM(L11:L45) -> 0 | ... Q6: =SUM(Q11:Q45) -> 20
B7: งบดำเนินงาน (ค่าตอบแทน) | D7: เหลือ | E7: =E5-E6 -> 200 | F7: =F5-F6 -> 0 | G7: =G5-G6 -> 0 | H7: =H5-H6 -> 0 | I7: =I5-I6 -> 0 | J7: =J5-J6 -> 0 | K7: =K5-K6 -> 0 | L7: =L5-L6 -> 0 | ... Q7: =Q5-Q6 -> 200
B8: รหัสรายการจ่าย | C8: ='จัดสรร งปม.'!$B$27 -> 212
B9: รายการจ่าย | C9: ='จัดสรร งปม.'!$C$27 -> สำรอง 3
A10: รหัส | B10: วันที่ | C10: ชื่อผู้ขอใช้ | D10: แผนก/งาน | E10: ปวช. | F10: ปวส. | G10: ระยะสั้น | H10: อุดหนุน | I10: หนังสือ | J10: เครื่องแบบ | K10: กิจกรรม | L10: อุปกรณ์ | M10: เครื่องมือ | N10: โครงการ | O10: เงินรายได้ | P10: เงินรับฝาก | Q10: รวม
A11: 001 | E11: 20 | Q11: =SUM(E11:P11) -> 20
A12: 002 | Q12: =SUM(E12:P12) -> 0
A13: 003 | Q13: =SUM(E13:P13) -> 0
A14: 004 | Q14: =SUM(E14:P14) -> 0
A15: 005 | Q15: =SUM(E15:P15) -> 0
A16: 006 | Q16: =SUM(E16:P16) -> 0
A17: 007 | Q17: =SUM(E17:P17) -> 0
A18: 008 | Q18: =SUM(E18:P18) -> 0
A19: 009 | Q19: =SUM(E19:P19) -> 0
A20: 010 | Q20: =SUM(E20:P20) -> 0
A21: 011 | Q21: =SUM(E21:P21) -> 0
A22: 012 | Q22: =SUM(E22:P22) -> 0
A23: 013 | Q23: =SUM(E23:P23) -> 0
... A45: 035 | Q45: =SUM(E45:P45) -> 0

Sheet 213
A1: กลับไปที่หน้าจัดสรร งปม.
E2: =Note!$B$1 -> วิทยาลัยการอาชีพแม่สะเรียง
E3: เงินงบประมาณ | H3: เงินอุดหนุน | N3: งบรายจ่ายอื่น | O3: เงิน บกศ. | Q3: รวม
E4: ปวช. | F4: ปวส. | G4: ระยะสั้น | H4: อุดหนุน | I4: หนังสือ | J4: เครื่องแบบ | K4: กิจกรรม | L4: อุปกรณ์ | M4: เครื่องมือ | N4: โครงการ | O4: เงินรายได้ | P4: เงินรับฝาก
D5: ได้รับมา | E5: ='จัดสรร งปม.'!D28 -> 230 | F5: ='จัดสรร งปม.'!E28 -> 0 | G5: ='จัดสรร งปม.'!F28 -> 0 | H5: ='จัดสรร งปม.'!G28 -> 0 | I5: ='จัดสรร งปม.'!H28 -> 0 | J5: ='จัดสรร งปม.'!I28 -> 0 | K5: ='จัดสรร งปม.'!J28 -> 0 | L5: ='จัดสรร งปม.'!K28 -> 0 | ... Q5: ='จัดสรร งปม.'!P28 -> 230
D6: ใช้ไปแล้ว | E6: =SUM(E11:E45) -> 30 | F6: =SUM(F11:F45) -> 0 | G6: =SUM(G11:G45) -> 0 | H6: =SUM(H11:H45) -> 0 | I6: =SUM(I11:I45) -> 0 | J6: =SUM(J11:J45) -> 0 | K6: =SUM(K11:K45) -> 0 | L6: =SUM(L11:L45) -> 0 | ... Q6: =SUM(Q11:Q45) -> 30
B7: งบดำเนินงาน (ค่าตอบแทน) | D7: เหลือ | E7: =E5-E6 -> 200 | F7: =F5-F6 -> 0 | G7: =G5-G6 -> 0 | H7: =H5-H6 -> 0 | I7: =I5-I6 -> 0 | J7: =J5-J6 -> 0 | K7: =K5-K6 -> 0 | L7: =L5-L6 -> 0 | ... Q7: =Q5-Q6 -> 200
B8: รหัสรายการจ่าย | C8: ='จัดสรร งปม.'!$B$28 -> 213
B9: รายการจ่าย | C9: ='จัดสรร งปม.'!$C$28 -> สำรอง 4
A10: รหัส | B10: วันที่ | C10: ชื่อผู้ขอใช้ | D10: แผนก/งาน | E10: ปวช. | F10: ปวส. | G10: ระยะสั้น | H10: อุดหนุน | I10: หนังสือ | J10: เครื่องแบบ | K10: กิจกรรม | L10: อุปกรณ์ | M10: เครื่องมือ | N10: โครงการ | O10: เงินรายได้ | P10: เงินรับฝาก | Q10: รวม
A11: 001 | E11: 30 | Q11: =SUM(E11:P11) -> 30
A12: 002 | Q12: =SUM(E12:P12) -> 0
A13: 003 | Q13: =SUM(E13:P13) -> 0
A14: 004 | Q14: =SUM(E14:P14) -> 0
A15: 005 | Q15: =SUM(E15:P15) -> 0
A16: 006 | Q16: =SUM(E16:P16) -> 0
A17: 007 | Q17: =SUM(E17:P17) -> 0
A18: 008 | Q18: =SUM(E18:P18) -> 0
A19: 009 | Q19: =SUM(E19:P19) -> 0
A20: 010 | Q20: =SUM(E20:P20) -> 0
A21: 011 | Q21: =SUM(E21:P21) -> 0
A22: 012 | Q22: =SUM(E22:P22) -> 0
A23: 013 | Q23: =SUM(E23:P23) -> 0
... A45: 035 | Q45: =SUM(E45:P45) -> 0

Sheet 214
A1: กลับไปที่หน้าจัดสรร งปม.
E2: =Note!$B$1 -> วิทยาลัยการอาชีพแม่สะเรียง
E3: เงินงบประมาณ | H3: เงินอุดหนุน | N3: งบรายจ่ายอื่น | O3: เงิน บกศ. | Q3: รวม
E4: ปวช. | F4: ปวส. | G4: ระยะสั้น | H4: อุดหนุน | I4: หนังสือ | J4: เครื่องแบบ | K4: กิจกรรม | L4: อุปกรณ์ | M4: เครื่องมือ | N4: โครงการ | O4: เงินรายได้ | P4: เงินรับฝาก
D5: ได้รับมา | E5: ='จัดสรร งปม.'!D29 -> 240 | F5: ='จัดสรร งปม.'!E29 -> 0 | G5: ='จัดสรร งปม.'!F29 -> 0 | H5: ='จัดสรร งปม.'!G29 -> 0 | I5: ='จัดสรร งปม.'!H29 -> 0 | J5: ='จัดสรร งปม.'!I29 -> 0 | K5: ='จัดสรร งปม.'!J29 -> 0 | L5: ='จัดสรร งปม.'!K29 -> 0 | ... Q5: ='จัดสรร งปม.'!P29 -> 240
D6: ใช้ไปแล้ว | E6: =SUM(E11:E45) -> 40 | F6: =SUM(F11:F45) -> 0 | G6: =SUM(G11:G45) -> 0 | H6: =SUM(H11:H45) -> 0 | I6: =SUM(I11:I45) -> 0 | J6: =SUM(J11:J45) -> 0 | K6: =SUM(K11:K45) -> 0 | L6: =SUM(L11:L45) -> 0 | ... Q6: =SUM(Q11:Q45) -> 40
B7: งบดำเนินงาน (ค่าตอบแทน) | D7: เหลือ | E7: =E5-E6 -> 200 | F7: =F5-F6 -> 0 | G7: =G5-G6 -> 0 | H7: =H5-H6 -> 0 | I7: =I5-I6 -> 0 | J7: =J5-J6 -> 0 | K7: =K5-K6 -> 0 | L7: =L5-L6 -> 0 | ... Q7: =Q5-Q6 -> 200
B8: รหัสรายการจ่าย | C8: ='จัดสรร งปม.'!$B$29 -> 214
B9: รายการจ่าย | C9: ='จัดสรร งปม.'!$C$29 -> สำรอง 5
A10: รหัส | B10: วันที่ | C10: ชื่อผู้ขอใช้ | D10: แผนก/งาน | E10: ปวช. | F10: ปวส. | G10: ระยะสั้น | H10: อุดหนุน | I10: หนังสือ | J10: เครื่องแบบ | K10: กิจกรรม | L10: อุปกรณ์ | M10: เครื่องมือ | N10: โครงการ | O10: เงินรายได้ | P10: เงินรับฝาก | Q10: รวม
A11: 001 | E11: 40 | Q11: =SUM(E11:P11) -> 40
A12: 002 | Q12: =SUM(E12:P12) -> 0
A13: 003 | Q13: =SUM(E13:P13) -> 0
A14: 004 | Q14: =SUM(E14:P14) -> 0
A15: 005 | Q15: =SUM(E15:P15) -> 0
A16: 006 | Q16: =SUM(E16:P16) -> 0
A17: 007 | Q17: =SUM(E17:P17) -> 0
A18: 008 | Q18: =SUM(E18:P18) -> 0
A19: 009 | Q19: =SUM(E19:P19) -> 0
A20: 010 | Q20: =SUM(E20:P20) -> 0
A21: 011 | Q21: =SUM(E21:P21) -> 0
A22: 012 | Q22: =SUM(E22:P22) -> 0
A23: 013 | Q23: =SUM(E23:P23) -> 0
... A45: 035 | Q45: =SUM(E45:P45) -> 0

Sheet 301
A1: กลับไปที่หน้าจัดสรร งปม.
E2: =Note!$B$1 -> วิทยาลัยการอาชีพแม่สะเรียง
E3: เงินงบประมาณ | H3: เงินอุดหนุน | N3: งบรายจ่ายอื่น | O3: เงิน บกศ. | Q3: รวม
E4: ปวช. | F4: ปวส. | G4: ระยะสั้น | H4: อุดหนุน | I4: หนังสือ | J4: เครื่องแบบ | K4: กิจกรรม | L4: อุปกรณ์ | M4: เครื่องมือ | N4: โครงการ | O4: เงินรายได้ | P4: เงินรับฝาก
D5: ได้รับมา | E5: ='จัดสรร งปม.'!D31 -> 110 | F5: ='จัดสรร งปม.'!E31 -> 0 | G5: ='จัดสรร งปม.'!F31 -> 0 | H5: ='จัดสรร งปม.'!G31 -> 0 | I5: ='จัดสรร งปม.'!H31 -> 0 | J5: ='จัดสรร งปม.'!I31 -> 0 | K5: ='จัดสรร งปม.'!J31 -> 0 | L5: ='จัดสรร งปม.'!K31 -> 0 | ... Q5: ='จัดสรร งปม.'!P31 -> 110
D6: ใช้ไปแล้ว | E6: =SUM(E11:E45) -> 10 | F6: =SUM(F11:F45) -> 0 | G6: =SUM(G11:G45) -> 0 | H6: =SUM(H11:H45) -> 0 | I6: =SUM(I11:I45) -> 0 | J6: =SUM(J11:J45) -> 0 | K6: =SUM(K11:K45) -> 0 | L6: =SUM(L11:L45) -> 0 | ... Q6: =SUM(Q11:Q45) -> 10
B7: งบดำเนินงาน (ค่าใช้สอย) | D7: เหลือ | E7: =E5-E6 -> 100 | F7: =F5-F6 -> 0 | G7: =G5-G6 -> 0 | H7: =H5-H6 -> 0 | I7: =I5-I6 -> 0 | J7: =J5-J6 -> 0 | K7: =K5-K6 -> 0 | L7: =L5-L6 -> 0 | ... Q7: =Q5-Q6 -> 100
B8: รหัสรายการจ่าย | C8: ='จัดสรร งปม.'!$B$31 -> 301
B9: รายการจ่าย | C9: ='จัดสรร งปม.'!$C$31 -> ค่าจ้างซ่อมครุภัณฑ์การศึกษาและสำนักงาน
A10: รหัส | B10: วันที่ | C10: ชื่อผู้ขอใช้ | D10: แผนก/งาน | E10: ปวช. | F10: ปวส. | G10: ระยะสั้น | H10: อุดหนุน | I10: หนังสือ | J10: เครื่องแบบ | K10: กิจกรรม | L10: อุปกรณ์ | M10: เครื่องมือ | N10: โครงการ | O10: เงินรายได้ | P10: เงินรับฝาก | Q10: รวม
A11: 001 | E11: 10 | Q11: =SUM(E11:P11) -> 10
A12: 002 | Q12: =SUM(E12:P12) -> 0
A13: 003 | Q13: =SUM(E13:P13) -> 0
A14: 004 | Q14: =SUM(E14:P14) -> 0
A15: 005 | Q15: =SUM(E15:P15) -> 0
A16: 006 | Q16: =SUM(E16:P16) -> 0
A17: 007 | Q17: =SUM(E17:P17) -> 0
A18: 008 | Q18: =SUM(E18:P18) -> 0
A19: 009 | Q19: =SUM(E19:P19) -> 0
A20: 010 | Q20: =SUM(E20:P20) -> 0
A21: 011 | Q21: =SUM(E21:P21) -> 0
A22: 012 | Q22: =SUM(E22:P22) -> 0
A23: 013 | Q23: =SUM(E23:P23) -> 0
... A45: 035 | Q45: =SUM(E45:P45) -> 0

Sheet 302
A1: กลับไปที่หน้าจัดสรร งปม.
E2: =Note!$B$1 -> วิทยาลัยการอาชีพแม่สะเรียง
E3: เงินงบประมาณ | H3: เงินอุดหนุน | N3: งบรายจ่ายอื่น | O3: เงิน บกศ. | Q3: รวม
E4: ปวช. | F4: ปวส. | G4: ระยะสั้น | H4: อุดหนุน | I4: หนังสือ | J4: เครื่องแบบ | K4: กิจกรรม | L4: อุปกรณ์ | M4: เครื่องมือ | N4: โครงการ | O4: เงินรายได้ | P4: เงินรับฝาก
D5: ได้รับมา | E5: ='จัดสรร งปม.'!D32 -> 120 | F5: ='จัดสรร งปม.'!E32 -> 0 | G5: ='จัดสรร งปม.'!F32 -> 0 | H5: ='จัดสรร งปม.'!G32 -> 0 | I5: ='จัดสรร งปม.'!H32 -> 0 | J5: ='จัดสรร งปม.'!I32 -> 0 | K5: ='จัดสรร งปม.'!J32 -> 0 | L5: ='จัดสรร งปม.'!K32 -> 0 | ... Q5: ='จัดสรร งปม.'!P32 -> 120
D6: ใช้ไปแล้ว | E6: =SUM(E11:E45) -> 20 | F6: =SUM(F11:F45) -> 0 | G6: =SUM(G11:G45) -> 0 | H6: =SUM(H11:H45) -> 0 | I6: =SUM(I11:I45) -> 0 | J6: =SUM(J11:J45) -> 0 | K6: =SUM(K11:K45) -> 0 | L6: =SUM(L11:L45) -> 0 | ... Q6: =SUM(Q11:Q45) -> 20
B7: งบดำเนินงาน (ค่าใช้สอย) | D7: เหลือ | E7: =E5-E6 -> 100 | F7: =F5-F6 -> 0 | G7: =G5-G6 -> 0 | H7: =H5-H6 -> 0 | I7: =I5-I6 -> 0 | J7: =J5-J6 -> 0 | K7: =K5-K6 -> 0 | L7: =L5-L6 -> 0 | ... Q7: =Q5-Q6 -> 100
B8: รหัสรายการจ่าย | C8: ='จัดสรร งปม.'!$B$32 -> 302
B9: รายการจ่าย | C9: ='จัดสรร งปม.'!$C$32 -> ค่าซ่อมยานพาหนะ
A10: รหัส | B10: วันที่ | C10: ชื่อผู้ขอใช้ | D10: แผนก/งาน | E10: ปวช. | F10: ปวส. | G10: ระยะสั้น | H10: อุดหนุน | I10: หนังสือ | J10: เครื่องแบบ | K10: กิจกรรม | L10: อุปกรณ์ | M10: เครื่องมือ | N10: โครงการ | O10: เงินรายได้ | P10: เงินรับฝาก | Q10: รวม
A11: 001 | E11: 20 | Q11: =SUM(E11:P11) -> 20
A12: 002 | Q12: =SUM(E12:P12) -> 0
A13: 003 | Q13: =SUM(E13:P13) -> 0
A14: 004 | Q14: =SUM(E14:P14) -> 0
A15: 005 | Q15: =SUM(E15:P15) -> 0
A16: 006 | Q16: =SUM(E16:P16) -> 0
A17: 007 | Q17: =SUM(E17:P17) -> 0
A18: 008 | Q18: =SUM(E18:P18) -> 0
A19: 009 | Q19: =SUM(E19:P19) -> 0
A20: 010 | Q20: =SUM(E20:P20) -> 0
A21: 011 | Q21: =SUM(E21:P21) -> 0
A22: 012 | Q22: =SUM(E22:P22) -> 0
A23: 013 | Q23: =SUM(E23:P23) -> 0
... A45: 035 | Q45: =SUM(E45:P45) -> 0

Sheet 303
A1: กลับไปที่หน้าจัดสรร งปม.
E2: =Note!$B$1 -> วิทยาลัยการอาชีพแม่สะเรียง
E3: เงินงบประมาณ | H3: เงินอุดหนุน | N3: งบรายจ่ายอื่น | O3: เงิน บกศ. | Q3: รวม
E4: ปวช. | F4: ปวส. | G4: ระยะสั้น | H4: อุดหนุน | I4: หนังสือ | J4: เครื่องแบบ | K4: กิจกรรม | L4: อุปกรณ์ | M4: เครื่องมือ | N4: โครงการ | O4: เงินรายได้ | P4: เงินรับฝาก
D5: ได้รับมา | E5: ='จัดสรร งปม.'!D33 -> 130 | F5: ='จัดสรร งปม.'!E33 -> 0 | G5: ='จัดสรร งปม.'!F33 -> 0 | H5: ='จัดสรร งปม.'!G33 -> 0 | I5: ='จัดสรร งปม.'!H33 -> 0 | J5: ='จัดสรร งปม.'!I33 -> 0 | K5: ='จัดสรร งปม.'!J33 -> 0 | L5: ='จัดสรร งปม.'!K33 -> 0 | ... Q5: ='จัดสรร งปม.'!P33 -> 130
D6: ใช้ไปแล้ว | E6: =SUM(E11:E45) -> 30 | F6: =SUM(F11:F45) -> 0 | G6: =SUM(G11:G45) -> 0 | H6: =SUM(H11:H45) -> 0 | I6: =SUM(I11:I45) -> 0 | J6: =SUM(J11:J45) -> 0 | K6: =SUM(K11:K45) -> 0 | L6: =SUM(L11:L45) -> 0 | ... Q6: =SUM(Q11:Q45) -> 30
B7: งบดำเนินงาน (ค่าใช้สอย) | D7: เหลือ | E7: =E5-E6 -> 100 | F7: =F5-F6 -> 0 | G7: =G5-G6 -> 0 | H7: =H5-H6 -> 0 | I7: =I5-I6 -> 0 | J7: =J5-J6 -> 0 | K7: =K5-K6 -> 0 | L7: =L5-L6 -> 0 | ... Q7: =Q5-Q6 -> 100
B8: รหัสรายการจ่าย | C8: ='จัดสรร งปม.'!$B$33 -> 303
B9: รายการจ่าย | C9: ='จัดสรร งปม.'!$C$33 -> ค่าจ้างติดตั้ง ซ่อมแซมระบบสาธารณูปโภค
A10: รหัส | B10: วันที่ | C10: ชื่อผู้ขอใช้ | D10: แผนก/งาน | E10: ปวช. | F10: ปวส. | G10: ระยะสั้น | H10: อุดหนุน | I10: หนังสือ | J10: เครื่องแบบ | K10: กิจกรรม | L10: อุปกรณ์ | M10: เครื่องมือ | N10: โครงการ | O10: เงินรายได้ | P10: เงินรับฝาก | Q10: รวม
A11: 001 | E11: 30 | Q11: =SUM(E11:P11) -> 30
A12: 002 | Q12: =SUM(E12:P12) -> 0
A13: 003 | Q13: =SUM(E13:P13) -> 0
A14: 004 | Q14: =SUM(E14:P14) -> 0
A15: 005 | Q15: =SUM(E15:P15) -> 0
A16: 006 | Q16: =SUM(E16:P16) -> 0
A17: 007 | Q17: =SUM(E17:P17) -> 0
A18: 008 | Q18: =SUM(E18:P18) -> 0
A19: 009 | Q19: =SUM(E19:P19) -> 0
A20: 010 | Q20: =SUM(E20:P20) -> 0
A21: 011 | Q21: =SUM(E21:P21) -> 0
A22: 012 | Q22: =SUM(E22:P22) -> 0
A23: 013 | Q23: =SUM(E23:P23) -> 0
... A45: 035 | Q45: =SUM(E45:P45) -> 0

Sheet 304
A1: กลับไปที่หน้าจัดสรร งปม.
E2: =Note!$B$1 -> วิทยาลัยการอาชีพแม่สะเรียง
E3: เงินงบประมาณ | H3: เงินอุดหนุน | N3: งบรายจ่ายอื่น | O3: เงิน บกศ. | Q3: รวม
E4: ปวช. | F4: ปวส. | G4: ระยะสั้น | H4: อุดหนุน | I4: หนังสือ | J4: เครื่องแบบ | K4: กิจกรรม | L4: อุปกรณ์ | M4: เครื่องมือ | N4: โครงการ | O4: เงินรายได้ | P4: เงินรับฝาก
D5: ได้รับมา | E5: ='จัดสรร งปม.'!D34 -> 140 | F5: ='จัดสรร งปม.'!E34 -> 0 | G5: ='จัดสรร งปม.'!F34 -> 0 | H5: ='จัดสรร งปม.'!G34 -> 0 | I5: ='จัดสรร งปม.'!H34 -> 0 | J5: ='จัดสรร งปม.'!I34 -> 0 | K5: ='จัดสรร งปม.'!J34 -> 0 | L5: ='จัดสรร งปม.'!K34 -> 0 | ... Q5: ='จัดสรร งปม.'!P34 -> 140
D6: ใช้ไปแล้ว | E6: =SUM(E11:E45) -> 40 | F6: =SUM(F11:F45) -> 0 | G6: =SUM(G11:G45) -> 0 | H6: =SUM(H11:H45) -> 0 | I6: =SUM(I11:I45) -> 0 | J6: =SUM(J11:J45) -> 0 | K6: =SUM(K11:K45) -> 0 | L6: =SUM(L11:L45) -> 0 | ... Q6: =SUM(Q11:Q45) -> 40
B7: งบดำเนินงาน (ค่าใช้สอย) | D7: เหลือ | E7: =E5-E6 -> 100 | F7: =F5-F6 -> 0 | G7: =G5-G6 -> 0 | H7: =H5-H6 -> 0 | I7: =I5-I6 -> 0 | J7: =J5-J6 -> 0 | K7: =K5-K6 -> 0 | L7: =L5-L6 -> 0 | ... Q7: =Q5-Q6 -> 100
B8: รหัสรายการจ่าย | C8: ='จัดสรร งปม.'!$B$34 -> 304
B9: รายการจ่าย | C9: ='จัดสรร งปม.'!$C$34 -> ค่าจ้างซ่อมอาคารสถานที่/พัฒนาสิ่งแวดล้อม
A10: รหัส | B10: วันที่ | C10: ชื่อผู้ขอใช้ | D10: แผนก/งาน | E10: ปวช. | F10: ปวส. | G10: ระยะสั้น | H10: อุดหนุน | I10: หนังสือ | J10: เครื่องแบบ | K10: กิจกรรม | L10: อุปกรณ์ | M10: เครื่องมือ | N10: โครงการ | O10: เงินรายได้ | P10: เงินรับฝาก | Q10: รวม
A11: 001 | E11: 40 | Q11: =SUM(E11:P11) -> 40
A12: 002 | Q12: =SUM(E12:P12) -> 0
A13: 003 | Q13: =SUM(E13:P13) -> 0
A14: 004 | Q14: =SUM(E14:P14) -> 0
A15: 005 | Q15: =SUM(E15:P15) -> 0
A16: 006 | Q16: =SUM(E16:P16) -> 0
A17: 007 | Q17: =SUM(E17:P17) -> 0
A18: 008 | Q18: =SUM(E18:P18) -> 0
A19: 009 | Q19: =SUM(E19:P19) -> 0
A20: 010 | Q20: =SUM(E20:P20) -> 0
A21: 011 | Q21: =SUM(E21:P21) -> 0
A22: 012 | Q22: =SUM(E22:P22) -> 0
A23: 013 | Q23: =SUM(E23:P23) -> 0
... A45: 035 | Q45: =SUM(E45:P45) -> 0

Sheet 305
A1: กลับไปที่หน้าจัดสรร งปม.
E2: =Note!$B$1 -> วิทยาลัยการอาชีพแม่สะเรียง
E3: เงินงบประมาณ | H3: เงินอุดหนุน | N3: งบรายจ่ายอื่น | O3: เงิน บกศ. | Q3: รวม
E4: ปวช. | F4: ปวส. | G4: ระยะสั้น | H4: อุดหนุน | I4: หนังสือ | J4: เครื่องแบบ | K4: กิจกรรม | L4: อุปกรณ์ | M4: เครื่องมือ | N4: โครงการ | O4: เงินรายได้ | P4: เงินรับฝาก
D5: ได้รับมา | E5: ='จัดสรร งปม.'!D35 -> 150 | F5: ='จัดสรร งปม.'!E35 -> 0 | G5: ='จัดสรร งปม.'!F35 -> 0 | H5: ='จัดสรร งปม.'!G35 -> 0 | I5: ='จัดสรร งปม.'!H35 -> 0 | J5: ='จัดสรร งปม.'!I35 -> 0 | K5: ='จัดสรร งปม.'!J35 -> 0 | L5: ='จัดสรร งปม.'!K35 -> 0 | ... Q5: ='จัดสรร งปม.'!P35 -> 150
D6: ใช้ไปแล้ว | E6: =SUM(E11:E45) -> 50 | F6: =SUM(F11:F45) -> 0 | G6: =SUM(G11:G45) -> 0 | H6: =SUM(H11:H45) -> 0 | I6: =SUM(I11:I45) -> 0 | J6: =SUM(J11:J45) -> 0 | K6: =SUM(K11:K45) -> 0 | L6: =SUM(L11:L45) -> 0 | ... Q6: =SUM(Q11:Q45) -> 50
B7: งบดำเนินงาน (ค่าใช้สอย) | D7: เหลือ | E7: =E5-E6 -> 100 | F7: =F5-F6 -> 0 | G7: =G5-G6 -> 0 | H7: =H5-H6 -> 0 | I7: =I5-I6 -> 0 | J7: =J5-J6 -> 0 | K7: =K5-K6 -> 0 | L7: =L5-L6 -> 0 | ... Q7: =Q5-Q6 -> 100
B8: รหัสรายการจ่าย | C8: ='จัดสรร งปม.'!$B$35 -> 305
B9: รายการจ่าย | C9: ='จัดสรร งปม.'!$C$35 -> ค่าเบี้ยเลี้ยง พาหนะเดิอนทาง และที่พัก
A10: รหัส | B10: วันที่ | C10: ชื่อผู้ขอใช้ | D10: แผนก/งาน | E10: ปวช. | F10: ปวส. | G10: ระยะสั้น | H10: อุดหนุน | I10: หนังสือ | J10: เครื่องแบบ | K10: กิจกรรม | L10: อุปกรณ์ | M10: เครื่องมือ | N10: โครงการ | O10: เงินรายได้ | P10: เงินรับฝาก | Q10: รวม
A11: 001 | E11: 50 | Q11: =SUM(E11:P11) -> 50
A12: 002 | Q12: =SUM(E12:P12) -> 0
A13: 003 | Q13: =SUM(E13:P13) -> 0
A14: 004 | Q14: =SUM(E14:P14) -> 0
A15: 005 | Q15: =SUM(E15:P15) -> 0
A16: 006 | Q16: =SUM(E16:P16) -> 0
A17: 007 | Q17: =SUM(E17:P17) -> 0
A18: 008 | Q18: =SUM(E18:P18) -> 0
A19: 009 | Q19: =SUM(E19:P19) -> 0
A20: 010 | Q20: =SUM(E20:P20) -> 0
A21: 011 | Q21: =SUM(E21:P21) -> 0
A22: 012 | Q22: =SUM(E22:P22) -> 0
A23: 013 | Q23: =SUM(E23:P23) -> 0
... A45: 035 | Q45: =SUM(E45:P45) -> 0

Sheet 306
A1: กลับไปที่หน้าจัดสรร งปม.
E2: =Note!$B$1 -> วิทยาลัยการอาชีพแม่สะเรียง
E3: เงินงบประมาณ | H3: เงินอุดหนุน | N3: งบรายจ่ายอื่น | O3: เงิน บกศ. | Q3: รวม
E4: ปวช. | F4: ปวส. | G4: ระยะสั้น | H4: อุดหนุน | I4: หนังสือ | J4: เครื่องแบบ | K4: กิจกรรม | L4: อุปกรณ์ | M4: เครื่องมือ | N4: โครงการ | O4: เงินรายได้ | P4: เงินรับฝาก
D5: ได้รับมา | E5: ='จัดสรร งปม.'!D36 -> 160 | F5: ='จัดสรร งปม.'!E36 -> 0 | G5: ='จัดสรร งปม.'!F36 -> 0 | H5: ='จัดสรร งปม.'!G36 -> 0 | I5: ='จัดสรร งปม.'!H36 -> 0 | J5: ='จัดสรร งปม.'!I36 -> 0 | K5: ='จัดสรร งปม.'!J36 -> 0 | L5: ='จัดสรร งปม.'!K36 -> 0 | ... Q5: ='จัดสรร งปม.'!P36 -> 160
D6: ใช้ไปแล้ว | E6: =SUM(E11:E45) -> 60 | F6: =SUM(F11:F45) -> 0 | G6: =SUM(G11:G45) -> 0 | H6: =SUM(H11:H45) -> 0 | I6: =SUM(I11:I45) -> 0 | J6: =SUM(J11:J45) -> 0 | K6: =SUM(K11:K45) -> 0 | L6: =SUM(L11:L45) -> 0 | ... Q6: =SUM(Q11:Q45) -> 60
B7: งบดำเนินงาน (ค่าใช้สอย) | D7: เหลือ | E7: =E5-E6 -> 100 | F7: =F5-F6 -> 0 | G7: =G5-G6 -> 0 | H7: =H5-H6 -> 0 | I7: =I5-I6 -> 0 | J7: =J5-J6 -> 0 | K7: =K5-K6 -> 0 | L7: =L5-L6 -> 0 | ... Q7: =Q5-Q6 -> 100
B8: รหัสรายการจ่าย | C8: ='จัดสรร งปม.'!$B$36 -> 306
B9: รายการจ่าย | C9: ='จัดสรร งปม.'!$C$36 -> ค่าสมทบประกันสังคม(พนักงานราชการ)
A10: รหัส | B10: วันที่ | C10: ชื่อผู้ขอใช้ | D10: แผนก/งาน | E10: ปวช. | F10: ปวส. | G10: ระยะสั้น | H10: อุดหนุน | I10: หนังสือ | J10: เครื่องแบบ | K10: กิจกรรม | L10: อุปกรณ์ | M10: เครื่องมือ | N10: โครงการ | O10: เงินรายได้ | P10: เงินรับฝาก | Q10: รวม
A11: 001 | E11: 60 | Q11: =SUM(E11:P11) -> 60
A12: 002 | Q12: =SUM(E12:P12) -> 0
A13: 003 | Q13: =SUM(E13:P13) -> 0
A14: 004 | Q14: =SUM(E14:P14) -> 0
A15: 005 | Q15: =SUM(E15:P15) -> 0
A16: 006 | Q16: =SUM(E16:P16) -> 0
A17: 007 | Q17: =SUM(E17:P17) -> 0
A18: 008 | Q18: =SUM(E18:P18) -> 0
A19: 009 | Q19: =SUM(E19:P19) -> 0
A20: 010 | Q20: =SUM(E20:P20) -> 0
A21: 011 | Q21: =SUM(E21:P21) -> 0
A22: 012 | Q22: =SUM(E22:P22) -> 0
A23: 013 | Q23: =SUM(E23:P23) -> 0
... A45: 035 | Q45: =SUM(E45:P45) -> 0

Sheet 307
A1: กลับไปที่หน้าจัดสรร งปม.
E2: =Note!$B$1 -> วิทยาลัยการอาชีพแม่สะเรียง
E3: เงินงบประมาณ | H3: เงินอุดหนุน | N3: งบรายจ่ายอื่น | O3: เงิน บกศ. | Q3: รวม
E4: ปวช. | F4: ปวส. | G4: ระยะสั้น | H4: อุดหนุน | I4: หนังสือ | J4: เครื่องแบบ | K4: กิจกรรม | L4: อุปกรณ์ | M4: เครื่องมือ | N4: โครงการ | O4: เงินรายได้ | P4: เงินรับฝาก
D5: ได้รับมา | E5: ='จัดสรร งปม.'!D37 -> 170 | F5: ='จัดสรร งปม.'!E37 -> 0 | G5: ='จัดสรร งปม.'!F37 -> 0 | H5: ='จัดสรร งปม.'!G37 -> 0 | I5: ='จัดสรร งปม.'!H37 -> 0 | J5: ='จัดสรร งปม.'!I37 -> 0 | K5: ='จัดสรร งปม.'!J37 -> 0 | L5: ='จัดสรร งปม.'!K37 -> 0 | ... Q5: ='จัดสรร งปม.'!P37 -> 170
D6: ใช้ไปแล้ว | E6: =SUM(E11:E45) -> 70 | F6: =SUM(F11:F45) -> 0 | G6: =SUM(G11:G45) -> 0 | H6: =SUM(H11:H45) -> 0 | I6: =SUM(I11:I45) -> 0 | J6: =SUM(J11:J45) -> 0 | K6: =SUM(K11:K45) -> 0 | L6: =SUM(L11:L45) -> 0 | ... Q6: =SUM(Q11:Q45) -> 70
B7: งบดำเนินงาน (ค่าใช้สอย) | D7: เหลือ | E7: =E5-E6 -> 100 | F7: =F5-F6 -> 0 | G7: =G5-G6 -> 0 | H7: =H5-H6 -> 0 | I7: =I5-I6 -> 0 | J7: =J5-J6 -> 0 | K7: =K5-K6 -> 0 | L7: =L5-L6 -> 0 | ... Q7: =Q5-Q6 -> 100
B8: รหัสรายการจ่าย | C8: ='จัดสรร งปม.'!$B$37 -> 307
B9: รายการจ่าย | C9: ='จัดสรร งปม.'!$C$37 -> ค่าสมทบประกันสังคม(ครูรายเดือน)
A10: รหัส | B10: วันที่ | C10: ชื่อผู้ขอใช้ | D10: แผนก/งาน | E10: ปวช. | F10: ปวส. | G10: ระยะสั้น | H10: อุดหนุน | I10: หนังสือ | J10: เครื่องแบบ | K10: กิจกรรม | L10: อุปกรณ์ | M10: เครื่องมือ | N10: โครงการ | O10: เงินรายได้ | P10: เงินรับฝาก | Q10: รวม
A11: 001 | E11: 70 | Q11: =SUM(E11:P11) -> 70
A12: 002 | Q12: =SUM(E12:P12) -> 0
A13: 003 | Q13: =SUM(E13:P13) -> 0
A14: 004 | Q14: =SUM(E14:P14) -> 0
A15: 005 | Q15: =SUM(E15:P15) -> 0
A16: 006 | Q16: =SUM(E16:P16) -> 0
A17: 007 | Q17: =SUM(E17:P17) -> 0
A18: 008 | Q18: =SUM(E18:P18) -> 0
A19: 009 | Q19: =SUM(E19:P19) -> 0
A20: 010 | Q20: =SUM(E20:P20) -> 0
A21: 011 | Q21: =SUM(E21:P21) -> 0
A22: 012 | Q22: =SUM(E22:P22) -> 0
A23: 013 | Q23: =SUM(E23:P23) -> 0
... A45: 035 | Q45: =SUM(E45:P45) -> 0

Sheet 308
A1: กลับไปที่หน้าจัดสรร งปม.
E2: =Note!$B$1 -> วิทยาลัยการอาชีพแม่สะเรียง
E3: เงินงบประมาณ | H3: เงินอุดหนุน | N3: งบรายจ่ายอื่น | O3: เงิน บกศ. | Q3: รวม
E4: ปวช. | F4: ปวส. | G4: ระยะสั้น | H4: อุดหนุน | I4: หนังสือ | J4: เครื่องแบบ | K4: กิจกรรม | L4: อุปกรณ์ | M4: เครื่องมือ | N4: โครงการ | O4: เงินรายได้ | P4: เงินรับฝาก
D5: ได้รับมา | E5: ='จัดสรร งปม.'!D38 -> 180 | F5: ='จัดสรร งปม.'!E38 -> 0 | G5: ='จัดสรร งปม.'!F38 -> 0 | H5: ='จัดสรร งปม.'!G38 -> 0 | I5: ='จัดสรร งปม.'!H38 -> 0 | J5: ='จัดสรร งปม.'!I38 -> 0 | K5: ='จัดสรร งปม.'!J38 -> 0 | L5: ='จัดสรร งปม.'!K38 -> 0 | ... Q5: ='จัดสรร งปม.'!P38 -> 180
D6: ใช้ไปแล้ว | E6: =SUM(E11:E45) -> 80 | F6: =SUM(F11:F45) -> 0 | G6: =SUM(G11:G45) -> 0 | H6: =SUM(H11:H45) -> 0 | I6: =SUM(I11:I45) -> 0 | J6: =SUM(J11:J45) -> 0 | K6: =SUM(K11:K45) -> 0 | L6: =SUM(L11:L45) -> 0 | ... Q6: =SUM(Q11:Q45) -> 80
B7: งบดำเนินงาน (ค่าใช้สอย) | D7: เหลือ | E7: =E5-E6 -> 100 | F7: =F5-F6 -> 0 | G7: =G5-G6 -> 0 | H7: =H5-H6 -> 0 | I7: =I5-I6 -> 0 | J7: =J5-J6 -> 0 | K7: =K5-K6 -> 0 | L7: =L5-L6 -> 0 | ... Q7: =Q5-Q6 -> 100
B8: รหัสรายการจ่าย | C8: ='จัดสรร งปม.'!$B$38 -> 308
B9: รายการจ่าย | C9: ='จัดสรร งปม.'!$C$38 -> ค่าสมทบประกันสังคม(เจ้าหน้าที่รายเดือน)
A10: รหัส | B10: วันที่ | C10: ชื่อผู้ขอใช้ | D10: แผนก/งาน | E10: ปวช. | F10: ปวส. | G10: ระยะสั้น | H10: อุดหนุน | I10: หนังสือ | J10: เครื่องแบบ | K10: กิจกรรม | L10: อุปกรณ์ | M10: เครื่องมือ | N10: โครงการ | O10: เงินรายได้ | P10: เงินรับฝาก | Q10: รวม
A11: 001 | E11: 80 | Q11: =SUM(E11:P11) -> 80
A12: 002 | Q12: =SUM(E12:P12) -> 0
A13: 003 | Q13: =SUM(E13:P13) -> 0
A14: 004 | Q14: =SUM(E14:P14) -> 0
A15: 005 | Q15: =SUM(E15:P15) -> 0
A16: 006 | Q16: =SUM(E16:P16) -> 0
A17: 007 | Q17: =SUM(E17:P17) -> 0
A18: 008 | Q18: =SUM(E18:P18) -> 0
A19: 009 | Q19: =SUM(E19:P19) -> 0
A20: 010 | Q20: =SUM(E20:P20) -> 0
A21: 011 | Q21: =SUM(E21:P21) -> 0
A22: 012 | Q22: =SUM(E22:P22) -> 0
A23: 013 | Q23: =SUM(E23:P23) -> 0
... A45: 035 | Q45: =SUM(E45:P45) -> 0

Sheet 309
A1: กลับไปที่หน้าจัดสรร งปม.
E2: =Note!$B$1 -> วิทยาลัยการอาชีพแม่สะเรียง
E3: เงินงบประมาณ | H3: เงินอุดหนุน | N3: งบรายจ่ายอื่น | O3: เงิน บกศ. | Q3: รวม
E4: ปวช. | F4: ปวส. | G4: ระยะสั้น | H4: อุดหนุน | I4: หนังสือ | J4: เครื่องแบบ | K4: กิจกรรม | L4: อุปกรณ์ | M4: เครื่องมือ | N4: โครงการ | O4: เงินรายได้ | P4: เงินรับฝาก
D5: ได้รับมา | E5: ='จัดสรร งปม.'!D39 -> 190 | F5: ='จัดสรร งปม.'!E39 -> 0 | G5: ='จัดสรร งปม.'!F39 -> 0 | H5: ='จัดสรร งปม.'!G39 -> 0 | I5: ='จัดสรร งปม.'!H39 -> 0 | J5: ='จัดสรร งปม.'!I39 -> 0 | K5: ='จัดสรร งปม.'!J39 -> 0 | L5: ='จัดสรร งปม.'!K39 -> 0 | ... Q5: ='จัดสรร งปม.'!P39 -> 190
D6: ใช้ไปแล้ว | E6: =SUM(E11:E45) -> 90 | F6: =SUM(F11:F45) -> 0 | G6: =SUM(G11:G45) -> 0 | H6: =SUM(H11:H45) -> 0 | I6: =SUM(I11:I45) -> 0 | J6: =SUM(J11:J45) -> 0 | K6: =SUM(K11:K45) -> 0 | L6: =SUM(L11:L45) -> 0 | ... Q6: =SUM(Q11:Q45) -> 90
B7: งบดำเนินงาน (ค่าใช้สอย) | D7: เหลือ | E7: =E5-E6 -> 100 | F7: =F5-F6 -> 0 | G7: =G5-G6 -> 0 | H7: =H5-H6 -> 0 | I7: =I5-I6 -> 0 | J7: =J5-J6 -> 0 | K7: =K5-K6 -> 0 | L7: =L5-L6 -> 0 | ... Q7: =Q5-Q6 -> 100
B8: รหัสรายการจ่าย | C8: ='จัดสรร งปม.'!$B$39 -> 309
B9: รายการจ่าย | C9: ='จัดสรร งปม.'!$C$39 -> ค่าใช้สอยอื่นๆ(ไม่เกิน50,000/ครั้ง/รายการ)
A10: รหัส | B10: วันที่ | C10: ชื่อผู้ขอใช้ | D10: แผนก/งาน | E10: ปวช. | F10: ปวส. | G10: ระยะสั้น | H10: อุดหนุน | I10: หนังสือ | J10: เครื่องแบบ | K10: กิจกรรม | L10: อุปกรณ์ | M10: เครื่องมือ | N10: โครงการ | O10: เงินรายได้ | P10: เงินรับฝาก | Q10: รวม
A11: 001 | E11: 90 | Q11: =SUM(E11:P11) -> 90
A12: 002 | Q12: =SUM(E12:P12) -> 0
A13: 003 | Q13: =SUM(E13:P13) -> 0
A14: 004 | Q14: =SUM(E14:P14) -> 0
A15: 005 | Q15: =SUM(E15:P15) -> 0
A16: 006 | Q16: =SUM(E16:P16) -> 0
A17: 007 | Q17: =SUM(E17:P17) -> 0
A18: 008 | Q18: =SUM(E18:P18) -> 0
A19: 009 | Q19: =SUM(E19:P19) -> 0
A20: 010 | Q20: =SUM(E20:P20) -> 0
A21: 011 | Q21: =SUM(E21:P21) -> 0
A22: 012 | Q22: =SUM(E22:P22) -> 0
A23: 013 | Q23: =SUM(E23:P23) -> 0
... A45: 035 | Q45: =SUM(E45:P45) -> 0

Sheet 310
A1: กลับไปที่หน้าจัดสรร งปม.
E2: =Note!$B$1 -> วิทยาลัยการอาชีพแม่สะเรียง
E3: เงินงบประมาณ | H3: เงินอุดหนุน | N3: งบรายจ่ายอื่น | O3: เงิน บกศ. | Q3: รวม
E4: ปวช. | F4: ปวส. | G4: ระยะสั้น | H4: อุดหนุน | I4: หนังสือ | J4: เครื่องแบบ | K4: กิจกรรม | L4: อุปกรณ์ | M4: เครื่องมือ | N4: โครงการ | O4: เงินรายได้ | P4: เงินรับฝาก
D5: ได้รับมา | E5: ='จัดสรร งปม.'!D40 -> 200 | F5: ='จัดสรร งปม.'!E40 -> 0 | G5: ='จัดสรร งปม.'!F40 -> 0 | H5: ='จัดสรร งปม.'!G40 -> 0 | I5: ='จัดสรร งปม.'!H40 -> 0 | J5: ='จัดสรร งปม.'!I40 -> 0 | K5: ='จัดสรร งปม.'!J40 -> 0 | L5: ='จัดสรร งปม.'!K40 -> 0 | ... Q5: ='จัดสรร งปม.'!P40 -> 200
D6: ใช้ไปแล้ว | E6: =SUM(E11:E45) -> 50 | F6: =SUM(F11:F45) -> 0 | G6: =SUM(G11:G45) -> 0 | H6: =SUM(H11:H45) -> 0 | I6: =SUM(I11:I45) -> 0 | J6: =SUM(J11:J45) -> 0 | K6: =SUM(K11:K45) -> 0 | L6: =SUM(L11:L45) -> 0 | ... Q6: =SUM(Q11:Q45) -> 50
B7: งบดำเนินงาน (ค่าใช้สอย) | D7: เหลือ | E7: =E5-E6 -> 150 | F7: =F5-F6 -> 0 | G7: =G5-G6 -> 0 | H7: =H5-H6 -> 0 | I7: =I5-I6 -> 0 | J7: =J5-J6 -> 0 | K7: =K5-K6 -> 0 | L7: =L5-L6 -> 0 | ... Q7: =Q5-Q6 -> 150
B8: รหัสรายการจ่าย | C8: ='จัดสรร งปม.'!$B$40 -> 310
B9: รายการจ่าย | C9: ='จัดสรร งปม.'!$C$40 -> สำรอง 1
A10: รหัส | B10: วันที่ | C10: ชื่อผู้ขอใช้ | D10: แผนก/งาน | E10: ปวช. | F10: ปวส. | G10: ระยะสั้น | H10: อุดหนุน | I10: หนังสือ | J10: เครื่องแบบ | K10: กิจกรรม | L10: อุปกรณ์ | M10: เครื่องมือ | N10: โครงการ | O10: เงินรายได้ | P10: เงินรับฝาก | Q10: รวม
A11: 001 | E11: 50 | Q11: =SUM(E11:P11) -> 50
A12: 002 | Q12: =SUM(E12:P12) -> 0
A13: 003 | Q13: =SUM(E13:P13) -> 0
A14: 004 | Q14: =SUM(E14:P14) -> 0
A15: 005 | Q15: =SUM(E15:P15) -> 0
A16: 006 | Q16: =SUM(E16:P16) -> 0
A17: 007 | Q17: =SUM(E17:P17) -> 0
A18: 008 | Q18: =SUM(E18:P18) -> 0
A19: 009 | Q19: =SUM(E19:P19) -> 0
A20: 010 | Q20: =SUM(E20:P20) -> 0
A21: 011 | Q21: =SUM(E21:P21) -> 0
A22: 012 | Q22: =SUM(E22:P22) -> 0
A23: 013 | Q23: =SUM(E23:P23) -> 0
... A45: 035 | Q45: =SUM(E45:P45) -> 0

Sheet 311
A1: กลับไปที่หน้าจัดสรร งปม.
E2: =Note!$B$1 -> วิทยาลัยการอาชีพแม่สะเรียง
E3: เงินงบประมาณ | H3: เงินอุดหนุน | N3: งบรายจ่ายอื่น | O3: เงิน บกศ. | Q3: รวม
E4: ปวช. | F4: ปวส. | G4: ระยะสั้น | H4: อุดหนุน | I4: หนังสือ | J4: เครื่องแบบ | K4: กิจกรรม | L4: อุปกรณ์ | M4: เครื่องมือ | N4: โครงการ | O4: เงินรายได้ | P4: เงินรับฝาก
D5: ได้รับมา | E5: ='จัดสรร งปม.'!D41 -> 210 | F5: ='จัดสรร งปม.'!E41 -> 0 | G5: ='จัดสรร งปม.'!F41 -> 0 | H5: ='จัดสรร งปม.'!G41 -> 0 | I5: ='จัดสรร งปม.'!H41 -> 0 | J5: ='จัดสรร งปม.'!I41 -> 0 | K5: ='จัดสรร งปม.'!J41 -> 0 | L5: ='จัดสรร งปม.'!K41 -> 0 | ... Q5: ='จัดสรร งปม.'!P41 -> 210
D6: ใช้ไปแล้ว | E6: =SUM(E11:E45) -> 10 | F6: =SUM(F11:F45) -> 0 | G6: =SUM(G11:G45) -> 0 | H6: =SUM(H11:H45) -> 0 | I6: =SUM(I11:I45) -> 0 | J6: =SUM(J11:J45) -> 0 | K6: =SUM(K11:K45) -> 0 | L6: =SUM(L11:L45) -> 0 | ... Q6: =SUM(Q11:Q45) -> 10
B7: งบดำเนินงาน (ค่าใช้สอย) | D7: เหลือ | E7: =E5-E6 -> 200 | F7: =F5-F6 -> 0 | G7: =G5-G6 -> 0 | H7: =H5-H6 -> 0 | I7: =I5-I6 -> 0 | J7: =J5-J6 -> 0 | K7: =K5-K6 -> 0 | L7: =L5-L6 -> 0 | ... Q7: =Q5-Q6 -> 200
B8: รหัสรายการจ่าย | C8: ='จัดสรร งปม.'!$B$41 -> 311
B9: รายการจ่าย | C9: ='จัดสรร งปม.'!$C$41 -> สำรอง 2
A10: รหัส | B10: วันที่ | C10: ชื่อผู้ขอใช้ | D10: แผนก/งาน | E10: ปวช. | F10: ปวส. | G10: ระยะสั้น | H10: อุดหนุน | I10: หนังสือ | J10: เครื่องแบบ | K10: กิจกรรม | L10: อุปกรณ์ | M10: เครื่องมือ | N10: โครงการ | O10: เงินรายได้ | P10: เงินรับฝาก | Q10: รวม
A11: 001 | E11: 10 | Q11: =SUM(E11:P11) -> 10
A12: 002 | Q12: =SUM(E12:P12) -> 0
A13: 003 | Q13: =SUM(E13:P13) -> 0
A14: 004 | Q14: =SUM(E14:P14) -> 0
A15: 005 | Q15: =SUM(E15:P15) -> 0
A16: 006 | Q16: =SUM(E16:P16) -> 0
A17: 007 | Q17: =SUM(E17:P17) -> 0
A18: 008 | Q18: =SUM(E18:P18) -> 0
A19: 009 | Q19: =SUM(E19:P19) -> 0
A20: 010 | Q20: =SUM(E20:P20) -> 0
A21: 011 | Q21: =SUM(E21:P21) -> 0
A22: 012 | Q22: =SUM(E22:P22) -> 0
A23: 013 | Q23: =SUM(E23:P23) -> 0
... A45: 035 | Q45: =SUM(E45:P45) -> 0

Sheet 312
A1: กลับไปที่หน้าจัดสรร งปม.
E2: =Note!$B$1 -> วิทยาลัยการอาชีพแม่สะเรียง
E3: เงินงบประมาณ | H3: เงินอุดหนุน | N3: งบรายจ่ายอื่น | O3: เงิน บกศ. | Q3: รวม
E4: ปวช. | F4: ปวส. | G4: ระยะสั้น | H4: อุดหนุน | I4: หนังสือ | J4: เครื่องแบบ | K4: กิจกรรม | L4: อุปกรณ์ | M4: เครื่องมือ | N4: โครงการ | O4: เงินรายได้ | P4: เงินรับฝาก
D5: ได้รับมา | E5: ='จัดสรร งปม.'!D42 -> 220 | F5: ='จัดสรร งปม.'!E42 -> 0 | G5: ='จัดสรร งปม.'!F42 -> 0 | H5: ='จัดสรร งปม.'!G42 -> 0 | I5: ='จัดสรร งปม.'!H42 -> 0 | J5: ='จัดสรร งปม.'!I42 -> 0 | K5: ='จัดสรร งปม.'!J42 -> 0 | L5: ='จัดสรร งปม.'!K42 -> 0 | ... Q5: ='จัดสรร งปม.'!P42 -> 220
D6: ใช้ไปแล้ว | E6: =SUM(E11:E45) -> 20 | F6: =SUM(F11:F45) -> 0 | G6: =SUM(G11:G45) -> 0 | H6: =SUM(H11:H45) -> 0 | I6: =SUM(I11:I45) -> 0 | J6: =SUM(J11:J45) -> 0 | K6: =SUM(K11:K45) -> 0 | L6: =SUM(L11:L45) -> 0 | ... Q6: =SUM(Q11:Q45) -> 20
B7: งบดำเนินงาน (ค่าใช้สอย) | D7: เหลือ | E7: =E5-E6 -> 200 | F7: =F5-F6 -> 0 | G7: =G5-G6 -> 0 | H7: =H5-H6 -> 0 | I7: =I5-I6 -> 0 | J7: =J5-J6 -> 0 | K7: =K5-K6 -> 0 | L7: =L5-L6 -> 0 | ... Q7: =Q5-Q6 -> 200
B8: รหัสรายการจ่าย | C8: ='จัดสรร งปม.'!$B$42 -> 312
B9: รายการจ่าย | C9: ='จัดสรร งปม.'!$C$42 -> สำรอง 3
A10: รหัส | B10: วันที่ | C10: ชื่อผู้ขอใช้ | D10: แผนก/งาน | E10: ปวช. | F10: ปวส. | G10: ระยะสั้น | H10: อุดหนุน | I10: หนังสือ | J10: เครื่องแบบ | K10: กิจกรรม | L10: อุปกรณ์ | M10: เครื่องมือ | N10: โครงการ | O10: เงินรายได้ | P10: เงินรับฝาก | Q10: รวม
A11: 001 | E11: 20 | Q11: =SUM(E11:P11) -> 20
A12: 002 | Q12: =SUM(E12:P12) -> 0
A13: 003 | Q13: =SUM(E13:P13) -> 0
A14: 004 | Q14: =SUM(E14:P14) -> 0
A15: 005 | Q15: =SUM(E15:P15) -> 0
A16: 006 | Q16: =SUM(E16:P16) -> 0
A17: 007 | Q17: =SUM(E17:P17) -> 0
A18: 008 | Q18: =SUM(E18:P18) -> 0
A19: 009 | Q19: =SUM(E19:P19) -> 0
A20: 010 | Q20: =SUM(E20:P20) -> 0
A21: 011 | Q21: =SUM(E21:P21) -> 0
A22: 012 | Q22: =SUM(E22:P22) -> 0
A23: 013 | Q23: =SUM(E23:P23) -> 0
... A45: 035 | Q45: =SUM(E45:P45) -> 0

Sheet 313
A1: กลับไปที่หน้าจัดสรร งปม.
E2: =Note!$B$1 -> วิทยาลัยการอาชีพแม่สะเรียง
E3: เงินงบประมาณ | H3: เงินอุดหนุน | N3: งบรายจ่ายอื่น | O3: เงิน บกศ. | Q3: รวม
E4: ปวช. | F4: ปวส. | G4: ระยะสั้น | H4: อุดหนุน | I4: หนังสือ | J4: เครื่องแบบ | K4: กิจกรรม | L4: อุปกรณ์ | M4: เครื่องมือ | N4: โครงการ | O4: เงินรายได้ | P4: เงินรับฝาก
D5: ได้รับมา | E5: ='จัดสรร งปม.'!D43 -> 230 | F5: ='จัดสรร งปม.'!E43 -> 0 | G5: ='จัดสรร งปม.'!F43 -> 0 | H5: ='จัดสรร งปม.'!G43 -> 0 | I5: ='จัดสรร งปม.'!H43 -> 0 | J5: ='จัดสรร งปม.'!I43 -> 0 | K5: ='จัดสรร งปม.'!J43 -> 0 | L5: ='จัดสรร งปม.'!K43 -> 0 | ... Q5: ='จัดสรร งปม.'!P43 -> 230
D6: ใช้ไปแล้ว | E6: =SUM(E11:E45) -> 30 | F6: =SUM(F11:F45) -> 0 | G6: =SUM(G11:G45) -> 0 | H6: =SUM(H11:H45) -> 0 | I6: =SUM(I11:I45) -> 0 | J6: =SUM(J11:J45) -> 0 | K6: =SUM(K11:K45) -> 0 | L6: =SUM(L11:L45) -> 0 | ... Q6: =SUM(Q11:Q45) -> 30
B7: งบดำเนินงาน (ค่าใช้สอย) | D7: เหลือ | E7: =E5-E6 -> 200 | F7: =F5-F6 -> 0 | G7: =G5-G6 -> 0 | H7: =H5-H6 -> 0 | I7: =I5-I6 -> 0 | J7: =J5-J6 -> 0 | K7: =K5-K6 -> 0 | L7: =L5-L6 -> 0 | ... Q7: =Q5-Q6 -> 200
B8: รหัสรายการจ่าย | C8: ='จัดสรร งปม.'!$B$43 -> 313
B9: รายการจ่าย | C9: ='จัดสรร งปม.'!$C$43 -> สำรอง 4
A10: รหัส | B10: วันที่ | C10: ชื่อผู้ขอใช้ | D10: แผนก/งาน | E10: ปวช. | F10: ปวส. | G10: ระยะสั้น | H10: อุดหนุน | I10: หนังสือ | J10: เครื่องแบบ | K10: กิจกรรม | L10: อุปกรณ์ | M10: เครื่องมือ | N10: โครงการ | O10: เงินรายได้ | P10: เงินรับฝาก | Q10: รวม
A11: 001 | E11: 30 | Q11: =SUM(E11:P11) -> 30
A12: 002 | Q12: =SUM(E12:P12) -> 0
A13: 003 | Q13: =SUM(E13:P13) -> 0
A14: 004 | Q14: =SUM(E14:P14) -> 0
A15: 005 | Q15: =SUM(E15:P15) -> 0
A16: 006 | Q16: =SUM(E16:P16) -> 0
A17: 007 | Q17: =SUM(E17:P17) -> 0
A18: 008 | Q18: =SUM(E18:P18) -> 0
A19: 009 | Q19: =SUM(E19:P19) -> 0
A20: 010 | Q20: =SUM(E20:P20) -> 0
A21: 011 | Q21: =SUM(E21:P21) -> 0
A22: 012 | Q22: =SUM(E22:P22) -> 0
A23: 013 | Q23: =SUM(E23:P23) -> 0
... A45: 035 | Q45: =SUM(E45:P45) -> 0

Sheet 314
A1: กลับไปที่หน้าจัดสรร งปม.
E2: =Note!$B$1 -> วิทยาลัยการอาชีพแม่สะเรียง
E3: เงินงบประมาณ | H3: เงินอุดหนุน | N3: งบรายจ่ายอื่น | O3: เงิน บกศ. | Q3: รวม
E4: ปวช. | F4: ปวส. | G4: ระยะสั้น | H4: อุดหนุน | I4: หนังสือ | J4: เครื่องแบบ | K4: กิจกรรม | L4: อุปกรณ์ | M4: เครื่องมือ | N4: โครงการ | O4: เงินรายได้ | P4: เงินรับฝาก
D5: ได้รับมา | E5: ='จัดสรร งปม.'!D44 -> 240 | F5: ='จัดสรร งปม.'!E44 -> 0 | G5: ='จัดสรร งปม.'!F44 -> 0 | H5: ='จัดสรร งปม.'!G44 -> 0 | I5: ='จัดสรร งปม.'!H44 -> 0 | J5: ='จัดสรร งปม.'!I44 -> 0 | K5: ='จัดสรร งปม.'!J44 -> 0 | L5: ='จัดสรร งปม.'!K44 -> 0 | ... Q5: ='จัดสรร งปม.'!P44 -> 240
D6: ใช้ไปแล้ว | E6: =SUM(E11:E45) -> 40 | F6: =SUM(F11:F45) -> 0 | G6: =SUM(G11:G45) -> 0 | H6: =SUM(H11:H45) -> 0 | I6: =SUM(I11:I45) -> 0 | J6: =SUM(J11:J45) -> 0 | K6: =SUM(K11:K45) -> 0 | L6: =SUM(L11:L45) -> 0 | ... Q6: =SUM(Q11:Q45) -> 40
B7: งบดำเนินงาน (ค่าใช้สอย) | D7: เหลือ | E7: =E5-E6 -> 200 | F7: =F5-F6 -> 0 | G7: =G5-G6 -> 0 | H7: =H5-H6 -> 0 | I7: =I5-I6 -> 0 | J7: =J5-J6 -> 0 | K7: =K5-K6 -> 0 | L7: =L5-L6 -> 0 | ... Q7: =Q5-Q6 -> 200
B8: รหัสรายการจ่าย | C8: ='จัดสรร งปม.'!$B$44 -> 314
B9: รายการจ่าย | C9: ='จัดสรร งปม.'!$C$44 -> สำรอง 5
A10: รหัส | B10: วันที่ | C10: ชื่อผู้ขอใช้ | D10: แผนก/งาน | E10: ปวช. | F10: ปวส. | G10: ระยะสั้น | H10: อุดหนุน | I10: หนังสือ | J10: เครื่องแบบ | K10: กิจกรรม | L10: อุปกรณ์ | M10: เครื่องมือ | N10: โครงการ | O10: เงินรายได้ | P10: เงินรับฝาก | Q10: รวม
A11: 001 | E11: 40 | Q11: =SUM(E11:P11) -> 40
A12: 002 | Q12: =SUM(E12:P12) -> 0
A13: 003 | Q13: =SUM(E13:P13) -> 0
A14: 004 | Q14: =SUM(E14:P14) -> 0
A15: 005 | Q15: =SUM(E15:P15) -> 0
A16: 006 | Q16: =SUM(E16:P16) -> 0
A17: 007 | Q17: =SUM(E17:P17) -> 0
A18: 008 | Q18: =SUM(E18:P18) -> 0
A19: 009 | Q19: =SUM(E19:P19) -> 0
A20: 010 | Q20: =SUM(E20:P20) -> 0
A21: 011 | Q21: =SUM(E21:P21) -> 0
A22: 012 | Q22: =SUM(E22:P22) -> 0
A23: 013 | Q23: =SUM(E23:P23) -> 0
... A45: 035 | Q45: =SUM(E45:P45) -> 0

Sheet 401
A1: กลับไปที่หน้าจัดสรร งปม.
E2: =Note!$B$1 -> วิทยาลัยการอาชีพแม่สะเรียง
E3: เงินงบประมาณ | H3: เงินอุดหนุน | N3: งบรายจ่ายอื่น | O3: เงิน บกศ. | Q3: รวม
E4: ปวช. | F4: ปวส. | G4: ระยะสั้น | H4: อุดหนุน | I4: หนังสือ | J4: เครื่องแบบ | K4: กิจกรรม | L4: อุปกรณ์ | M4: เครื่องมือ | N4: โครงการ | O4: เงินรายได้ | P4: เงินรับฝาก
D5: ได้รับมา | E5: ='จัดสรร งปม.'!D46 -> 110 | F5: ='จัดสรร งปม.'!E46 -> 0 | G5: ='จัดสรร งปม.'!F46 -> 0 | H5: ='จัดสรร งปม.'!G46 -> 0 | I5: ='จัดสรร งปม.'!H46 -> 0 | J5: ='จัดสรร งปม.'!I46 -> 0 | K5: ='จัดสรร งปม.'!J46 -> 0 | L5: ='จัดสรร งปม.'!K46 -> 0 | ... Q5: ='จัดสรร งปม.'!P46 -> 110
D6: ใช้ไปแล้ว | E6: =SUM(E11:E45) -> 10 | F6: =SUM(F11:F45) -> 0 | G6: =SUM(G11:G45) -> 0 | H6: =SUM(H11:H45) -> 0 | I6: =SUM(I11:I45) -> 0 | J6: =SUM(J11:J45) -> 0 | K6: =SUM(K11:K45) -> 0 | L6: =SUM(L11:L45) -> 0 | ... Q6: =SUM(Q11:Q45) -> 10
B7: งบดำเนินงาน (ค่าวัสดุ) | D7: เหลือ | E7: =E5-E6 -> 100 | F7: =F5-F6 -> 0 | G7: =G5-G6 -> 0 | H7: =H5-H6 -> 0 | I7: =I5-I6 -> 0 | J7: =J5-J6 -> 0 | K7: =K5-K6 -> 0 | L7: =L5-L6 -> 0 | ... Q7: =Q5-Q6 -> 100
B8: รหัสรายการจ่าย | C8: ='จัดสรร งปม.'!$B$46 -> 401
B9: รายการจ่าย | C9: ='จัดสรร งปม.'!$C$46 -> แผนกวิชาช่างก่อสร้าง
A10: รหัส | B10: วันที่ | C10: ชื่อผู้ขอใช้ | D10: แผนก/งาน | E10: ปวช. | F10: ปวส. | G10: ระยะสั้น | H10: อุดหนุน | I10: หนังสือ | J10: เครื่องแบบ | K10: กิจกรรม | L10: อุปกรณ์ | M10: เครื่องมือ | N10: โครงการ | O10: เงินรายได้ | P10: เงินรับฝาก | Q10: รวม
A11: 001 | E11: 10 | Q11: =SUM(E11:P11) -> 10
A12: 002 | Q12: =SUM(E12:P12) -> 0
A13: 003 | Q13: =SUM(E13:P13) -> 0
A14: 004 | Q14: =SUM(E14:P14) -> 0
A15: 005 | Q15: =SUM(E15:P15) -> 0
A16: 006 | Q16: =SUM(E16:P16) -> 0
A17: 007 | Q17: =SUM(E17:P17) -> 0
A18: 008 | Q18: =SUM(E18:P18) -> 0
A19: 009 | Q19: =SUM(E19:P19) -> 0
A20: 010 | Q20: =SUM(E20:P20) -> 0
A21: 011 | Q21: =SUM(E21:P21) -> 0
A22: 012 | Q22: =SUM(E22:P22) -> 0
A23: 013 | Q23: =SUM(E23:P23) -> 0
... A45: 035 | Q45: =SUM(E45:P45) -> 0

Sheet 402
A1: กลับไปที่หน้าจัดสรร งปม.
E2: =Note!$B$1 -> วิทยาลัยการอาชีพแม่สะเรียง
E3: เงินงบประมาณ | H3: เงินอุดหนุน | N3: งบรายจ่ายอื่น | O3: เงิน บกศ. | Q3: รวม
E4: ปวช. | F4: ปวส. | G4: ระยะสั้น | H4: อุดหนุน | I4: หนังสือ | J4: เครื่องแบบ | K4: กิจกรรม | L4: อุปกรณ์ | M4: เครื่องมือ | N4: โครงการ | O4: เงินรายได้ | P4: เงินรับฝาก
D5: ได้รับมา | E5: ='จัดสรร งปม.'!D47 -> 120 | F5: ='จัดสรร งปม.'!E47 -> 0 | G5: ='จัดสรร งปม.'!F47 -> 0 | H5: ='จัดสรร งปม.'!G47 -> 0 | I5: ='จัดสรร งปม.'!H47 -> 0 | J5: ='จัดสรร งปม.'!I47 -> 0 | K5: ='จัดสรร งปม.'!J47 -> 0 | L5: ='จัดสรร งปม.'!K47 -> 0 | ... Q5: ='จัดสรร งปม.'!P47 -> 120
D6: ใช้ไปแล้ว | E6: =SUM(E11:E45) -> 20 | F6: =SUM(F11:F45) -> 0 | G6: =SUM(G11:G45) -> 0 | H6: =SUM(H11:H45) -> 0 | I6: =SUM(I11:I45) -> 0 | J6: =SUM(J11:J45) -> 0 | K6: =SUM(K11:K45) -> 0 | L6: =SUM(L11:L45) -> 0 | ... Q6: =SUM(Q11:Q45) -> 20
B7: งบดำเนินงาน (ค่าวัสดุ) | D7: เหลือ | E7: =E5-E6 -> 100 | F7: =F5-F6 -> 0 | G7: =G5-G6 -> 0 | H7: =H5-H6 -> 0 | I7: =I5-I6 -> 0 | J7: =J5-J6 -> 0 | K7: =K5-K6 -> 0 | L7: =L5-L6 -> 0 | ... Q7: =Q5-Q6 -> 100
B8: รหัสรายการจ่าย | C8: ='จัดสรร งปม.'!$B$47 -> 402
B9: รายการจ่าย | C9: ='จัดสรร งปม.'!$C$47 -> แผนกวิชาช่างยนต์
A10: รหัส | B10: วันที่ | C10: ชื่อผู้ขอใช้ | D10: แผนก/งาน | E10: ปวช. | F10: ปวส. | G10: ระยะสั้น | H10: อุดหนุน | I10: หนังสือ | J10: เครื่องแบบ | K10: กิจกรรม | L10: อุปกรณ์ | M10: เครื่องมือ | N10: โครงการ | O10: เงินรายได้ | P10: เงินรับฝาก | Q10: รวม
A11: 001 | E11: 20 | Q11: =SUM(E11:P11) -> 20
A12: 002 | Q12: =SUM(E12:P12) -> 0
A13: 003 | Q13: =SUM(E13:P13) -> 0
A14: 004 | Q14: =SUM(E14:P14) -> 0
A15: 005 | Q15: =SUM(E15:P15) -> 0
A16: 006 | Q16: =SUM(E16:P16) -> 0
A17: 007 | Q17: =SUM(E17:P17) -> 0
A18: 008 | Q18: =SUM(E18:P18) -> 0
A19: 009 | Q19: =SUM(E19:P19) -> 0
A20: 010 | Q20: =SUM(E20:P20) -> 0
A21: 011 | Q21: =SUM(E21:P21) -> 0
A22: 012 | Q22: =SUM(E22:P22) -> 0
A23: 013 | Q23: =SUM(E23:P23) -> 0
... A45: 035 | Q45: =SUM(E45:P45) -> 0

Sheet 403
A1: กลับไปที่หน้าจัดสรร งปม.
E2: =Note!$B$1 -> วิทยาลัยการอาชีพแม่สะเรียง
E3: เงินงบประมาณ | H3: เงินอุดหนุน | N3: งบรายจ่ายอื่น | O3: เงิน บกศ. | Q3: รวม
E4: ปวช. | F4: ปวส. | G4: ระยะสั้น | H4: อุดหนุน | I4: หนังสือ | J4: เครื่องแบบ | K4: กิจกรรม | L4: อุปกรณ์ | M4: เครื่องมือ | N4: โครงการ | O4: เงินรายได้ | P4: เงินรับฝาก
D5: ได้รับมา | E5: ='จัดสรร งปม.'!D48 -> 130 | F5: ='จัดสรร งปม.'!E48 -> 0 | G5: ='จัดสรร งปม.'!F48 -> 0 | H5: ='จัดสรร งปม.'!G48 -> 0 | I5: ='จัดสรร งปม.'!H48 -> 0 | J5: ='จัดสรร งปม.'!I48 -> 0 | K5: ='จัดสรร งปม.'!J48 -> 0 | L5: ='จัดสรร งปม.'!K48 -> 0 | ... Q5: ='จัดสรร งปม.'!P48 -> 130
D6: ใช้ไปแล้ว | E6: =SUM(E11:E45) -> 30 | F6: =SUM(F11:F45) -> 0 | G6: =SUM(G11:G45) -> 0 | H6: =SUM(H11:H45) -> 0 | I6: =SUM(I11:I45) -> 0 | J6: =SUM(J11:J45) -> 0 | K6: =SUM(K11:K45) -> 0 | L6: =SUM(L11:L45) -> 0 | ... Q6: =SUM(Q11:Q45) -> 30
B7: งบดำเนินงาน (ค่าวัสดุ) | D7: เหลือ | E7: =E5-E6 -> 100 | F7: =F5-F6 -> 0 | G7: =G5-G6 -> 0 | H7: =H5-H6 -> 0 | I7: =I5-I6 -> 0 | J7: =J5-J6 -> 0 | K7: =K5-K6 -> 0 | L7: =L5-L6 -> 0 | ... Q7: =Q5-Q6 -> 100
B8: รหัสรายการจ่าย | C8: ='จัดสรร งปม.'!$B$48 -> 403
B9: รายการจ่าย | C9: ='จัดสรร งปม.'!$C$48 -> แผนกวิชาช่างไฟฟ้ากำลัง
A10: รหัส | B10: วันที่ | C10: ชื่อผู้ขอใช้ | D10: แผนก/งาน | E10: ปวช. | F10: ปวส. | G10: ระยะสั้น | H10: อุดหนุน | I10: หนังสือ | J10: เครื่องแบบ | K10: กิจกรรม | L10: อุปกรณ์ | M10: เครื่องมือ | N10: โครงการ | O10: เงินรายได้ | P10: เงินรับฝาก | Q10: รวม
A11: 001 | E11: 30 | Q11: =SUM(E11:P11) -> 30
A12: 002 | Q12: =SUM(E12:P12) -> 0
A13: 003 | Q13: =SUM(E13:P13) -> 0
A14: 004 | Q14: =SUM(E14:P14) -> 0
A15: 005 | Q15: =SUM(E15:P15) -> 0
A16: 006 | Q16: =SUM(E16:P16) -> 0
A17: 007 | Q17: =SUM(E17:P17) -> 0
A18: 008 | Q18: =SUM(E18:P18) -> 0
A19: 009 | Q19: =SUM(E19:P19) -> 0
A20: 010 | Q20: =SUM(E20:P20) -> 0
A21: 011 | Q21: =SUM(E21:P21) -> 0
A22: 012 | Q22: =SUM(E22:P22) -> 0
A23: 013 | Q23: =SUM(E23:P23) -> 0
... A45: 035 | Q45: =SUM(E45:P45) -> 0

Sheet 404
A1: กลับไปที่หน้าจัดสรร งปม.
E2: =Note!$B$1 -> วิทยาลัยการอาชีพแม่สะเรียง
E3: เงินงบประมาณ | H3: เงินอุดหนุน | N3: งบรายจ่ายอื่น | O3: เงิน บกศ. | Q3: รวม
E4: ปวช. | F4: ปวส. | G4: ระยะสั้น | H4: อุดหนุน | I4: หนังสือ | J4: เครื่องแบบ | K4: กิจกรรม | L4: อุปกรณ์ | M4: เครื่องมือ | N4: โครงการ | O4: เงินรายได้ | P4: เงินรับฝาก
D5: ได้รับมา | E5: ='จัดสรร งปม.'!D49 -> 140 | F5: ='จัดสรร งปม.'!E49 -> 0 | G5: ='จัดสรร งปม.'!F49 -> 0 | H5: ='จัดสรร งปม.'!G49 -> 0 | I5: ='จัดสรร งปม.'!H49 -> 0 | J5: ='จัดสรร งปม.'!I49 -> 0 | K5: ='จัดสรร งปม.'!J49 -> 0 | L5: ='จัดสรร งปม.'!K49 -> 0 | ... Q5: ='จัดสรร งปม.'!P49 -> 140
D6: ใช้ไปแล้ว | E6: =SUM(E11:E45) -> 40 | F6: =SUM(F11:F45) -> 0 | G6: =SUM(G11:G45) -> 0 | H6: =SUM(H11:H45) -> 0 | I6: =SUM(I11:I45) -> 0 | J6: =SUM(J11:J45) -> 0 | K6: =SUM(K11:K45) -> 0 | L6: =SUM(L11:L45) -> 0 | ... Q6: =SUM(Q11:Q45) -> 40
B7: งบดำเนินงาน (ค่าวัสดุ) | D7: เหลือ | E7: =E5-E6 -> 100 | F7: =F5-F6 -> 0 | G7: =G5-G6 -> 0 | H7: =H5-H6 -> 0 | I7: =I5-I6 -> 0 | J7: =J5-J6 -> 0 | K7: =K5-K6 -> 0 | L7: =L5-L6 -> 0 | ... Q7: =Q5-Q6 -> 100
B8: รหัสรายการจ่าย | C8: ='จัดสรร งปม.'!$B$49 -> 404
B9: รายการจ่าย | C9: ='จัดสรร งปม.'!$C$49 -> แผนกวิชาช่างอิเล็กทรอนิกส์
A10: รหัส | B10: วันที่ | C10: ชื่อผู้ขอใช้ | D10: แผนก/งาน | E10: ปวช. | F10: ปวส. | G10: ระยะสั้น | H10: อุดหนุน | I10: หนังสือ | J10: เครื่องแบบ | K10: กิจกรรม | L10: อุปกรณ์ | M10: เครื่องมือ | N10: โครงการ | O10: เงินรายได้ | P10: เงินรับฝาก | Q10: รวม
A11: 001 | E11: 40 | Q11: =SUM(E11:P11) -> 40
A12: 002 | Q12: =SUM(E12:P12) -> 0
A13: 003 | Q13: =SUM(E13:P13) -> 0
A14: 004 | Q14: =SUM(E14:P14) -> 0
A15: 005 | Q15: =SUM(E15:P15) -> 0
A16: 006 | Q16: =SUM(E16:P16) -> 0
A17: 007 | Q17: =SUM(E17:P17) -> 0
A18: 008 | Q18: =SUM(E18:P18) -> 0
A19: 009 | Q19: =SUM(E19:P19) -> 0
A20: 010 | Q20: =SUM(E20:P20) -> 0
A21: 011 | Q21: =SUM(E21:P21) -> 0
A22: 012 | Q22: =SUM(E22:P22) -> 0
A23: 013 | Q23: =SUM(E23:P23) -> 0
... A45: 035 | Q45: =SUM(E45:P45) -> 0

Sheet 405
A1: กลับไปที่หน้าจัดสรร งปม.
E2: =Note!$B$1 -> วิทยาลัยการอาชีพแม่สะเรียง
E3: เงินงบประมาณ | H3: เงินอุดหนุน | N3: งบรายจ่ายอื่น | O3: เงิน บกศ. | Q3: รวม
E4: ปวช. | F4: ปวส. | G4: ระยะสั้น | H4: อุดหนุน | I4: หนังสือ | J4: เครื่องแบบ | K4: กิจกรรม | L4: อุปกรณ์ | M4: เครื่องมือ | N4: โครงการ | O4: เงินรายได้ | P4: เงินรับฝาก
D5: ได้รับมา | E5: ='จัดสรร งปม.'!D50 -> 150 | F5: ='จัดสรร งปม.'!E50 -> 0 | G5: ='จัดสรร งปม.'!F50 -> 0 | H5: ='จัดสรร งปม.'!G50 -> 0 | I5: ='จัดสรร งปม.'!H50 -> 0 | J5: ='จัดสรร งปม.'!I50 -> 0 | K5: ='จัดสรร งปม.'!J50 -> 0 | L5: ='จัดสรร งปม.'!K50 -> 0 | ... Q5: ='จัดสรร งปม.'!P50 -> 150
D6: ใช้ไปแล้ว | E6: =SUM(E11:E45) -> 50 | F6: =SUM(F11:F45) -> 0 | G6: =SUM(G11:G45) -> 0 | H6: =SUM(H11:H45) -> 0 | I6: =SUM(I11:I45) -> 0 | J6: =SUM(J11:J45) -> 0 | K6: =SUM(K11:K45) -> 0 | L6: =SUM(L11:L45) -> 0 | ... Q6: =SUM(Q11:Q45) -> 50
B7: งบดำเนินงาน (ค่าวัสดุ) | D7: เหลือ | E7: =E5-E6 -> 100 | F7: =F5-F6 -> 0 | G7: =G5-G6 -> 0 | H7: =H5-H6 -> 0 | I7: =I5-I6 -> 0 | J7: =J5-J6 -> 0 | K7: =K5-K6 -> 0 | L7: =L5-L6 -> 0 | ... Q7: =Q5-Q6 -> 100
B8: รหัสรายการจ่าย | C8: ='จัดสรร งปม.'!$B$50 -> 405
B9: รายการจ่าย | C9: ='จัดสรร งปม.'!$C$50 -> แผนกวิชาการบัญชี
A10: รหัส | B10: วันที่ | C10: ชื่อผู้ขอใช้ | D10: แผนก/งาน | E10: ปวช. | F10: ปวส. | G10: ระยะสั้น | H10: อุดหนุน | I10: หนังสือ | J10: เครื่องแบบ | K10: กิจกรรม | L10: อุปกรณ์ | M10: เครื่องมือ | N10: โครงการ | O10: เงินรายได้ | P10: เงินรับฝาก | Q10: รวม
A11: 001 | E11: 50 | Q11: =SUM(E11:P11) -> 50
A12: 002 | Q12: =SUM(E12:P12) -> 0
A13: 003 | Q13: =SUM(E13:P13) -> 0
A14: 004 | Q14: =SUM(E14:P14) -> 0
A15: 005 | Q15: =SUM(E15:P15) -> 0
A16: 006 | Q16: =SUM(E16:P16) -> 0
A17: 007 | Q17: =SUM(E17:P17) -> 0
A18: 008 | Q18: =SUM(E18:P18) -> 0
A19: 009 | Q19: =SUM(E19:P19) -> 0
A20: 010 | Q20: =SUM(E20:P20) -> 0
A21: 011 | Q21: =SUM(E21:P21) -> 0
A22: 012 | Q22: =SUM(E22:P22) -> 0
A23: 013 | Q23: =SUM(E23:P23) -> 0
... A45: 035 | Q45: =SUM(E45:P45) -> 0

Sheet 406
A1: กลับไปที่หน้าจัดสรร งปม.
E2: =Note!$B$1 -> วิทยาลัยการอาชีพแม่สะเรียง
E3: เงินงบประมาณ | H3: เงินอุดหนุน | N3: งบรายจ่ายอื่น | O3: เงิน บกศ. | Q3: รวม
E4: ปวช. | F4: ปวส. | G4: ระยะสั้น | H4: อุดหนุน | I4: หนังสือ | J4: เครื่องแบบ | K4: กิจกรรม | L4: อุปกรณ์ | M4: เครื่องมือ | N4: โครงการ | O4: เงินรายได้ | P4: เงินรับฝาก
D5: ได้รับมา | E5: ='จัดสรร งปม.'!D51 -> 160 | F5: ='จัดสรร งปม.'!E51 -> 0 | G5: ='จัดสรร งปม.'!F51 -> 0 | H5: ='จัดสรร งปม.'!G51 -> 0 | I5: ='จัดสรร งปม.'!H51 -> 0 | J5: ='จัดสรร งปม.'!I51 -> 0 | K5: ='จัดสรร งปม.'!J51 -> 0 | L5: ='จัดสรร งปม.'!K51 -> 0 | ... Q5: ='จัดสรร งปม.'!P51 -> 160
D6: ใช้ไปแล้ว | E6: =SUM(E11:E45) -> 60 | F6: =SUM(F11:F45) -> 0 | G6: =SUM(G11:G45) -> 0 | H6: =SUM(H11:H45) -> 0 | I6: =SUM(I11:I45) -> 0 | J6: =SUM(J11:J45) -> 0 | K6: =SUM(K11:K45) -> 0 | L6: =SUM(L11:L45) -> 0 | ... Q6: =SUM(Q11:Q45) -> 60
B7: งบดำเนินงาน (ค่าวัสดุ) | D7: เหลือ | E7: =E5-E6 -> 100 | F7: =F5-F6 -> 0 | G7: =G5-G6 -> 0 | H7: =H5-H6 -> 0 | I7: =I5-I6 -> 0 | J7: =J5-J6 -> 0 | K7: =K5-K6 -> 0 | L7: =L5-L6 -> 0 | ... Q7: =Q5-Q6 -> 100
B8: รหัสรายการจ่าย | C8: ='จัดสรร งปม.'!$B$51 -> 406
B9: รายการจ่าย | C9: ='จัดสรร งปม.'!$C$51 -> แผนกวิชาคอมพิวเตอร์ธุรกิจ
A10: รหัส | B10: วันที่ | C10: ชื่อผู้ขอใช้ | D10: แผนก/งาน | E10: ปวช. | F10: ปวส. | G10: ระยะสั้น | H10: อุดหนุน | I10: หนังสือ | J10: เครื่องแบบ | K10: กิจกรรม | L10: อุปกรณ์ | M10: เครื่องมือ | N10: โครงการ | O10: เงินรายได้ | P10: เงินรับฝาก | Q10: รวม
A11: 001 | E11: 60 | Q11: =SUM(E11:P11) -> 60
A12: 002 | Q12: =SUM(E12:P12) -> 0
A13: 003 | Q13: =SUM(E13:P13) -> 0
A14: 004 | Q14: =SUM(E14:P14) -> 0
A15: 005 | Q15: =SUM(E15:P15) -> 0
A16: 006 | Q16: =SUM(E16:P16) -> 0
A17: 007 | Q17: =SUM(E17:P17) -> 0
A18: 008 | Q18: =SUM(E18:P18) -> 0
A19: 009 | Q19: =SUM(E19:P19) -> 0
A20: 010 | Q20: =SUM(E20:P20) -> 0
A21: 011 | Q21: =SUM(E21:P21) -> 0
A22: 012 | Q22: =SUM(E22:P22) -> 0
A23: 013 | Q23: =SUM(E23:P23) -> 0
... A45: 035 | Q45: =SUM(E45:P45) -> 0

Sheet 407
A1: กลับไปที่หน้าจัดสรร งปม.
E2: =Note!$B$1 -> วิทยาลัยการอาชีพแม่สะเรียง
E3: เงินงบประมาณ | H3: เงินอุดหนุน | N3: งบรายจ่ายอื่น | O3: เงิน บกศ. | Q3: รวม
E4: ปวช. | F4: ปวส. | G4: ระยะสั้น | H4: อุดหนุน | I4: หนังสือ | J4: เครื่องแบบ | K4: กิจกรรม | L4: อุปกรณ์ | M4: เครื่องมือ | N4: โครงการ | O4: เงินรายได้ | P4: เงินรับฝาก
D5: ได้รับมา | E5: ='จัดสรร งปม.'!D52 -> 170 | F5: ='จัดสรร งปม.'!E52 -> 0 | G5: ='จัดสรร งปม.'!F52 -> 0 | H5: ='จัดสรร งปม.'!G52 -> 0 | I5: ='จัดสรร งปม.'!H52 -> 0 | J5: ='จัดสรร งปม.'!I52 -> 0 | K5: ='จัดสรร งปม.'!J52 -> 0 | L5: ='จัดสรร งปม.'!K52 -> 0 | ... Q5: ='จัดสรร งปม.'!P52 -> 170
D6: ใช้ไปแล้ว | E6: =SUM(E11:E45) -> 70 | F6: =SUM(F11:F45) -> 0 | G6: =SUM(G11:G45) -> 0 | H6: =SUM(H11:H45) -> 0 | I6: =SUM(I11:I45) -> 0 | J6: =SUM(J11:J45) -> 0 | K6: =SUM(K11:K45) -> 0 | L6: =SUM(L11:L45) -> 0 | ... Q6: =SUM(Q11:Q45) -> 70
B7: งบดำเนินงาน (ค่าวัสดุ) | D7: เหลือ | E7: =E5-E6 -> 100 | F7: =F5-F6 -> 0 | G7: =G5-G6 -> 0 | H7: =H5-H6 -> 0 | I7: =I5-I6 -> 0 | J7: =J5-J6 -> 0 | K7: =K5-K6 -> 0 | L7: =L5-L6 -> 0 | ... Q7: =Q5-Q6 -> 100
B8: รหัสรายการจ่าย | C8: ='จัดสรร งปม.'!$B$52 -> 407
B9: รายการจ่าย | C9: ='จัดสรร งปม.'!$C$52 -> แผนกวิชาเทคนิคพื้นฐาน
A10: รหัส | B10: วันที่ | C10: ชื่อผู้ขอใช้ | D10: แผนก/งาน | E10: ปวช. | F10: ปวส. | G10: ระยะสั้น | H10: อุดหนุน | I10: หนังสือ | J10: เครื่องแบบ | K10: กิจกรรม | L10: อุปกรณ์ | M10: เครื่องมือ | N10: โครงการ | O10: เงินรายได้ | P10: เงินรับฝาก | Q10: รวม
A11: 001 | E11: 70 | Q11: =SUM(E11:P11) -> 70
A12: 002 | Q12: =SUM(E12:P12) -> 0
A13: 003 | Q13: =SUM(E13:P13) -> 0
A14: 004 | Q14: =SUM(E14:P14) -> 0
A15: 005 | Q15: =SUM(E15:P15) -> 0
A16: 006 | Q16: =SUM(E16:P16) -> 0
A17: 007 | Q17: =SUM(E17:P17) -> 0
A18: 008 | Q18: =SUM(E18:P18) -> 0
A19: 009 | Q19: =SUM(E19:P19) -> 0
A20: 010 | Q20: =SUM(E20:P20) -> 0
A21: 011 | Q21: =SUM(E21:P21) -> 0
A22: 012 | Q22: =SUM(E22:P22) -> 0
A23: 013 | Q23: =SUM(E23:P23) -> 0
... A45: 035 | Q45: =SUM(E45:P45) -> 0

Sheet 408
A1: กลับไปที่หน้าจัดสรร งปม.
E2: =Note!$B$1 -> วิทยาลัยการอาชีพแม่สะเรียง
E3: เงินงบประมาณ | H3: เงินอุดหนุน | N3: งบรายจ่ายอื่น | O3: เงิน บกศ. | Q3: รวม
E4: ปวช. | F4: ปวส. | G4: ระยะสั้น | H4: อุดหนุน | I4: หนังสือ | J4: เครื่องแบบ | K4: กิจกรรม | L4: อุปกรณ์ | M4: เครื่องมือ | N4: โครงการ | O4: เงินรายได้ | P4: เงินรับฝาก
D5: ได้รับมา | E5: ='จัดสรร งปม.'!D53 -> 180 | F5: ='จัดสรร งปม.'!E53 -> 0 | G5: ='จัดสรร งปม.'!F53 -> 0 | H5: ='จัดสรร งปม.'!G53 -> 0 | I5: ='จัดสรร งปม.'!H53 -> 0 | J5: ='จัดสรร งปม.'!I53 -> 0 | K5: ='จัดสรร งปม.'!J53 -> 0 | L5: ='จัดสรร งปม.'!K53 -> 0 | ... Q5: ='จัดสรร งปม.'!P53 -> 180
D6: ใช้ไปแล้ว | E6: =SUM(E11:E45) -> 80 | F6: =SUM(F11:F45) -> 0 | G6: =SUM(G11:G45) -> 0 | H6: =SUM(H11:H45) -> 0 | I6: =SUM(I11:I45) -> 0 | J6: =SUM(J11:J45) -> 0 | K6: =SUM(K11:K45) -> 0 | L6: =SUM(L11:L45) -> 0 | ... Q6: =SUM(Q11:Q45) -> 80
B7: งบดำเนินงาน (ค่าวัสดุ) | D7: เหลือ | E7: =E5-E6 -> 100 | F7: =F5-F6 -> 0 | G7: =G5-G6 -> 0 | H7: =H5-H6 -> 0 | I7: =I5-I6 -> 0 | J7: =J5-J6 -> 0 | K7: =K5-K6 -> 0 | L7: =L5-L6 -> 0 | ... Q7: =Q5-Q6 -> 100
B8: รหัสรายการจ่าย | C8: ='จัดสรร งปม.'!$B$53 -> 408
B9: รายการจ่าย | C9: ='จัดสรร งปม.'!$C$53 -> แผนกวิชาสามัญสัมพันธ์
A10: รหัส | B10: วันที่ | C10: ชื่อผู้ขอใช้ | D10: แผนก/งาน | E10: ปวช. | F10: ปวส. | G10: ระยะสั้น | H10: อุดหนุน | I10: หนังสือ | J10: เครื่องแบบ | K10: กิจกรรม | L10: อุปกรณ์ | M10: เครื่องมือ | N10: โครงการ | O10: เงินรายได้ | P10: เงินรับฝาก | Q10: รวม
A11: 001 | E11: 80 | Q11: =SUM(E11:P11) -> 80
A12: 002 | Q12: =SUM(E12:P12) -> 0
A13: 003 | Q13: =SUM(E13:P13) -> 0
A14: 004 | Q14: =SUM(E14:P14) -> 0
A15: 005 | Q15: =SUM(E15:P15) -> 0
A16: 006 | Q16: =SUM(E16:P16) -> 0
A17: 007 | Q17: =SUM(E17:P17) -> 0
A18: 008 | Q18: =SUM(E18:P18) -> 0
A19: 009 | Q19: =SUM(E19:P19) -> 0
A20: 010 | Q20: =SUM(E20:P20) -> 0
A21: 011 | Q21: =SUM(E21:P21) -> 0
A22: 012 | Q22: =SUM(E22:P22) -> 0
A23: 013 | Q23: =SUM(E23:P23) -> 0
... A45: 035 | Q45: =SUM(E45:P45) -> 0

Sheet 409
A1: กลับไปที่หน้าจัดสรร งปม.
E2: =Note!$B$1 -> วิทยาลัยการอาชีพแม่สะเรียง
E3: เงินงบประมาณ | H3: เงินอุดหนุน | N3: งบรายจ่ายอื่น | O3: เงิน บกศ. | Q3: รวม
E4: ปวช. | F4: ปวส. | G4: ระยะสั้น | H4: อุดหนุน | I4: หนังสือ | J4: เครื่องแบบ | K4: กิจกรรม | L4: อุปกรณ์ | M4: เครื่องมือ | N4: โครงการ | O4: เงินรายได้ | P4: เงินรับฝาก
D5: ได้รับมา | E5: ='จัดสรร งปม.'!D54 -> 190 | F5: ='จัดสรร งปม.'!E54 -> 0 | G5: ='จัดสรร งปม.'!F54 -> 0 | H5: ='จัดสรร งปม.'!G54 -> 0 | I5: ='จัดสรร งปม.'!H54 -> 0 | J5: ='จัดสรร งปม.'!I54 -> 0 | K5: ='จัดสรร งปม.'!J54 -> 0 | L5: ='จัดสรร งปม.'!K54 -> 0 | ... Q5: ='จัดสรร งปม.'!P54 -> 190
D6: ใช้ไปแล้ว | E6: =SUM(E11:E45) -> 90 | F6: =SUM(F11:F45) -> 0 | G6: =SUM(G11:G45) -> 0 | H6: =SUM(H11:H45) -> 0 | I6: =SUM(I11:I45) -> 0 | J6: =SUM(J11:J45) -> 0 | K6: =SUM(K11:K45) -> 0 | L6: =SUM(L11:L45) -> 0 | ... Q6: =SUM(Q11:Q45) -> 90
B7: งบดำเนินงาน (ค่าวัสดุ) | D7: เหลือ | E7: =E5-E6 -> 100 | F7: =F5-F6 -> 0 | G7: =G5-G6 -> 0 | H7: =H5-H6 -> 0 | I7: =I5-I6 -> 0 | J7: =J5-J6 -> 0 | K7: =K5-K6 -> 0 | L7: =L5-L6 -> 0 | ... Q7: =Q5-Q6 -> 100
B8: รหัสรายการจ่าย | C8: ='จัดสรร งปม.'!$B$54 -> 409
B9: รายการจ่าย | C9: ='จัดสรร งปม.'!$C$54 -> ฝ่ายวิชาการ
A10: รหัส | B10: วันที่ | C10: ชื่อผู้ขอใช้ | D10: แผนก/งาน | E10: ปวช. | F10: ปวส. | G10: ระยะสั้น | H10: อุดหนุน | I10: หนังสือ | J10: เครื่องแบบ | K10: กิจกรรม | L10: อุปกรณ์ | M10: เครื่องมือ | N10: โครงการ | O10: เงินรายได้ | P10: เงินรับฝาก | Q10: รวม
A11: 001 | E11: 90 | Q11: =SUM(E11:P11) -> 90
A12: 002 | Q12: =SUM(E12:P12) -> 0
A13: 003 | Q13: =SUM(E13:P13) -> 0
A14: 004 | Q14: =SUM(E14:P14) -> 0
A15: 005 | Q15: =SUM(E15:P15) -> 0
A16: 006 | Q16: =SUM(E16:P16) -> 0
A17: 007 | Q17: =SUM(E17:P17) -> 0
A18: 008 | Q18: =SUM(E18:P18) -> 0
A19: 009 | Q19: =SUM(E19:P19) -> 0
A20: 010 | Q20: =SUM(E20:P20) -> 0
A21: 011 | Q21: =SUM(E21:P21) -> 0
A22: 012 | Q22: =SUM(E22:P22) -> 0
A23: 013 | Q23: =SUM(E23:P23) -> 0
... A45: 035 | Q45: =SUM(E45:P45) -> 0

Sheet 410
A1: กลับไปที่หน้าจัดสรร งปม.
E2: =Note!$B$1 -> วิทยาลัยการอาชีพแม่สะเรียง
E3: เงินงบประมาณ | H3: เงินอุดหนุน | N3: งบรายจ่ายอื่น | O3: เงิน บกศ. | Q3: รวม
E4: ปวช. | F4: ปวส. | G4: ระยะสั้น | H4: อุดหนุน | I4: หนังสือ | J4: เครื่องแบบ | K4: กิจกรรม | L4: อุปกรณ์ | M4: เครื่องมือ | N4: โครงการ | O4: เงินรายได้ | P4: เงินรับฝาก
D5: ได้รับมา | E5: ='จัดสรร งปม.'!D55 -> 200 | F5: ='จัดสรร งปม.'!E55 -> 0 | G5: ='จัดสรร งปม.'!F55 -> 0 | H5: ='จัดสรร งปม.'!G55 -> 0 | I5: ='จัดสรร งปม.'!H55 -> 0 | J5: ='จัดสรร งปม.'!I55 -> 0 | K5: ='จัดสรร งปม.'!J55 -> 0 | L5: ='จัดสรร งปม.'!K55 -> 0 | ... Q5: ='จัดสรร งปม.'!P55 -> 200
D6: ใช้ไปแล้ว | E6: =SUM(E11:E45) -> 100 | F6: =SUM(F11:F45) -> 0 | G6: =SUM(G11:G45) -> 0 | H6: =SUM(H11:H45) -> 0 | I6: =SUM(I11:I45) -> 0 | J6: =SUM(J11:J45) -> 0 | K6: =SUM(K11:K45) -> 0 | L6: =SUM(L11:L45) -> 0 | ... Q6: =SUM(Q11:Q45) -> 100
B7: งบดำเนินงาน (ค่าวัสดุ) | D7: เหลือ | E7: =E5-E6 -> 100 | F7: =F5-F6 -> 0 | G7: =G5-G6 -> 0 | H7: =H5-H6 -> 0 | I7: =I5-I6 -> 0 | J7: =J5-J6 -> 0 | K7: =K5-K6 -> 0 | L7: =L5-L6 -> 0 | ... Q7: =Q5-Q6 -> 100
B8: รหัสรายการจ่าย | C8: ='จัดสรร งปม.'!$B$55 -> 410
B9: รายการจ่าย | C9: ='จัดสรร งปม.'!$C$55 -> ฝ่ายพัฒนากิจการนักเรียนนักศึกษา
A10: รหัส | B10: วันที่ | C10: ชื่อผู้ขอใช้ | D10: แผนก/งาน | E10: ปวช. | F10: ปวส. | G10: ระยะสั้น | H10: อุดหนุน | I10: หนังสือ | J10: เครื่องแบบ | K10: กิจกรรม | L10: อุปกรณ์ | M10: เครื่องมือ | N10: โครงการ | O10: เงินรายได้ | P10: เงินรับฝาก | Q10: รวม
A11: 001 | E11: 100 | Q11: =SUM(E11:P11) -> 100
A12: 002 | Q12: =SUM(E12:P12) -> 0
A13: 003 | Q13: =SUM(E13:P13) -> 0
A14: 004 | Q14: =SUM(E14:P14) -> 0
A15: 005 | Q15: =SUM(E15:P15) -> 0
A16: 006 | Q16: =SUM(E16:P16) -> 0
A17: 007 | Q17: =SUM(E17:P17) -> 0
A18: 008 | Q18: =SUM(E18:P18) -> 0
A19: 009 | Q19: =SUM(E19:P19) -> 0
A20: 010 | Q20: =SUM(E20:P20) -> 0
A21: 011 | Q21: =SUM(E21:P21) -> 0
A22: 012 | Q22: =SUM(E22:P22) -> 0
A23: 013 | Q23: =SUM(E23:P23) -> 0
... A45: 035 | Q45: =SUM(E45:P45) -> 0

Sheet 411
A1: กลับไปที่หน้าจัดสรร งปม.
E2: =Note!$B$1 -> วิทยาลัยการอาชีพแม่สะเรียง
E3: เงินงบประมาณ | H3: เงินอุดหนุน | N3: งบรายจ่ายอื่น | O3: เงิน บกศ. | Q3: รวม
E4: ปวช. | F4: ปวส. | G4: ระยะสั้น | H4: อุดหนุน | I4: หนังสือ | J4: เครื่องแบบ | K4: กิจกรรม | L4: อุปกรณ์ | M4: เครื่องมือ | N4: โครงการ | O4: เงินรายได้ | P4: เงินรับฝาก
D5: ได้รับมา | E5: ='จัดสรร งปม.'!D56 -> 210 | F5: ='จัดสรร งปม.'!E56 -> 0 | G5: ='จัดสรร งปม.'!F56 -> 0 | H5: ='จัดสรร งปม.'!G56 -> 0 | I5: ='จัดสรร งปม.'!H56 -> 0 | J5: ='จัดสรร งปม.'!I56 -> 0 | K5: ='จัดสรร งปม.'!J56 -> 0 | L5: ='จัดสรร งปม.'!K56 -> 0 | ... Q5: ='จัดสรร งปม.'!P56 -> 210
D6: ใช้ไปแล้ว | E6: =SUM(E11:E45) -> 10 | F6: =SUM(F11:F45) -> 0 | G6: =SUM(G11:G45) -> 0 | H6: =SUM(H11:H45) -> 0 | I6: =SUM(I11:I45) -> 0 | J6: =SUM(J11:J45) -> 0 | K6: =SUM(K11:K45) -> 0 | L6: =SUM(L11:L45) -> 0 | ... Q6: =SUM(Q11:Q45) -> 10
B7: งบดำเนินงาน (ค่าวัสดุ) | D7: เหลือ | E7: =E5-E6 -> 200 | F7: =F5-F6 -> 0 | G7: =G5-G6 -> 0 | H7: =H5-H6 -> 0 | I7: =I5-I6 -> 0 | J7: =J5-J6 -> 0 | K7: =K5-K6 -> 0 | L7: =L5-L6 -> 0 | ... Q7: =Q5-Q6 -> 200
B8: รหัสรายการจ่าย | C8: ='จัดสรร งปม.'!$B$56 -> 411
B9: รายการจ่าย | C9: ='จัดสรร งปม.'!$C$56 -> ฝ่ายแผนงานและความร่วมมือ
A10: รหัส | B10: วันที่ | C10: ชื่อผู้ขอใช้ | D10: แผนก/งาน | E10: ปวช. | F10: ปวส. | G10: ระยะสั้น | H10: อุดหนุน | I10: หนังสือ | J10: เครื่องแบบ | K10: กิจกรรม | L10: อุปกรณ์ | M10: เครื่องมือ | N10: โครงการ | O10: เงินรายได้ | P10: เงินรับฝาก | Q10: รวม
A11: 001 | E11: 10 | Q11: =SUM(E11:P11) -> 10
A12: 002 | Q12: =SUM(E12:P12) -> 0
A13: 003 | Q13: =SUM(E13:P13) -> 0
A14: 004 | Q14: =SUM(E14:P14) -> 0
A15: 005 | Q15: =SUM(E15:P15) -> 0
A16: 006 | Q16: =SUM(E16:P16) -> 0
A17: 007 | Q17: =SUM(E17:P17) -> 0
A18: 008 | Q18: =SUM(E18:P18) -> 0
A19: 009 | Q19: =SUM(E19:P19) -> 0
A20: 010 | Q20: =SUM(E20:P20) -> 0
A21: 011 | Q21: =SUM(E21:P21) -> 0
A22: 012 | Q22: =SUM(E22:P22) -> 0
A23: 013 | Q23: =SUM(E23:P23) -> 0
... A45: 035 | Q45: =SUM(E45:P45) -> 0

Sheet 412
A1: กลับไปที่หน้าจัดสรร งปม.
E2: =Note!$B$1 -> วิทยาลัยการอาชีพแม่สะเรียง
E3: เงินงบประมาณ | H3: เงินอุดหนุน | N3: งบรายจ่ายอื่น | O3: เงิน บกศ. | Q3: รวม
E4: ปวช. | F4: ปวส. | G4: ระยะสั้น | H4: อุดหนุน | I4: หนังสือ | J4: เครื่องแบบ | K4: กิจกรรม | L4: อุปกรณ์ | M4: เครื่องมือ | N4: โครงการ | O4: เงินรายได้ | P4: เงินรับฝาก
D5: ได้รับมา | E5: ='จัดสรร งปม.'!D57 -> 220 | F5: ='จัดสรร งปม.'!E57 -> 0 | G5: ='จัดสรร งปม.'!F57 -> 0 | H5: ='จัดสรร งปม.'!G57 -> 0 | I5: ='จัดสรร งปม.'!H57 -> 0 | J5: ='จัดสรร งปม.'!I57 -> 0 | K5: ='จัดสรร งปม.'!J57 -> 0 | L5: ='จัดสรร งปม.'!K57 -> 0 | ... Q5: ='จัดสรร งปม.'!P57 -> 220
D6: ใช้ไปแล้ว | E6: =SUM(E11:E45) -> 20 | F6: =SUM(F11:F45) -> 0 | G6: =SUM(G11:G45) -> 0 | H6: =SUM(H11:H45) -> 0 | I6: =SUM(I11:I45) -> 0 | J6: =SUM(J11:J45) -> 0 | K6: =SUM(K11:K45) -> 0 | L6: =SUM(L11:L45) -> 0 | ... Q6: =SUM(Q11:Q45) -> 20
B7: งบดำเนินงาน (ค่าวัสดุ) | D7: เหลือ | E7: =E5-E6 -> 200 | F7: =F5-F6 -> 0 | G7: =G5-G6 -> 0 | H7: =H5-H6 -> 0 | I7: =I5-I6 -> 0 | J7: =J5-J6 -> 0 | K7: =K5-K6 -> 0 | L7: =L5-L6 -> 0 | ... Q7: =Q5-Q6 -> 200
B8: รหัสรายการจ่าย | C8: ='จัดสรร งปม.'!$B$57 -> 412
B9: รายการจ่าย | C9: ='จัดสรร งปม.'!$C$57 -> ฝ่ายบริหารทรัพยากร
A10: รหัส | B10: วันที่ | C10: ชื่อผู้ขอใช้ | D10: แผนก/งาน | E10: ปวช. | F10: ปวส. | G10: ระยะสั้น | H10: อุดหนุน | I10: หนังสือ | J10: เครื่องแบบ | K10: กิจกรรม | L10: อุปกรณ์ | M10: เครื่องมือ | N10: โครงการ | O10: เงินรายได้ | P10: เงินรับฝาก | Q10: รวม
A11: 001 | E11: 20 | Q11: =SUM(E11:P11) -> 20
A12: 002 | Q12: =SUM(E12:P12) -> 0
A13: 003 | Q13: =SUM(E13:P13) -> 0
A14: 004 | Q14: =SUM(E14:P14) -> 0
A15: 005 | Q15: =SUM(E15:P15) -> 0
A16: 006 | Q16: =SUM(E16:P16) -> 0
A17: 007 | Q17: =SUM(E17:P17) -> 0
A18: 008 | Q18: =SUM(E18:P18) -> 0
A19: 009 | Q19: =SUM(E19:P19) -> 0
A20: 010 | Q20: =SUM(E20:P20) -> 0
A21: 011 | Q21: =SUM(E21:P21) -> 0
A22: 012 | Q22: =SUM(E22:P22) -> 0
A23: 013 | Q23: =SUM(E23:P23) -> 0
... A45: 035 | Q45: =SUM(E45:P45) -> 0

Sheet 413
A1: กลับไปที่หน้าจัดสรร งปม.
E2: =Note!$B$1 -> วิทยาลัยการอาชีพแม่สะเรียง
E3: เงินงบประมาณ | H3: เงินอุดหนุน | N3: งบรายจ่ายอื่น | O3: เงิน บกศ. | Q3: รวม
E4: ปวช. | F4: ปวส. | G4: ระยะสั้น | H4: อุดหนุน | I4: หนังสือ | J4: เครื่องแบบ | K4: กิจกรรม | L4: อุปกรณ์ | M4: เครื่องมือ | N4: โครงการ | O4: เงินรายได้ | P4: เงินรับฝาก
D5: ได้รับมา | E5: ='จัดสรร งปม.'!D58 -> 230 | F5: ='จัดสรร งปม.'!E58 -> 0 | G5: ='จัดสรร งปม.'!F58 -> 0 | H5: ='จัดสรร งปม.'!G58 -> 0 | I5: ='จัดสรร งปม.'!H58 -> 0 | J5: ='จัดสรร งปม.'!I58 -> 0 | K5: ='จัดสรร งปม.'!J58 -> 0 | L5: ='จัดสรร งปม.'!K58 -> 0 | ... Q5: ='จัดสรร งปม.'!P58 -> 230
D6: ใช้ไปแล้ว | E6: =SUM(E11:E45) -> 30 | F6: =SUM(F11:F45) -> 0 | G6: =SUM(G11:G45) -> 0 | H6: =SUM(H11:H45) -> 0 | I6: =SUM(I11:I45) -> 0 | J6: =SUM(J11:J45) -> 0 | K6: =SUM(K11:K45) -> 0 | L6: =SUM(L11:L45) -> 0 | ... Q6: =SUM(Q11:Q45) -> 30
B7: งบดำเนินงาน (ค่าวัสดุ) | D7: เหลือ | E7: =E5-E6 -> 200 | F7: =F5-F6 -> 0 | G7: =G5-G6 -> 0 | H7: =H5-H6 -> 0 | I7: =I5-I6 -> 0 | J7: =J5-J6 -> 0 | K7: =K5-K6 -> 0 | L7: =L5-L6 -> 0 | ... Q7: =Q5-Q6 -> 200
B8: รหัสรายการจ่าย | C8: ='จัดสรร งปม.'!$B$58 -> 413
B9: รายการจ่าย | C9: ='จัดสรร งปม.'!$C$58 -> สำรอง 1
A10: รหัส | B10: วันที่ | C10: ชื่อผู้ขอใช้ | D10: แผนก/งาน | E10: ปวช. | F10: ปวส. | G10: ระยะสั้น | H10: อุดหนุน | I10: หนังสือ | J10: เครื่องแบบ | K10: กิจกรรม | L10: อุปกรณ์ | M10: เครื่องมือ | N10: โครงการ | O10: เงินรายได้ | P10: เงินรับฝาก | Q10: รวม
A11: 001 | E11: 30 | Q11: =SUM(E11:P11) -> 30
A12: 002 | Q12: =SUM(E12:P12) -> 0
A13: 003 | Q13: =SUM(E13:P13) -> 0
A14: 004 | Q14: =SUM(E14:P14) -> 0
A15: 005 | Q15: =SUM(E15:P15) -> 0
A16: 006 | Q16: =SUM(E16:P16) -> 0
A17: 007 | Q17: =SUM(E17:P17) -> 0
A18: 008 | Q18: =SUM(E18:P18) -> 0
A19: 009 | Q19: =SUM(E19:P19) -> 0
A20: 010 | Q20: =SUM(E20:P20) -> 0
A21: 011 | Q21: =SUM(E21:P21) -> 0
A22: 012 | Q22: =SUM(E22:P22) -> 0
A23: 013 | Q23: =SUM(E23:P23) -> 0
... A45: 035 | Q45: =SUM(E45:P45) -> 0

Sheet 414
A1: กลับไปที่หน้าจัดสรร งปม.
E2: =Note!$B$1 -> วิทยาลัยการอาชีพแม่สะเรียง
E3: เงินงบประมาณ | H3: เงินอุดหนุน | N3: งบรายจ่ายอื่น | O3: เงิน บกศ. | Q3: รวม
E4: ปวช. | F4: ปวส. | G4: ระยะสั้น | H4: อุดหนุน | I4: หนังสือ | J4: เครื่องแบบ | K4: กิจกรรม | L4: อุปกรณ์ | M4: เครื่องมือ | N4: โครงการ | O4: เงินรายได้ | P4: เงินรับฝาก
D5: ได้รับมา | E5: ='จัดสรร งปม.'!D59 -> 240 | F5: ='จัดสรร งปม.'!E59 -> 0 | G5: ='จัดสรร งปม.'!F59 -> 0 | H5: ='จัดสรร งปม.'!G59 -> 0 | I5: ='จัดสรร งปม.'!H59 -> 0 | J5: ='จัดสรร งปม.'!I59 -> 0 | K5: ='จัดสรร งปม.'!J59 -> 0 | L5: ='จัดสรร งปม.'!K59 -> 0 | ... Q5: ='จัดสรร งปม.'!P59 -> 240
D6: ใช้ไปแล้ว | E6: =SUM(E11:E45) -> 40 | F6: =SUM(F11:F45) -> 0 | G6: =SUM(G11:G45) -> 0 | H6: =SUM(H11:H45) -> 0 | I6: =SUM(I11:I45) -> 0 | J6: =SUM(J11:J45) -> 0 | K6: =SUM(K11:K45) -> 0 | L6: =SUM(L11:L45) -> 0 | ... Q6: =SUM(Q11:Q45) -> 40
B7: งบดำเนินงาน (ค่าวัสดุ) | D7: เหลือ | E7: =E5-E6 -> 200 | F7: =F5-F6 -> 0 | G7: =G5-G6 -> 0 | H7: =H5-H6 -> 0 | I7: =I5-I6 -> 0 | J7: =J5-J6 -> 0 | K7: =K5-K6 -> 0 | L7: =L5-L6 -> 0 | ... Q7: =Q5-Q6 -> 200
B8: รหัสรายการจ่าย | C8: ='จัดสรร งปม.'!$B$59 -> 414
B9: รายการจ่าย | C9: ='จัดสรร งปม.'!$C$59 -> สำรอง 2
A10: รหัส | B10: วันที่ | C10: ชื่อผู้ขอใช้ | D10: แผนก/งาน | E10: ปวช. | F10: ปวส. | G10: ระยะสั้น | H10: อุดหนุน | I10: หนังสือ | J10: เครื่องแบบ | K10: กิจกรรม | L10: อุปกรณ์ | M10: เครื่องมือ | N10: โครงการ | O10: เงินรายได้ | P10: เงินรับฝาก | Q10: รวม
A11: 001 | E11: 40 | Q11: =SUM(E11:P11) -> 40
A12: 002 | Q12: =SUM(E12:P12) -> 0
A13: 003 | Q13: =SUM(E13:P13) -> 0
A14: 004 | Q14: =SUM(E14:P14) -> 0
A15: 005 | Q15: =SUM(E15:P15) -> 0
A16: 006 | Q16: =SUM(E16:P16) -> 0
A17: 007 | Q17: =SUM(E17:P17) -> 0
A18: 008 | Q18: =SUM(E18:P18) -> 0
A19: 009 | Q19: =SUM(E19:P19) -> 0
A20: 010 | Q20: =SUM(E20:P20) -> 0
A21: 011 | Q21: =SUM(E21:P21) -> 0
A22: 012 | Q22: =SUM(E22:P22) -> 0
A23: 013 | Q23: =SUM(E23:P23) -> 0
... A45: 035 | Q45: =SUM(E45:P45) -> 0

Sheet 415
A1: กลับไปที่หน้าจัดสรร งปม.
E2: =Note!$B$1 -> วิทยาลัยการอาชีพแม่สะเรียง
E3: เงินงบประมาณ | H3: เงินอุดหนุน | N3: งบรายจ่ายอื่น | O3: เงิน บกศ. | Q3: รวม
E4: ปวช. | F4: ปวส. | G4: ระยะสั้น | H4: อุดหนุน | I4: หนังสือ | J4: เครื่องแบบ | K4: กิจกรรม | L4: อุปกรณ์ | M4: เครื่องมือ | N4: โครงการ | O4: เงินรายได้ | P4: เงินรับฝาก
D5: ได้รับมา | E5: ='จัดสรร งปม.'!D60 -> 250 | F5: ='จัดสรร งปม.'!E60 -> 0 | G5: ='จัดสรร งปม.'!F60 -> 0 | H5: ='จัดสรร งปม.'!G60 -> 0 | I5: ='จัดสรร งปม.'!H60 -> 0 | J5: ='จัดสรร งปม.'!I60 -> 0 | K5: ='จัดสรร งปม.'!J60 -> 0 | L5: ='จัดสรร งปม.'!K60 -> 0 | ... Q5: ='จัดสรร งปม.'!P60 -> 250
D6: ใช้ไปแล้ว | E6: =SUM(E11:E45) -> 50 | F6: =SUM(F11:F45) -> 0 | G6: =SUM(G11:G45) -> 0 | H6: =SUM(H11:H45) -> 0 | I6: =SUM(I11:I45) -> 0 | J6: =SUM(J11:J45) -> 0 | K6: =SUM(K11:K45) -> 0 | L6: =SUM(L11:L45) -> 0 | ... Q6: =SUM(Q11:Q45) -> 50
B7: งบดำเนินงาน (ค่าวัสดุ) | D7: เหลือ | E7: =E5-E6 -> 200 | F7: =F5-F6 -> 0 | G7: =G5-G6 -> 0 | H7: =H5-H6 -> 0 | I7: =I5-I6 -> 0 | J7: =J5-J6 -> 0 | K7: =K5-K6 -> 0 | L7: =L5-L6 -> 0 | ... Q7: =Q5-Q6 -> 200
B8: รหัสรายการจ่าย | C8: ='จัดสรร งปม.'!$B$60 -> 415
B9: รายการจ่าย | C9: ='จัดสรร งปม.'!$C$60 -> สำรอง 3
A10: รหัส | B10: วันที่ | C10: ชื่อผู้ขอใช้ | D10: แผนก/งาน | E10: ปวช. | F10: ปวส. | G10: ระยะสั้น | H10: อุดหนุน | I10: หนังสือ | J10: เครื่องแบบ | K10: กิจกรรม | L10: อุปกรณ์ | M10: เครื่องมือ | N10: โครงการ | O10: เงินรายได้ | P10: เงินรับฝาก | Q10: รวม
A11: 001 | E11: 50 | Q11: =SUM(E11:P11) -> 50
A12: 002 | Q12: =SUM(E12:P12) -> 0
A13: 003 | Q13: =SUM(E13:P13) -> 0
A14: 004 | Q14: =SUM(E14:P14) -> 0
A15: 005 | Q15: =SUM(E15:P15) -> 0
A16: 006 | Q16: =SUM(E16:P16) -> 0
A17: 007 | Q17: =SUM(E17:P17) -> 0
A18: 008 | Q18: =SUM(E18:P18) -> 0
A19: 009 | Q19: =SUM(E19:P19) -> 0
A20: 010 | Q20: =SUM(E20:P20) -> 0
A21: 011 | Q21: =SUM(E21:P21) -> 0
A22: 012 | Q22: =SUM(E22:P22) -> 0
A23: 013 | Q23: =SUM(E23:P23) -> 0
... A45: 035 | Q45: =SUM(E45:P45) -> 0

Sheet 416
A1: กลับไปที่หน้าจัดสรร งปม.
E2: =Note!$B$1 -> วิทยาลัยการอาชีพแม่สะเรียง
E3: เงินงบประมาณ | H3: เงินอุดหนุน | N3: งบรายจ่ายอื่น | O3: เงิน บกศ. | Q3: รวม
E4: ปวช. | F4: ปวส. | G4: ระยะสั้น | H4: อุดหนุน | I4: หนังสือ | J4: เครื่องแบบ | K4: กิจกรรม | L4: อุปกรณ์ | M4: เครื่องมือ | N4: โครงการ | O4: เงินรายได้ | P4: เงินรับฝาก
D5: ได้รับมา | E5: ='จัดสรร งปม.'!D61 -> 260 | F5: ='จัดสรร งปม.'!E61 -> 0 | G5: ='จัดสรร งปม.'!F61 -> 0 | H5: ='จัดสรร งปม.'!G61 -> 0 | I5: ='จัดสรร งปม.'!H61 -> 0 | J5: ='จัดสรร งปม.'!I61 -> 0 | K5: ='จัดสรร งปม.'!J61 -> 0 | L5: ='จัดสรร งปม.'!K61 -> 0 | ... Q5: ='จัดสรร งปม.'!P61 -> 260
D6: ใช้ไปแล้ว | E6: =SUM(E11:E45) -> 60 | F6: =SUM(F11:F45) -> 0 | G6: =SUM(G11:G45) -> 0 | H6: =SUM(H11:H45) -> 0 | I6: =SUM(I11:I45) -> 0 | J6: =SUM(J11:J45) -> 0 | K6: =SUM(K11:K45) -> 0 | L6: =SUM(L11:L45) -> 0 | ... Q6: =SUM(Q11:Q45) -> 60
B7: งบดำเนินงาน (ค่าวัสดุ) | D7: เหลือ | E7: =E5-E6 -> 200 | F7: =F5-F6 -> 0 | G7: =G5-G6 -> 0 | H7: =H5-H6 -> 0 | I7: =I5-I6 -> 0 | J7: =J5-J6 -> 0 | K7: =K5-K6 -> 0 | L7: =L5-L6 -> 0 | ... Q7: =Q5-Q6 -> 200
B8: รหัสรายการจ่าย | C8: ='จัดสรร งปม.'!$B$61 -> 416
B9: รายการจ่าย | C9: ='จัดสรร งปม.'!$C$61 -> สำรอง 4
A10: รหัส | B10: วันที่ | C10: ชื่อผู้ขอใช้ | D10: แผนก/งาน | E10: ปวช. | F10: ปวส. | G10: ระยะสั้น | H10: อุดหนุน | I10: หนังสือ | J10: เครื่องแบบ | K10: กิจกรรม | L10: อุปกรณ์ | M10: เครื่องมือ | N10: โครงการ | O10: เงินรายได้ | P10: เงินรับฝาก | Q10: รวม
A11: 001 | E11: 60 | Q11: =SUM(E11:P11) -> 60
A12: 002 | Q12: =SUM(E12:P12) -> 0
A13: 003 | Q13: =SUM(E13:P13) -> 0
A14: 004 | Q14: =SUM(E14:P14) -> 0
A15: 005 | Q15: =SUM(E15:P15) -> 0
A16: 006 | Q16: =SUM(E16:P16) -> 0
A17: 007 | Q17: =SUM(E17:P17) -> 0
A18: 008 | Q18: =SUM(E18:P18) -> 0
A19: 009 | Q19: =SUM(E19:P19) -> 0
A20: 010 | Q20: =SUM(E20:P20) -> 0
A21: 011 | Q21: =SUM(E21:P21) -> 0
A22: 012 | Q22: =SUM(E22:P22) -> 0
A23: 013 | Q23: =SUM(E23:P23) -> 0
... A45: 035 | Q45: =SUM(E45:P45) -> 0

Sheet 417
A1: กลับไปที่หน้าจัดสรร งปม.
E2: =Note!$B$1 -> วิทยาลัยการอาชีพแม่สะเรียง
E3: เงินงบประมาณ | H3: เงินอุดหนุน | N3: งบรายจ่ายอื่น | O3: เงิน บกศ. | Q3: รวม
E4: ปวช. | F4: ปวส. | G4: ระยะสั้น | H4: อุดหนุน | I4: หนังสือ | J4: เครื่องแบบ | K4: กิจกรรม | L4: อุปกรณ์ | M4: เครื่องมือ | N4: โครงการ | O4: เงินรายได้ | P4: เงินรับฝาก
D5: ได้รับมา | E5: ='จัดสรร งปม.'!D62 -> 270 | F5: ='จัดสรร งปม.'!E62 -> 0 | G5: ='จัดสรร งปม.'!F62 -> 0 | H5: ='จัดสรร งปม.'!G62 -> 0 | I5: ='จัดสรร งปม.'!H62 -> 0 | J5: ='จัดสรร งปม.'!I62 -> 0 | K5: ='จัดสรร งปม.'!J62 -> 0 | L5: ='จัดสรร งปม.'!K62 -> 0 | ... Q5: ='จัดสรร งปม.'!P62 -> 270
D6: ใช้ไปแล้ว | E6: =SUM(E11:E45) -> 70 | F6: =SUM(F11:F45) -> 0 | G6: =SUM(G11:G45) -> 0 | H6: =SUM(H11:H45) -> 0 | I6: =SUM(I11:I45) -> 0 | J6: =SUM(J11:J45) -> 0 | K6: =SUM(K11:K45) -> 0 | L6: =SUM(L11:L45) -> 0 | ... Q6: =SUM(Q11:Q45) -> 70
B7: งบดำเนินงาน (ค่าวัสดุ) | D7: เหลือ | E7: =E5-E6 -> 200 | F7: =F5-F6 -> 0 | G7: =G5-G6 -> 0 | H7: =H5-H6 -> 0 | I7: =I5-I6 -> 0 | J7: =J5-J6 -> 0 | K7: =K5-K6 -> 0 | L7: =L5-L6 -> 0 | ... Q7: =Q5-Q6 -> 200
B8: รหัสรายการจ่าย | C8: ='จัดสรร งปม.'!$B$62 -> 417
B9: รายการจ่าย | C9: ='จัดสรร งปม.'!$C$62 -> สำรอง 5 (ผู้อำนวยการ)
A10: รหัส | B10: วันที่ | C10: ชื่อผู้ขอใช้ | D10: แผนก/งาน | E10: ปวช. | F10: ปวส. | G10: ระยะสั้น | H10: อุดหนุน | I10: หนังสือ | J10: เครื่องแบบ | K10: กิจกรรม | L10: อุปกรณ์ | M10: เครื่องมือ | N10: โครงการ | O10: เงินรายได้ | P10: เงินรับฝาก | Q10: รวม
A11: 001 | E11: 70 | Q11: =SUM(E11:P11) -> 70
A12: 002 | Q12: =SUM(E12:P12) -> 0
A13: 003 | Q13: =SUM(E13:P13) -> 0
A14: 004 | Q14: =SUM(E14:P14) -> 0
A15: 005 | Q15: =SUM(E15:P15) -> 0
A16: 006 | Q16: =SUM(E16:P16) -> 0
A17: 007 | Q17: =SUM(E17:P17) -> 0
A18: 008 | Q18: =SUM(E18:P18) -> 0
A19: 009 | Q19: =SUM(E19:P19) -> 0
A20: 010 | Q20: =SUM(E20:P20) -> 0
A21: 011 | Q21: =SUM(E21:P21) -> 0
A22: 012 | Q22: =SUM(E22:P22) -> 0
A23: 013 | Q23: =SUM(E23:P23) -> 0
... A45: 035 | Q45: =SUM(E45:P45) -> 0

Sheet 501
A1: กลับไปที่หน้าจัดสรร งปม.
E2: =Note!$B$1 -> วิทยาลัยการอาชีพแม่สะเรียง
E3: เงินงบประมาณ | H3: เงินอุดหนุน | N3: งบรายจ่ายอื่น | O3: เงิน บกศ. | Q3: รวม
E4: ปวช. | F4: ปวส. | G4: ระยะสั้น | H4: อุดหนุน | I4: หนังสือ | J4: เครื่องแบบ | K4: กิจกรรม | L4: อุปกรณ์ | M4: เครื่องมือ | N4: โครงการ | O4: เงินรายได้ | P4: เงินรับฝาก
D5: ได้รับมา | E5: ='จัดสรร งปม.'!D64 -> 110 | F5: ='จัดสรร งปม.'!E64 -> 0 | G5: ='จัดสรร งปม.'!F64 -> 0 | H5: ='จัดสรร งปม.'!G64 -> 0 | I5: ='จัดสรร งปม.'!H64 -> 0 | J5: ='จัดสรร งปม.'!I64 -> 0 | K5: ='จัดสรร งปม.'!J64 -> 0 | L5: ='จัดสรร งปม.'!K64 -> 0 | ... Q5: ='จัดสรร งปม.'!P64 -> 110
D6: ใช้ไปแล้ว | E6: =SUM(E11:E45) -> 10 | F6: =SUM(F11:F45) -> 0 | G6: =SUM(G11:G45) -> 0 | H6: =SUM(H11:H45) -> 0 | I6: =SUM(I11:I45) -> 0 | J6: =SUM(J11:J45) -> 0 | K6: =SUM(K11:K45) -> 0 | L6: =SUM(L11:L45) -> 0 | ... Q6: =SUM(Q11:Q45) -> 10
B7: งบดำเนินงาน (ค่าสาธารณูปโภค) | D7: เหลือ | E7: =E5-E6 -> 100 | F7: =F5-F6 -> 0 | G7: =G5-G6 -> 0 | H7: =H5-H6 -> 0 | I7: =I5-I6 -> 0 | J7: =J5-J6 -> 0 | K7: =K5-K6 -> 0 | L7: =L5-L6 -> 0 | ... Q7: =Q5-Q6 -> 100
B8: รหัสรายการจ่าย | C8: ='จัดสรร งปม.'!$B$64 -> 501
B9: รายการจ่าย | C9: ='จัดสรร งปม.'!$C$64 -> ค่าไฟฟ้า
A10: รหัส | B10: วันที่ | C10: ชื่อผู้ขอใช้ | D10: แผนก/งาน | E10: ปวช. | F10: ปวส. | G10: ระยะสั้น | H10: อุดหนุน | I10: หนังสือ | J10: เครื่องแบบ | K10: กิจกรรม | L10: อุปกรณ์ | M10: เครื่องมือ | N10: โครงการ | O10: เงินรายได้ | P10: เงินรับฝาก | Q10: รวม
A11: 001 | E11: 10 | Q11: =SUM(E11:P11) -> 10
A12: 002 | Q12: =SUM(E12:P12) -> 0
A13: 003 | Q13: =SUM(E13:P13) -> 0
A14: 004 | Q14: =SUM(E14:P14) -> 0
A15: 005 | Q15: =SUM(E15:P15) -> 0
A16: 006 | Q16: =SUM(E16:P16) -> 0
A17: 007 | Q17: =SUM(E17:P17) -> 0
A18: 008 | Q18: =SUM(E18:P18) -> 0
A19: 009 | Q19: =SUM(E19:P19) -> 0
A20: 010 | Q20: =SUM(E20:P20) -> 0
A21: 011 | Q21: =SUM(E21:P21) -> 0
A22: 012 | Q22: =SUM(E22:P22) -> 0
A23: 013 | Q23: =SUM(E23:P23) -> 0
... A45: 035 | Q45: =SUM(E45:P45) -> 0

Sheet 502
A1: กลับไปที่หน้าจัดสรร งปม.
E2: =Note!$B$1 -> วิทยาลัยการอาชีพแม่สะเรียง
E3: เงินงบประมาณ | H3: เงินอุดหนุน | N3: งบรายจ่ายอื่น | O3: เงิน บกศ. | Q3: รวม
E4: ปวช. | F4: ปวส. | G4: ระยะสั้น | H4: อุดหนุน | I4: หนังสือ | J4: เครื่องแบบ | K4: กิจกรรม | L4: อุปกรณ์ | M4: เครื่องมือ | N4: โครงการ | O4: เงินรายได้ | P4: เงินรับฝาก
D5: ได้รับมา | E5: ='จัดสรร งปม.'!D65 -> 120 | F5: ='จัดสรร งปม.'!E65 -> 0 | G5: ='จัดสรร งปม.'!F65 -> 0 | H5: ='จัดสรร งปม.'!G65 -> 0 | I5: ='จัดสรร งปม.'!H65 -> 0 | J5: ='จัดสรร งปม.'!I65 -> 0 | K5: ='จัดสรร งปม.'!J65 -> 0 | L5: ='จัดสรร งปม.'!K65 -> 0 | ... Q5: ='จัดสรร งปม.'!P65 -> 120
D6: ใช้ไปแล้ว | E6: =SUM(E11:E45) -> 20 | F6: =SUM(F11:F45) -> 0 | G6: =SUM(G11:G45) -> 0 | H6: =SUM(H11:H45) -> 0 | I6: =SUM(I11:I45) -> 0 | J6: =SUM(J11:J45) -> 0 | K6: =SUM(K11:K45) -> 0 | L6: =SUM(L11:L45) -> 0 | ... Q6: =SUM(Q11:Q45) -> 20
B7: งบดำเนินงาน (ค่าสาธารณูปโภค) | D7: เหลือ | E7: =E5-E6 -> 100 | F7: =F5-F6 -> 0 | G7: =G5-G6 -> 0 | H7: =H5-H6 -> 0 | I7: =I5-I6 -> 0 | J7: =J5-J6 -> 0 | K7: =K5-K6 -> 0 | L7: =L5-L6 -> 0 | ... Q7: =Q5-Q6 -> 100
B8: รหัสรายการจ่าย | C8: ='จัดสรร งปม.'!$B$65 -> 502
B9: รายการจ่าย | C9: ='จัดสรร งปม.'!$C$65 -> ค่าประปา
A10: รหัส | B10: วันที่ | C10: ชื่อผู้ขอใช้ | D10: แผนก/งาน | E10: ปวช. | F10: ปวส. | G10: ระยะสั้น | H10: อุดหนุน | I10: หนังสือ | J10: เครื่องแบบ | K10: กิจกรรม | L10: อุปกรณ์ | M10: เครื่องมือ | N10: โครงการ | O10: เงินรายได้ | P10: เงินรับฝาก | Q10: รวม
A11: 001 | E11: 20 | Q11: =SUM(E11:P11) -> 20
A12: 002 | Q12: =SUM(E12:P12) -> 0
A13: 003 | Q13: =SUM(E13:P13) -> 0
A14: 004 | Q14: =SUM(E14:P14) -> 0
A15: 005 | Q15: =SUM(E15:P15) -> 0
A16: 006 | Q16: =SUM(E16:P16) -> 0
A17: 007 | Q17: =SUM(E17:P17) -> 0
A18: 008 | Q18: =SUM(E18:P18) -> 0
A19: 009 | Q19: =SUM(E19:P19) -> 0
A20: 010 | Q20: =SUM(E20:P20) -> 0
A21: 011 | Q21: =SUM(E21:P21) -> 0
A22: 012 | Q22: =SUM(E22:P22) -> 0
A23: 013 | Q23: =SUM(E23:P23) -> 0
... A45: 035 | Q45: =SUM(E45:P45) -> 0

Sheet 503
A1: กลับไปที่หน้าจัดสรร งปม.
E2: =Note!$B$1 -> วิทยาลัยการอาชีพแม่สะเรียง
E3: เงินงบประมาณ | H3: เงินอุดหนุน | N3: งบรายจ่ายอื่น | O3: เงิน บกศ. | Q3: รวม
E4: ปวช. | F4: ปวส. | G4: ระยะสั้น | H4: อุดหนุน | I4: หนังสือ | J4: เครื่องแบบ | K4: กิจกรรม | L4: อุปกรณ์ | M4: เครื่องมือ | N4: โครงการ | O4: เงินรายได้ | P4: เงินรับฝาก
D5: ได้รับมา | E5: ='จัดสรร งปม.'!D66 -> 130 | F5: ='จัดสรร งปม.'!E66 -> 0 | G5: ='จัดสรร งปม.'!F66 -> 0 | H5: ='จัดสรร งปม.'!G66 -> 0 | I5: ='จัดสรร งปม.'!H66 -> 0 | J5: ='จัดสรร งปม.'!I66 -> 0 | K5: ='จัดสรร งปม.'!J66 -> 0 | L5: ='จัดสรร งปม.'!K66 -> 0 | ... Q5: ='จัดสรร งปม.'!P66 -> 130
D6: ใช้ไปแล้ว | E6: =SUM(E11:E45) -> 30 | F6: =SUM(F11:F45) -> 0 | G6: =SUM(G11:G45) -> 0 | H6: =SUM(H11:H45) -> 0 | I6: =SUM(I11:I45) -> 0 | J6: =SUM(J11:J45) -> 0 | K6: =SUM(K11:K45) -> 0 | L6: =SUM(L11:L45) -> 0 | ... Q6: =SUM(Q11:Q45) -> 30
B7: งบดำเนินงาน (ค่าสาธารณูปโภค) | D7: เหลือ | E7: =E5-E6 -> 100 | F7: =F5-F6 -> 0 | G7: =G5-G6 -> 0 | H7: =H5-H6 -> 0 | I7: =I5-I6 -> 0 | J7: =J5-J6 -> 0 | K7: =K5-K6 -> 0 | L7: =L5-L6 -> 0 | ... Q7: =Q5-Q6 -> 100
B8: รหัสรายการจ่าย | C8: ='จัดสรร งปม.'!$B$66 -> 503
B9: รายการจ่าย | C9: ='จัดสรร งปม.'!$C$66 -> ค่าโทรศัพท์
A10: รหัส | B10: วันที่ | C10: ชื่อผู้ขอใช้ | D10: แผนก/งาน | E10: ปวช. | F10: ปวส. | G10: ระยะสั้น | H10: อุดหนุน | I10: หนังสือ | J10: เครื่องแบบ | K10: กิจกรรม | L10: อุปกรณ์ | M10: เครื่องมือ | N10: โครงการ | O10: เงินรายได้ | P10: เงินรับฝาก | Q10: รวม
A11: 001 | E11: 30 | Q11: =SUM(E11:P11) -> 30
A12: 002 | Q12: =SUM(E12:P12) -> 0
A13: 003 | Q13: =SUM(E13:P13) -> 0
A14: 004 | Q14: =SUM(E14:P14) -> 0
A15: 005 | Q15: =SUM(E15:P15) -> 0
A16: 006 | Q16: =SUM(E16:P16) -> 0
A17: 007 | Q17: =SUM(E17:P17) -> 0
A18: 008 | Q18: =SUM(E18:P18) -> 0
A19: 009 | Q19: =SUM(E19:P19) -> 0
A20: 010 | Q20: =SUM(E20:P20) -> 0
A21: 011 | Q21: =SUM(E21:P21) -> 0
A22: 012 | Q22: =SUM(E22:P22) -> 0
A23: 013 | Q23: =SUM(E23:P23) -> 0
... A45: 035 | Q45: =SUM(E45:P45) -> 0

Sheet 504
A1: กลับไปที่หน้าจัดสรร งปม.
E2: =Note!$B$1 -> วิทยาลัยการอาชีพแม่สะเรียง
E3: เงินงบประมาณ | H3: เงินอุดหนุน | N3: งบรายจ่ายอื่น | O3: เงิน บกศ. | Q3: รวม
E4: ปวช. | F4: ปวส. | G4: ระยะสั้น | H4: อุดหนุน | I4: หนังสือ | J4: เครื่องแบบ | K4: กิจกรรม | L4: อุปกรณ์ | M4: เครื่องมือ | N4: โครงการ | O4: เงินรายได้ | P4: เงินรับฝาก
D5: ได้รับมา | E5: ='จัดสรร งปม.'!D67 -> 140 | F5: ='จัดสรร งปม.'!E67 -> 0 | G5: ='จัดสรร งปม.'!F67 -> 0 | H5: ='จัดสรร งปม.'!G67 -> 0 | I5: ='จัดสรร งปม.'!H67 -> 0 | J5: ='จัดสรร งปม.'!I67 -> 0 | K5: ='จัดสรร งปม.'!J67 -> 0 | L5: ='จัดสรร งปม.'!K67 -> 0 | ... Q5: ='จัดสรร งปม.'!P67 -> 140
D6: ใช้ไปแล้ว | E6: =SUM(E11:E45) -> 40 | F6: =SUM(F11:F45) -> 0 | G6: =SUM(G11:G45) -> 0 | H6: =SUM(H11:H45) -> 0 | I6: =SUM(I11:I45) -> 0 | J6: =SUM(J11:J45) -> 0 | K6: =SUM(K11:K45) -> 0 | L6: =SUM(L11:L45) -> 0 | ... Q6: =SUM(Q11:Q45) -> 40
B7: งบดำเนินงาน (ค่าสาธารณูปโภค) | D7: เหลือ | E7: =E5-E6 -> 100 | F7: =F5-F6 -> 0 | G7: =G5-G6 -> 0 | H7: =H5-H6 -> 0 | I7: =I5-I6 -> 0 | J7: =J5-J6 -> 0 | K7: =K5-K6 -> 0 | L7: =L5-L6 -> 0 | ... Q7: =Q5-Q6 -> 100
B8: รหัสรายการจ่าย | C8: ='จัดสรร งปม.'!$B$67 -> 504
B9: รายการจ่าย | C9: ='จัดสรร งปม.'!$C$67 -> ค่าไปรษณีย์
A10: รหัส | B10: วันที่ | C10: ชื่อผู้ขอใช้ | D10: แผนก/งาน | E10: ปวช. | F10: ปวส. | G10: ระยะสั้น | H10: อุดหนุน | I10: หนังสือ | J10: เครื่องแบบ | K10: กิจกรรม | L10: อุปกรณ์ | M10: เครื่องมือ | N10: โครงการ | O10: เงินรายได้ | P10: เงินรับฝาก | Q10: รวม
A11: 001 | E11: 40 | Q11: =SUM(E11:P11) -> 40
A12: 002 | Q12: =SUM(E12:P12) -> 0
A13: 003 | Q13: =SUM(E13:P13) -> 0
A14: 004 | Q14: =SUM(E14:P14) -> 0
A15: 005 | Q15: =SUM(E15:P15) -> 0
A16: 006 | Q16: =SUM(E16:P16) -> 0
A17: 007 | Q17: =SUM(E17:P17) -> 0
A18: 008 | Q18: =SUM(E18:P18) -> 0
A19: 009 | Q19: =SUM(E19:P19) -> 0
A20: 010 | Q20: =SUM(E20:P20) -> 0
A21: 011 | Q21: =SUM(E21:P21) -> 0
A22: 012 | Q22: =SUM(E22:P22) -> 0
A23: 013 | Q23: =SUM(E23:P23) -> 0
... A45: 035 | Q45: =SUM(E45:P45) -> 0

Sheet 505
A1: กลับไปที่หน้าจัดสรร งปม.
E2: =Note!$B$1 -> วิทยาลัยการอาชีพแม่สะเรียง
E3: เงินงบประมาณ | H3: เงินอุดหนุน | N3: งบรายจ่ายอื่น | O3: เงิน บกศ. | Q3: รวม
E4: ปวช. | F4: ปวส. | G4: ระยะสั้น | H4: อุดหนุน | I4: หนังสือ | J4: เครื่องแบบ | K4: กิจกรรม | L4: อุปกรณ์ | M4: เครื่องมือ | N4: โครงการ | O4: เงินรายได้ | P4: เงินรับฝาก
D5: ได้รับมา | E5: ='จัดสรร งปม.'!D68 -> 150 | F5: ='จัดสรร งปม.'!E68 -> 0 | G5: ='จัดสรร งปม.'!F68 -> 0 | H5: ='จัดสรร งปม.'!G68 -> 0 | I5: ='จัดสรร งปม.'!H68 -> 0 | J5: ='จัดสรร งปม.'!I68 -> 0 | K5: ='จัดสรร งปม.'!J68 -> 0 | L5: ='จัดสรร งปม.'!K68 -> 0 | ... Q5: ='จัดสรร งปม.'!P68 -> 150
D6: ใช้ไปแล้ว | E6: =SUM(E11:E45) -> 50 | F6: =SUM(F11:F45) -> 0 | G6: =SUM(G11:G45) -> 0 | H6: =SUM(H11:H45) -> 0 | I6: =SUM(I11:I45) -> 0 | J6: =SUM(J11:J45) -> 0 | K6: =SUM(K11:K45) -> 0 | L6: =SUM(L11:L45) -> 0 | ... Q6: =SUM(Q11:Q45) -> 50
B7: งบดำเนินงาน (ค่าสาธารณูปโภค) | D7: เหลือ | E7: =E5-E6 -> 100 | F7: =F5-F6 -> 0 | G7: =G5-G6 -> 0 | H7: =H5-H6 -> 0 | I7: =I5-I6 -> 0 | J7: =J5-J6 -> 0 | K7: =K5-K6 -> 0 | L7: =L5-L6 -> 0 | ... Q7: =Q5-Q6 -> 100
B8: รหัสรายการจ่าย | C8: ='จัดสรร งปม.'!$B$68 -> 505
B9: รายการจ่าย | C9: ='จัดสรร งปม.'!$C$68 -> ค่าอินเตอร์เนต
A10: รหัส | B10: วันที่ | C10: ชื่อผู้ขอใช้ | D10: แผนก/งาน | E10: ปวช. | F10: ปวส. | G10: ระยะสั้น | H10: อุดหนุน | I10: หนังสือ | J10: เครื่องแบบ | K10: กิจกรรม | L10: อุปกรณ์ | M10: เครื่องมือ | N10: โครงการ | O10: เงินรายได้ | P10: เงินรับฝาก | Q10: รวม
A11: 001 | E11: 50 | Q11: =SUM(E11:P11) -> 50
A12: 002 | Q12: =SUM(E12:P12) -> 0
A13: 003 | Q13: =SUM(E13:P13) -> 0
A14: 004 | Q14: =SUM(E14:P14) -> 0
A15: 005 | Q15: =SUM(E15:P15) -> 0
A16: 006 | Q16: =SUM(E16:P16) -> 0
A17: 007 | Q17: =SUM(E17:P17) -> 0
A18: 008 | Q18: =SUM(E18:P18) -> 0
A19: 009 | Q19: =SUM(E19:P19) -> 0
A20: 010 | Q20: =SUM(E20:P20) -> 0
A21: 011 | Q21: =SUM(E21:P21) -> 0
A22: 012 | Q22: =SUM(E22:P22) -> 0
A23: 013 | Q23: =SUM(E23:P23) -> 0
... A45: 035 | Q45: =SUM(E45:P45) -> 0

Sheet 506
A1: กลับไปที่หน้าจัดสรร งปม.
E2: =Note!$B$1 -> วิทยาลัยการอาชีพแม่สะเรียง
E3: เงินงบประมาณ | H3: เงินอุดหนุน | N3: งบรายจ่ายอื่น | O3: เงิน บกศ. | Q3: รวม
E4: ปวช. | F4: ปวส. | G4: ระยะสั้น | H4: อุดหนุน | I4: หนังสือ | J4: เครื่องแบบ | K4: กิจกรรม | L4: อุปกรณ์ | M4: เครื่องมือ | N4: โครงการ | O4: เงินรายได้ | P4: เงินรับฝาก
D5: ได้รับมา | E5: ='จัดสรร งปม.'!D69 -> 160 | F5: ='จัดสรร งปม.'!E69 -> 0 | G5: ='จัดสรร งปม.'!F69 -> 0 | H5: ='จัดสรร งปม.'!G69 -> 0 | I5: ='จัดสรร งปม.'!H69 -> 0 | J5: ='จัดสรร งปม.'!I69 -> 0 | K5: ='จัดสรร งปม.'!J69 -> 0 | L5: ='จัดสรร งปม.'!K69 -> 0 | ... Q5: ='จัดสรร งปม.'!P69 -> 160
D6: ใช้ไปแล้ว | E6: =SUM(E11:E45) -> 60 | F6: =SUM(F11:F45) -> 0 | G6: =SUM(G11:G45) -> 0 | H6: =SUM(H11:H45) -> 0 | I6: =SUM(I11:I45) -> 0 | J6: =SUM(J11:J45) -> 0 | K6: =SUM(K11:K45) -> 0 | L6: =SUM(L11:L45) -> 0 | ... Q6: =SUM(Q11:Q45) -> 60
B7: งบดำเนินงาน (ค่าสาธารณูปโภค) | D7: เหลือ | E7: =E5-E6 -> 100 | F7: =F5-F6 -> 0 | G7: =G5-G6 -> 0 | H7: =H5-H6 -> 0 | I7: =I5-I6 -> 0 | J7: =J5-J6 -> 0 | K7: =K5-K6 -> 0 | L7: =L5-L6 -> 0 | ... Q7: =Q5-Q6 -> 100
B8: รหัสรายการจ่าย | C8: ='จัดสรร งปม.'!$B$69 -> 506
B9: รายการจ่าย | C9: ='จัดสรร งปม.'!$C$69 -> สำรอง 1
A10: รหัส | B10: วันที่ | C10: ชื่อผู้ขอใช้ | D10: แผนก/งาน | E10: ปวช. | F10: ปวส. | G10: ระยะสั้น | H10: อุดหนุน | I10: หนังสือ | J10: เครื่องแบบ | K10: กิจกรรม | L10: อุปกรณ์ | M10: เครื่องมือ | N10: โครงการ | O10: เงินรายได้ | P10: เงินรับฝาก | Q10: รวม
A11: 001 | E11: 60 | Q11: =SUM(E11:P11) -> 60
A12: 002 | Q12: =SUM(E12:P12) -> 0
A13: 003 | Q13: =SUM(E13:P13) -> 0
A14: 004 | Q14: =SUM(E14:P14) -> 0
A15: 005 | Q15: =SUM(E15:P15) -> 0
A16: 006 | Q16: =SUM(E16:P16) -> 0
A17: 007 | Q17: =SUM(E17:P17) -> 0
A18: 008 | Q18: =SUM(E18:P18) -> 0
A19: 009 | Q19: =SUM(E19:P19) -> 0
A20: 010 | Q20: =SUM(E20:P20) -> 0
A21: 011 | Q21: =SUM(E21:P21) -> 0
A22: 012 | Q22: =SUM(E22:P22) -> 0
A23: 013 | Q23: =SUM(E23:P23) -> 0
... A45: 035 | Q45: =SUM(E45:P45) -> 0

Sheet 507
A1: กลับไปที่หน้าจัดสรร งปม.
E2: =Note!$B$1 -> วิทยาลัยการอาชีพแม่สะเรียง
E3: เงินงบประมาณ | H3: เงินอุดหนุน | N3: งบรายจ่ายอื่น | O3: เงิน บกศ. | Q3: รวม
E4: ปวช. | F4: ปวส. | G4: ระยะสั้น | H4: อุดหนุน | I4: หนังสือ | J4: เครื่องแบบ | K4: กิจกรรม | L4: อุปกรณ์ | M4: เครื่องมือ | N4: โครงการ | O4: เงินรายได้ | P4: เงินรับฝาก
D5: ได้รับมา | E5: ='จัดสรร งปม.'!D70 -> 170 | F5: ='จัดสรร งปม.'!E70 -> 0 | G5: ='จัดสรร งปม.'!F70 -> 0 | H5: ='จัดสรร งปม.'!G70 -> 0 | I5: ='จัดสรร งปม.'!H70 -> 0 | J5: ='จัดสรร งปม.'!I70 -> 0 | K5: ='จัดสรร งปม.'!J70 -> 0 | L5: ='จัดสรร งปม.'!K70 -> 0 | ... Q5: ='จัดสรร งปม.'!P70 -> 170
D6: ใช้ไปแล้ว | E6: =SUM(E11:E45) -> 70 | F6: =SUM(F11:F45) -> 0 | G6: =SUM(G11:G45) -> 0 | H6: =SUM(H11:H45) -> 0 | I6: =SUM(I11:I45) -> 0 | J6: =SUM(J11:J45) -> 0 | K6: =SUM(K11:K45) -> 0 | L6: =SUM(L11:L45) -> 0 | ... Q6: =SUM(Q11:Q45) -> 70
B7: งบดำเนินงาน (ค่าสาธารณูปโภค) | D7: เหลือ | E7: =E5-E6 -> 100 | F7: =F5-F6 -> 0 | G7: =G5-G6 -> 0 | H7: =H5-H6 -> 0 | I7: =I5-I6 -> 0 | J7: =J5-J6 -> 0 | K7: =K5-K6 -> 0 | L7: =L5-L6 -> 0 | ... Q7: =Q5-Q6 -> 100
B8: รหัสรายการจ่าย | C8: ='จัดสรร งปม.'!$B$70 -> 507
B9: รายการจ่าย | C9: ='จัดสรร งปม.'!$C$70 -> สำรอง 2
A10: รหัส | B10: วันที่ | C10: ชื่อผู้ขอใช้ | D10: แผนก/งาน | E10: ปวช. | F10: ปวส. | G10: ระยะสั้น | H10: อุดหนุน | I10: หนังสือ | J10: เครื่องแบบ | K10: กิจกรรม | L10: อุปกรณ์ | M10: เครื่องมือ | N10: โครงการ | O10: เงินรายได้ | P10: เงินรับฝาก | Q10: รวม
A11: 001 | E11: 70 | Q11: =SUM(E11:P11) -> 70
A12: 002 | Q12: =SUM(E12:P12) -> 0
A13: 003 | Q13: =SUM(E13:P13) -> 0
A14: 004 | Q14: =SUM(E14:P14) -> 0
A15: 005 | Q15: =SUM(E15:P15) -> 0
A16: 006 | Q16: =SUM(E16:P16) -> 0
A17: 007 | Q17: =SUM(E17:P17) -> 0
A18: 008 | Q18: =SUM(E18:P18) -> 0
A19: 009 | Q19: =SUM(E19:P19) -> 0
A20: 010 | Q20: =SUM(E20:P20) -> 0
A21: 011 | Q21: =SUM(E21:P21) -> 0
A22: 012 | Q22: =SUM(E22:P22) -> 0
A23: 013 | Q23: =SUM(E23:P23) -> 0
... A45: 035 | Q45: =SUM(E45:P45) -> 0

Sheet 508
A1: กลับไปที่หน้าจัดสรร งปม.
E2: =Note!$B$1 -> วิทยาลัยการอาชีพแม่สะเรียง
E3: เงินงบประมาณ | H3: เงินอุดหนุน | N3: งบรายจ่ายอื่น | O3: เงิน บกศ. | Q3: รวม
E4: ปวช. | F4: ปวส. | G4: ระยะสั้น | H4: อุดหนุน | I4: หนังสือ | J4: เครื่องแบบ | K4: กิจกรรม | L4: อุปกรณ์ | M4: เครื่องมือ | N4: โครงการ | O4: เงินรายได้ | P4: เงินรับฝาก
D5: ได้รับมา | E5: ='จัดสรร งปม.'!D71 -> 180 | F5: ='จัดสรร งปม.'!E71 -> 0 | G5: ='จัดสรร งปม.'!F71 -> 0 | H5: ='จัดสรร งปม.'!G71 -> 0 | I5: ='จัดสรร งปม.'!H71 -> 0 | J5: ='จัดสรร งปม.'!I71 -> 0 | K5: ='จัดสรร งปม.'!J71 -> 0 | L5: ='จัดสรร งปม.'!K71 -> 0 | ... Q5: ='จัดสรร งปม.'!P71 -> 180
D6: ใช้ไปแล้ว | E6: =SUM(E11:E45) -> 80 | F6: =SUM(F11:F45) -> 0 | G6: =SUM(G11:G45) -> 0 | H6: =SUM(H11:H45) -> 0 | I6: =SUM(I11:I45) -> 0 | J6: =SUM(J11:J45) -> 0 | K6: =SUM(K11:K45) -> 0 | L6: =SUM(L11:L45) -> 0 | ... Q6: =SUM(Q11:Q45) -> 80
B7: งบดำเนินงาน (ค่าสาธารณูปโภค) | D7: เหลือ | E7: =E5-E6 -> 100 | F7: =F5-F6 -> 0 | G7: =G5-G6 -> 0 | H7: =H5-H6 -> 0 | I7: =I5-I6 -> 0 | J7: =J5-J6 -> 0 | K7: =K5-K6 -> 0 | L7: =L5-L6 -> 0 | ... Q7: =Q5-Q6 -> 100
B8: รหัสรายการจ่าย | C8: ='จัดสรร งปม.'!$B$71 -> 508
B9: รายการจ่าย | C9: ='จัดสรร งปม.'!$C$71 -> สำรอง 3
A10: รหัส | B10: วันที่ | C10: ชื่อผู้ขอใช้ | D10: แผนก/งาน | E10: ปวช. | F10: ปวส. | G10: ระยะสั้น | H10: อุดหนุน | I10: หนังสือ | J10: เครื่องแบบ | K10: กิจกรรม | L10: อุปกรณ์ | M10: เครื่องมือ | N10: โครงการ | O10: เงินรายได้ | P10: เงินรับฝาก | Q10: รวม
A11: 001 | E11: 80 | Q11: =SUM(E11:P11) -> 80
A12: 002 | Q12: =SUM(E12:P12) -> 0
A13: 003 | Q13: =SUM(E13:P13) -> 0
A14: 004 | Q14: =SUM(E14:P14) -> 0
A15: 005 | Q15: =SUM(E15:P15) -> 0
A16: 006 | Q16: =SUM(E16:P16) -> 0
A17: 007 | Q17: =SUM(E17:P17) -> 0
A18: 008 | Q18: =SUM(E18:P18) -> 0
A19: 009 | Q19: =SUM(E19:P19) -> 0
A20: 010 | Q20: =SUM(E20:P20) -> 0
A21: 011 | Q21: =SUM(E21:P21) -> 0
A22: 012 | Q22: =SUM(E22:P22) -> 0
A23: 013 | Q23: =SUM(E23:P23) -> 0
... A45: 035 | Q45: =SUM(E45:P45) -> 0

Sheet 601
A1: กลับไปที่หน้าจัดสรร งปม.
E2: =Note!$B$1 -> วิทยาลัยการอาชีพแม่สะเรียง
E3: เงินงบประมาณ | H3: เงินอุดหนุน | N3: งบรายจ่ายอื่น | O3: เงิน บกศ. | Q3: รวม
E4: ปวช. | F4: ปวส. | G4: ระยะสั้น | H4: อุดหนุน | I4: หนังสือ | J4: เครื่องแบบ | K4: กิจกรรม | L4: อุปกรณ์ | M4: เครื่องมือ | N4: โครงการ | O4: เงินรายได้ | P4: เงินรับฝาก
D5: ได้รับมา | E5: ='จัดสรร งปม.'!D73 -> 110 | F5: ='จัดสรร งปม.'!E73 -> 0 | G5: ='จัดสรร งปม.'!F73 -> 0 | H5: ='จัดสรร งปม.'!G73 -> 0 | I5: ='จัดสรร งปม.'!H73 -> 0 | J5: ='จัดสรร งปม.'!I73 -> 0 | K5: ='จัดสรร งปม.'!J73 -> 0 | L5: ='จัดสรร งปม.'!K73 -> 0 | ... Q5: ='จัดสรร งปม.'!P73 -> 110
D6: ใช้ไปแล้ว | E6: =SUM(E11:E45) -> 10 | F6: =SUM(F11:F45) -> 0 | G6: =SUM(G11:G45) -> 0 | H6: =SUM(H11:H45) -> 0 | I6: =SUM(I11:I45) -> 0 | J6: =SUM(J11:J45) -> 0 | K6: =SUM(K11:K45) -> 0 | L6: =SUM(L11:L45) -> 0 | ... Q6: =SUM(Q11:Q45) -> 10
B7: งบดำเนินงาน (โครงการ/กิจกรรม) | D7: เหลือ | E7: =E5-E6 -> 100 | F7: =F5-F6 -> 0 | G7: =G5-G6 -> 0 | H7: =H5-H6 -> 0 | I7: =I5-I6 -> 0 | J7: =J5-J6 -> 0 | K7: =K5-K6 -> 0 | L7: =L5-L6 -> 0 | ... Q7: =Q5-Q6 -> 100
B8: รหัสรายการจ่าย | C8: ='จัดสรร งปม.'!$B$73 -> 601
B9: รายการจ่าย | C9: ='จัดสรร งปม.'!$C$73 -> โครงการด้านการพัฒนาผู้เรียน
A10: รหัส | B10: วันที่ | C10: ชื่อผู้ขอใช้ | D10: แผนก/งาน | E10: ปวช. | F10: ปวส. | G10: ระยะสั้น | H10: อุดหนุน | I10: หนังสือ | J10: เครื่องแบบ | K10: กิจกรรม | L10: อุปกรณ์ | M10: เครื่องมือ | N10: โครงการ | O10: เงินรายได้ | P10: เงินรับฝาก | Q10: รวม
A11: 001 | E11: 10 | Q11: =SUM(E11:P11) -> 10
A12: 002 | Q12: =SUM(E12:P12) -> 0
A13: 003 | Q13: =SUM(E13:P13) -> 0
A14: 004 | Q14: =SUM(E14:P14) -> 0
A15: 005 | Q15: =SUM(E15:P15) -> 0
A16: 006 | Q16: =SUM(E16:P16) -> 0
A17: 007 | Q17: =SUM(E17:P17) -> 0
A18: 008 | Q18: =SUM(E18:P18) -> 0
A19: 009 | Q19: =SUM(E19:P19) -> 0
A20: 010 | Q20: =SUM(E20:P20) -> 0
A21: 011 | Q21: =SUM(E21:P21) -> 0
A22: 012 | Q22: =SUM(E22:P22) -> 0
A23: 013 | Q23: =SUM(E23:P23) -> 0
... A45: 035 | Q45: =SUM(E45:P45) -> 0

Sheet 602
A1: กลับไปที่หน้าจัดสรร งปม.
E2: =Note!$B$1 -> วิทยาลัยการอาชีพแม่สะเรียง
E3: เงินงบประมาณ | H3: เงินอุดหนุน | N3: งบรายจ่ายอื่น | O3: เงิน บกศ. | Q3: รวม
E4: ปวช. | F4: ปวส. | G4: ระยะสั้น | H4: อุดหนุน | I4: หนังสือ | J4: เครื่องแบบ | K4: กิจกรรม | L4: อุปกรณ์ | M4: เครื่องมือ | N4: โครงการ | O4: เงินรายได้ | P4: เงินรับฝาก
D5: ได้รับมา | E5: ='จัดสรร งปม.'!D74 -> 115 | F5: ='จัดสรร งปม.'!E74 -> 0 | G5: ='จัดสรร งปม.'!F74 -> 0 | H5: ='จัดสรร งปม.'!G74 -> 0 | I5: ='จัดสรร งปม.'!H74 -> 0 | J5: ='จัดสรร งปม.'!I74 -> 0 | K5: ='จัดสรร งปม.'!J74 -> 0 | L5: ='จัดสรร งปม.'!K74 -> 0 | ... Q5: ='จัดสรร งปม.'!P74 -> 115
D6: ใช้ไปแล้ว | E6: =SUM(E11:E45) -> 15 | F6: =SUM(F11:F45) -> 0 | G6: =SUM(G11:G45) -> 0 | H6: =SUM(H11:H45) -> 0 | I6: =SUM(I11:I45) -> 0 | J6: =SUM(J11:J45) -> 0 | K6: =SUM(K11:K45) -> 0 | L6: =SUM(L11:L45) -> 0 | ... Q6: =SUM(Q11:Q45) -> 15
B7: งบดำเนินงาน (โครงการ/กิจกรรม) | D7: เหลือ | E7: =E5-E6 -> 100 | F7: =F5-F6 -> 0 | G7: =G5-G6 -> 0 | H7: =H5-H6 -> 0 | I7: =I5-I6 -> 0 | J7: =J5-J6 -> 0 | K7: =K5-K6 -> 0 | L7: =L5-L6 -> 0 | ... Q7: =Q5-Q6 -> 100
B8: รหัสรายการจ่าย | C8: ='จัดสรร งปม.'!$B$74 -> 602
B9: รายการจ่าย | C9: ='จัดสรร งปม.'!$C$74 -> โครงการด้านการพัฒนาครูและบุคลากร
A10: รหัส | B10: วันที่ | C10: ชื่อผู้ขอใช้ | D10: แผนก/งาน | E10: ปวช. | F10: ปวส. | G10: ระยะสั้น | H10: อุดหนุน | I10: หนังสือ | J10: เครื่องแบบ | K10: กิจกรรม | L10: อุปกรณ์ | M10: เครื่องมือ | N10: โครงการ | O10: เงินรายได้ | P10: เงินรับฝาก | Q10: รวม
A11: 001 | E11: 15 | Q11: =SUM(E11:P11) -> 15
A12: 002 | Q12: =SUM(E12:P12) -> 0
A13: 003 | Q13: =SUM(E13:P13) -> 0
A14: 004 | Q14: =SUM(E14:P14) -> 0
A15: 005 | Q15: =SUM(E15:P15) -> 0
A16: 006 | Q16: =SUM(E16:P16) -> 0
A17: 007 | Q17: =SUM(E17:P17) -> 0
A18: 008 | Q18: =SUM(E18:P18) -> 0
A19: 009 | Q19: =SUM(E19:P19) -> 0
A20: 010 | Q20: =SUM(E20:P20) -> 0
A21: 011 | Q21: =SUM(E21:P21) -> 0
A22: 012 | Q22: =SUM(E22:P22) -> 0
A23: 013 | Q23: =SUM(E23:P23) -> 0
... A45: 035 | Q45: =SUM(E45:P45) -> 0

Sheet 603
A1: กลับไปที่หน้าจัดสรร งปม.
E2: =Note!$B$1 -> วิทยาลัยการอาชีพแม่สะเรียง
E3: เงินงบประมาณ | H3: เงินอุดหนุน | N3: งบรายจ่ายอื่น | O3: เงิน บกศ. | Q3: รวม
E4: ปวช. | F4: ปวส. | G4: ระยะสั้น | H4: อุดหนุน | I4: หนังสือ | J4: เครื่องแบบ | K4: กิจกรรม | L4: อุปกรณ์ | M4: เครื่องมือ | N4: โครงการ | O4: เงินรายได้ | P4: เงินรับฝาก
D5: ได้รับมา | E5: ='จัดสรร งปม.'!D75 -> 120 | F5: ='จัดสรร งปม.'!E75 -> 0 | G5: ='จัดสรร งปม.'!F75 -> 0 | H5: ='จัดสรร งปม.'!G75 -> 0 | I5: ='จัดสรร งปม.'!H75 -> 0 | J5: ='จัดสรร งปม.'!I75 -> 0 | K5: ='จัดสรร งปม.'!J75 -> 0 | L5: ='จัดสรร งปม.'!K75 -> 0 | ... Q5: ='จัดสรร งปม.'!P75 -> 120
D6: ใช้ไปแล้ว | E6: =SUM(E11:E45) -> 20 | F6: =SUM(F11:F45) -> 0 | G6: =SUM(G11:G45) -> 0 | H6: =SUM(H11:H45) -> 0 | I6: =SUM(I11:I45) -> 0 | J6: =SUM(J11:J45) -> 0 | K6: =SUM(K11:K45) -> 0 | L6: =SUM(L11:L45) -> 0 | ... Q6: =SUM(Q11:Q45) -> 20
B7: งบดำเนินงาน (โครงการ/กิจกรรม) | D7: เหลือ | E7: =E5-E6 -> 100 | F7: =F5-F6 -> 0 | G7: =G5-G6 -> 0 | H7: =H5-H6 -> 0 | I7: =I5-I6 -> 0 | J7: =J5-J6 -> 0 | K7: =K5-K6 -> 0 | L7: =L5-L6 -> 0 | ... Q7: =Q5-Q6 -> 100
B8: รหัสรายการจ่าย | C8: ='จัดสรร งปม.'!$B$75 -> 603
B9: รายการจ่าย | C9: ='จัดสรร งปม.'!$C$75 -> โครงการด้านการพัฒนาคุณภาพสถานศึกษา
A10: รหัส | B10: วันที่ | C10: ชื่อผู้ขอใช้ | D10: แผนก/งาน | E10: ปวช. | F10: ปวส. | G10: ระยะสั้น | H10: อุดหนุน | I10: หนังสือ | J10: เครื่องแบบ | K10: กิจกรรม | L10: อุปกรณ์ | M10: เครื่องมือ | N10: โครงการ | O10: เงินรายได้ | P10: เงินรับฝาก | Q10: รวม
A11: 001 | E11: 20 | Q11: =SUM(E11:P11) -> 20
A12: 002 | Q12: =SUM(E12:P12) -> 0
A13: 003 | Q13: =SUM(E13:P13) -> 0
A14: 004 | Q14: =SUM(E14:P14) -> 0
A15: 005 | Q15: =SUM(E15:P15) -> 0
A16: 006 | Q16: =SUM(E16:P16) -> 0
A17: 007 | Q17: =SUM(E17:P17) -> 0
A18: 008 | Q18: =SUM(E18:P18) -> 0
A19: 009 | Q19: =SUM(E19:P19) -> 0
A20: 010 | Q20: =SUM(E20:P20) -> 0
A21: 011 | Q21: =SUM(E21:P21) -> 0
A22: 012 | Q22: =SUM(E22:P22) -> 0
A23: 013 | Q23: =SUM(E23:P23) -> 0
... A45: 035 | Q45: =SUM(E45:P45) -> 0

Sheet 604
A1: กลับไปที่หน้าจัดสรร งปม.
E2: =Note!$B$1 -> วิทยาลัยการอาชีพแม่สะเรียง
E3: เงินงบประมาณ | H3: เงินอุดหนุน | N3: งบรายจ่ายอื่น | O3: เงิน บกศ. | Q3: รวม
E4: ปวช. | F4: ปวส. | G4: ระยะสั้น | H4: อุดหนุน | I4: หนังสือ | J4: เครื่องแบบ | K4: กิจกรรม | L4: อุปกรณ์ | M4: เครื่องมือ | N4: โครงการ | O4: เงินรายได้ | P4: เงินรับฝาก
D5: ได้รับมา | E5: ='จัดสรร งปม.'!D76 -> 125 | F5: ='จัดสรร งปม.'!E76 -> 0 | G5: ='จัดสรร งปม.'!F76 -> 0 | H5: ='จัดสรร งปม.'!G76 -> 0 | I5: ='จัดสรร งปม.'!H76 -> 0 | J5: ='จัดสรร งปม.'!I76 -> 0 | K5: ='จัดสรร งปม.'!J76 -> 0 | L5: ='จัดสรร งปม.'!K76 -> 0 | ... Q5: ='จัดสรร งปม.'!P76 -> 125
D6: ใช้ไปแล้ว | E6: =SUM(E11:E45) -> 25 | F6: =SUM(F11:F45) -> 0 | G6: =SUM(G11:G45) -> 0 | H6: =SUM(H11:H45) -> 0 | I6: =SUM(I11:I45) -> 0 | J6: =SUM(J11:J45) -> 0 | K6: =SUM(K11:K45) -> 0 | L6: =SUM(L11:L45) -> 0 | ... Q6: =SUM(Q11:Q45) -> 25
B7: งบดำเนินงาน (โครงการ/กิจกรรม) | D7: เหลือ | E7: =E5-E6 -> 100 | F7: =F5-F6 -> 0 | G7: =G5-G6 -> 0 | H7: =H5-H6 -> 0 | I7: =I5-I6 -> 0 | J7: =J5-J6 -> 0 | K7: =K5-K6 -> 0 | L7: =L5-L6 -> 0 | ... Q7: =Q5-Q6 -> 100
B8: รหัสรายการจ่าย | C8: ='จัดสรร งปม.'!$B$76 -> 604
B9: รายการจ่าย | C9: ='จัดสรร งปม.'!$C$76 -> โครงการด้านการประกันคุณภาพภายใน
A10: รหัส | B10: วันที่ | C10: ชื่อผู้ขอใช้ | D10: แผนก/งาน | E10: ปวช. | F10: ปวส. | G10: ระยะสั้น | H10: อุดหนุน | I10: หนังสือ | J10: เครื่องแบบ | K10: กิจกรรม | L10: อุปกรณ์ | M10: เครื่องมือ | N10: โครงการ | O10: เงินรายได้ | P10: เงินรับฝาก | Q10: รวม
A11: 001 | E11: 25 | Q11: =SUM(E11:P11) -> 25
A12: 002 | Q12: =SUM(E12:P12) -> 0
A13: 003 | Q13: =SUM(E13:P13) -> 0
A14: 004 | Q14: =SUM(E14:P14) -> 0
A15: 005 | Q15: =SUM(E15:P15) -> 0
A16: 006 | Q16: =SUM(E16:P16) -> 0
A17: 007 | Q17: =SUM(E17:P17) -> 0
A18: 008 | Q18: =SUM(E18:P18) -> 0
A19: 009 | Q19: =SUM(E19:P19) -> 0
A20: 010 | Q20: =SUM(E20:P20) -> 0
A21: 011 | Q21: =SUM(E21:P21) -> 0
A22: 012 | Q22: =SUM(E22:P22) -> 0
A23: 013 | Q23: =SUM(E23:P23) -> 0
... A45: 035 | Q45: =SUM(E45:P45) -> 0

Sheet 605
A1: กลับไปที่หน้าจัดสรร งปม.
E2: =Note!$B$1 -> วิทยาลัยการอาชีพแม่สะเรียง
E3: เงินงบประมาณ | H3: เงินอุดหนุน | N3: งบรายจ่ายอื่น | O3: เงิน บกศ. | Q3: รวม
E4: ปวช. | F4: ปวส. | G4: ระยะสั้น | H4: อุดหนุน | I4: หนังสือ | J4: เครื่องแบบ | K4: กิจกรรม | L4: อุปกรณ์ | M4: เครื่องมือ | N4: โครงการ | O4: เงินรายได้ | P4: เงินรับฝาก
D5: ได้รับมา | E5: ='จัดสรร งปม.'!D77 -> 130 | F5: ='จัดสรร งปม.'!E77 -> 0 | G5: ='จัดสรร งปม.'!F77 -> 0 | H5: ='จัดสรร งปม.'!G77 -> 0 | I5: ='จัดสรร งปม.'!H77 -> 0 | J5: ='จัดสรร งปม.'!I77 -> 0 | K5: ='จัดสรร งปม.'!J77 -> 0 | L5: ='จัดสรร งปม.'!K77 -> 0 | ... Q5: ='จัดสรร งปม.'!P77 -> 130
D6: ใช้ไปแล้ว | E6: =SUM(E11:E45) -> 30 | F6: =SUM(F11:F45) -> 0 | G6: =SUM(G11:G45) -> 0 | H6: =SUM(H11:H45) -> 0 | I6: =SUM(I11:I45) -> 0 | J6: =SUM(J11:J45) -> 0 | K6: =SUM(K11:K45) -> 0 | L6: =SUM(L11:L45) -> 0 | ... Q6: =SUM(Q11:Q45) -> 30
B7: งบดำเนินงาน (โครงการ/กิจกรรม) | D7: เหลือ | E7: =E5-E6 -> 100 | F7: =F5-F6 -> 0 | G7: =G5-G6 -> 0 | H7: =H5-H6 -> 0 | I7: =I5-I6 -> 0 | J7: =J5-J6 -> 0 | K7: =K5-K6 -> 0 | L7: =L5-L6 -> 0 | ... Q7: =Q5-Q6 -> 100
B8: รหัสรายการจ่าย | C8: ='จัดสรร งปม.'!$B$77 -> 605
B9: รายการจ่าย | C9: ='จัดสรร งปม.'!$C$77 -> โครงการ อวท.
A10: รหัส | B10: วันที่ | C10: ชื่อผู้ขอใช้ | D10: แผนก/งาน | E10: ปวช. | F10: ปวส. | G10: ระยะสั้น | H10: อุดหนุน | I10: หนังสือ | J10: เครื่องแบบ | K10: กิจกรรม | L10: อุปกรณ์ | M10: เครื่องมือ | N10: โครงการ | O10: เงินรายได้ | P10: เงินรับฝาก | Q10: รวม
A11: 001 | E11: 30 | Q11: =SUM(E11:P11) -> 30
A12: 002 | Q12: =SUM(E12:P12) -> 0
A13: 003 | Q13: =SUM(E13:P13) -> 0
A14: 004 | Q14: =SUM(E14:P14) -> 0
A15: 005 | Q15: =SUM(E15:P15) -> 0
A16: 006 | Q16: =SUM(E16:P16) -> 0
A17: 007 | Q17: =SUM(E17:P17) -> 0
A18: 008 | Q18: =SUM(E18:P18) -> 0
A19: 009 | Q19: =SUM(E19:P19) -> 0
A20: 010 | Q20: =SUM(E20:P20) -> 0
A21: 011 | Q21: =SUM(E21:P21) -> 0
A22: 012 | Q22: =SUM(E22:P22) -> 0
A23: 013 | Q23: =SUM(E23:P23) -> 0
... A45: 035 | Q45: =SUM(E45:P45) -> 0

Sheet 606
A1: กลับไปที่หน้าจัดสรร งปม.
E2: =Note!$B$1 -> วิทยาลัยการอาชีพแม่สะเรียง
E3: เงินงบประมาณ | H3: เงินอุดหนุน | N3: งบรายจ่ายอื่น | O3: เงิน บกศ. | Q3: รวม
E4: ปวช. | F4: ปวส. | G4: ระยะสั้น | H4: อุดหนุน | I4: หนังสือ | J4: เครื่องแบบ | K4: กิจกรรม | L4: อุปกรณ์ | M4: เครื่องมือ | N4: โครงการ | O4: เงินรายได้ | P4: เงินรับฝาก
D5: ได้รับมา | E5: ='จัดสรร งปม.'!D78 -> 135 | F5: ='จัดสรร งปม.'!E78 -> 0 | G5: ='จัดสรร งปม.'!F78 -> 0 | H5: ='จัดสรร งปม.'!G78 -> 0 | I5: ='จัดสรร งปม.'!H78 -> 0 | J5: ='จัดสรร งปม.'!I78 -> 0 | K5: ='จัดสรร งปม.'!J78 -> 0 | L5: ='จัดสรร งปม.'!K78 -> 0 | ... Q5: ='จัดสรร งปม.'!P78 -> 135
D6: ใช้ไปแล้ว | E6: =SUM(E11:E45) -> 35 | F6: =SUM(F11:F45) -> 0 | G6: =SUM(G11:G45) -> 0 | H6: =SUM(H11:H45) -> 0 | I6: =SUM(I11:I45) -> 0 | J6: =SUM(J11:J45) -> 0 | K6: =SUM(K11:K45) -> 0 | L6: =SUM(L11:L45) -> 0 | ... Q6: =SUM(Q11:Q45) -> 35
B7: งบดำเนินงาน (โครงการ/กิจกรรม) | D7: เหลือ | E7: =E5-E6 -> 100 | F7: =F5-F6 -> 0 | G7: =G5-G6 -> 0 | H7: =H5-H6 -> 0 | I7: =I5-I6 -> 0 | J7: =J5-J6 -> 0 | K7: =K5-K6 -> 0 | L7: =L5-L6 -> 0 | ... Q7: =Q5-Q6 -> 100
B8: รหัสรายการจ่าย | C8: ='จัดสรร งปม.'!$B$78 -> 606
B9: รายการจ่าย | C9: ='จัดสรร งปม.'!$C$78 -> สำรอง 1
A10: รหัส | B10: วันที่ | C10: ชื่อผู้ขอใช้ | D10: แผนก/งาน | E10: ปวช. | F10: ปวส. | G10: ระยะสั้น | H10: อุดหนุน | I10: หนังสือ | J10: เครื่องแบบ | K10: กิจกรรม | L10: อุปกรณ์ | M10: เครื่องมือ | N10: โครงการ | O10: เงินรายได้ | P10: เงินรับฝาก | Q10: รวม
A11: 001 | E11: 35 | Q11: =SUM(E11:P11) -> 35
A12: 002 | Q12: =SUM(E12:P12) -> 0
A13: 003 | Q13: =SUM(E13:P13) -> 0
A14: 004 | Q14: =SUM(E14:P14) -> 0
A15: 005 | Q15: =SUM(E15:P15) -> 0
A16: 006 | Q16: =SUM(E16:P16) -> 0
A17: 007 | Q17: =SUM(E17:P17) -> 0
A18: 008 | Q18: =SUM(E18:P18) -> 0
A19: 009 | Q19: =SUM(E19:P19) -> 0
A20: 010 | Q20: =SUM(E20:P20) -> 0
A21: 011 | Q21: =SUM(E21:P21) -> 0
A22: 012 | Q22: =SUM(E22:P22) -> 0
A23: 013 | Q23: =SUM(E23:P23) -> 0
... A45: 035 | Q45: =SUM(E45:P45) -> 0

Sheet 607
A1: กลับไปที่หน้าจัดสรร งปม.
E2: =Note!$B$1 -> วิทยาลัยการอาชีพแม่สะเรียง
E3: เงินงบประมาณ | H3: เงินอุดหนุน | N3: งบรายจ่ายอื่น | O3: เงิน บกศ. | Q3: รวม
E4: ปวช. | F4: ปวส. | G4: ระยะสั้น | H4: อุดหนุน | I4: หนังสือ | J4: เครื่องแบบ | K4: กิจกรรม | L4: อุปกรณ์ | M4: เครื่องมือ | N4: โครงการ | O4: เงินรายได้ | P4: เงินรับฝาก
D5: ได้รับมา | E5: ='จัดสรร งปม.'!D79 -> 140 | F5: ='จัดสรร งปม.'!E79 -> 0 | G5: ='จัดสรร งปม.'!F79 -> 0 | H5: ='จัดสรร งปม.'!G79 -> 0 | I5: ='จัดสรร งปม.'!H79 -> 0 | J5: ='จัดสรร งปม.'!I79 -> 0 | K5: ='จัดสรร งปม.'!J79 -> 0 | L5: ='จัดสรร งปม.'!K79 -> 0 | ... Q5: ='จัดสรร งปม.'!P79 -> 140
D6: ใช้ไปแล้ว | E6: =SUM(E11:E45) -> 40 | F6: =SUM(F11:F45) -> 0 | G6: =SUM(G11:G45) -> 0 | H6: =SUM(H11:H45) -> 0 | I6: =SUM(I11:I45) -> 0 | J6: =SUM(J11:J45) -> 0 | K6: =SUM(K11:K45) -> 0 | L6: =SUM(L11:L45) -> 0 | ... Q6: =SUM(Q11:Q45) -> 40
B7: งบดำเนินงาน (โครงการ/กิจกรรม) | D7: เหลือ | E7: =E5-E6 -> 100 | F7: =F5-F6 -> 0 | G7: =G5-G6 -> 0 | H7: =H5-H6 -> 0 | I7: =I5-I6 -> 0 | J7: =J5-J6 -> 0 | K7: =K5-K6 -> 0 | L7: =L5-L6 -> 0 | ... Q7: =Q5-Q6 -> 100
B8: รหัสรายการจ่าย | C8: ='จัดสรร งปม.'!$B$79 -> 607
B9: รายการจ่าย | C9: ='จัดสรร งปม.'!$C$79 -> สำรอง 2
A10: รหัส | B10: วันที่ | C10: ชื่อผู้ขอใช้ | D10: แผนก/งาน | E10: ปวช. | F10: ปวส. | G10: ระยะสั้น | H10: อุดหนุน | I10: หนังสือ | J10: เครื่องแบบ | K10: กิจกรรม | L10: อุปกรณ์ | M10: เครื่องมือ | N10: โครงการ | O10: เงินรายได้ | P10: เงินรับฝาก | Q10: รวม
A11: 001 | E11: 40 | Q11: =SUM(E11:P11) -> 40
A12: 002 | Q12: =SUM(E12:P12) -> 0
A13: 003 | Q13: =SUM(E13:P13) -> 0
A14: 004 | Q14: =SUM(E14:P14) -> 0
A15: 005 | Q15: =SUM(E15:P15) -> 0
A16: 006 | Q16: =SUM(E16:P16) -> 0
A17: 007 | Q17: =SUM(E17:P17) -> 0
A18: 008 | Q18: =SUM(E18:P18) -> 0
A19: 009 | Q19: =SUM(E19:P19) -> 0
A20: 010 | Q20: =SUM(E20:P20) -> 0
A21: 011 | Q21: =SUM(E21:P21) -> 0
A22: 012 | Q22: =SUM(E22:P22) -> 0
A23: 013 | Q23: =SUM(E23:P23) -> 0
... A45: 035 | Q45: =SUM(E45:P45) -> 0

Sheet 608
A1: กลับไปที่หน้าจัดสรร งปม.
E2: =Note!$B$1 -> วิทยาลัยการอาชีพแม่สะเรียง
E3: เงินงบประมาณ | H3: เงินอุดหนุน | N3: งบรายจ่ายอื่น | O3: เงิน บกศ. | Q3: รวม
E4: ปวช. | F4: ปวส. | G4: ระยะสั้น | H4: อุดหนุน | I4: หนังสือ | J4: เครื่องแบบ | K4: กิจกรรม | L4: อุปกรณ์ | M4: เครื่องมือ | N4: โครงการ | O4: เงินรายได้ | P4: เงินรับฝาก
D5: ได้รับมา | E5: ='จัดสรร งปม.'!D80 -> 145 | F5: ='จัดสรร งปม.'!E80 -> 0 | G5: ='จัดสรร งปม.'!F80 -> 0 | H5: ='จัดสรร งปม.'!G80 -> 0 | I5: ='จัดสรร งปม.'!H80 -> 0 | J5: ='จัดสรร งปม.'!I80 -> 0 | K5: ='จัดสรร งปม.'!J80 -> 0 | L5: ='จัดสรร งปม.'!K80 -> 0 | ... Q5: ='จัดสรร งปม.'!P80 -> 145
D6: ใช้ไปแล้ว | E6: =SUM(E11:E45) -> 45 | F6: =SUM(F11:F45) -> 0 | G6: =SUM(G11:G45) -> 0 | H6: =SUM(H11:H45) -> 0 | I6: =SUM(I11:I45) -> 0 | J6: =SUM(J11:J45) -> 0 | K6: =SUM(K11:K45) -> 0 | L6: =SUM(L11:L45) -> 0 | ... Q6: =SUM(Q11:Q45) -> 45
B7: งบดำเนินงาน (โครงการ/กิจกรรม) | D7: เหลือ | E7: =E5-E6 -> 100 | F7: =F5-F6 -> 0 | G7: =G5-G6 -> 0 | H7: =H5-H6 -> 0 | I7: =I5-I6 -> 0 | J7: =J5-J6 -> 0 | K7: =K5-K6 -> 0 | L7: =L5-L6 -> 0 | ... Q7: =Q5-Q6 -> 100
B8: รหัสรายการจ่าย | C8: ='จัดสรร งปม.'!$B$80 -> 608
B9: รายการจ่าย | C9: ='จัดสรร งปม.'!$C$80 -> สำรอง 3
A10: รหัส | B10: วันที่ | C10: ชื่อผู้ขอใช้ | D10: แผนก/งาน | E10: ปวช. | F10: ปวส. | G10: ระยะสั้น | H10: อุดหนุน | I10: หนังสือ | J10: เครื่องแบบ | K10: กิจกรรม | L10: อุปกรณ์ | M10: เครื่องมือ | N10: โครงการ | O10: เงินรายได้ | P10: เงินรับฝาก | Q10: รวม
A11: 001 | E11: 45 | Q11: =SUM(E11:P11) -> 45
A12: 002 | Q12: =SUM(E12:P12) -> 0
A13: 003 | Q13: =SUM(E13:P13) -> 0
A14: 004 | Q14: =SUM(E14:P14) -> 0
A15: 005 | Q15: =SUM(E15:P15) -> 0
A16: 006 | Q16: =SUM(E16:P16) -> 0
A17: 007 | Q17: =SUM(E17:P17) -> 0
A18: 008 | Q18: =SUM(E18:P18) -> 0
A19: 009 | Q19: =SUM(E19:P19) -> 0
A20: 010 | Q20: =SUM(E20:P20) -> 0
A21: 011 | Q21: =SUM(E21:P21) -> 0
A22: 012 | Q22: =SUM(E22:P22) -> 0
A23: 013 | Q23: =SUM(E23:P23) -> 0
... A45: 035 | Q45: =SUM(E45:P45) -> 0

Sheet 609
A1: กลับไปที่หน้าจัดสรร งปม.
E2: =Note!$B$1 -> วิทยาลัยการอาชีพแม่สะเรียง
E3: เงินงบประมาณ | H3: เงินอุดหนุน | N3: งบรายจ่ายอื่น | O3: เงิน บกศ. | Q3: รวม
E4: ปวช. | F4: ปวส. | G4: ระยะสั้น | H4: อุดหนุน | I4: หนังสือ | J4: เครื่องแบบ | K4: กิจกรรม | L4: อุปกรณ์ | M4: เครื่องมือ | N4: โครงการ | O4: เงินรายได้ | P4: เงินรับฝาก
D5: ได้รับมา | E5: ='จัดสรร งปม.'!D81 -> 150 | F5: ='จัดสรร งปม.'!E81 -> 0 | G5: ='จัดสรร งปม.'!F81 -> 0 | H5: ='จัดสรร งปม.'!G81 -> 0 | I5: ='จัดสรร งปม.'!H81 -> 0 | J5: ='จัดสรร งปม.'!I81 -> 0 | K5: ='จัดสรร งปม.'!J81 -> 0 | L5: ='จัดสรร งปม.'!K81 -> 0 | ... Q5: ='จัดสรร งปม.'!P81 -> 150
D6: ใช้ไปแล้ว | E6: =SUM(E11:E45) -> 50 | F6: =SUM(F11:F45) -> 0 | G6: =SUM(G11:G45) -> 0 | H6: =SUM(H11:H45) -> 0 | I6: =SUM(I11:I45) -> 0 | J6: =SUM(J11:J45) -> 0 | K6: =SUM(K11:K45) -> 0 | L6: =SUM(L11:L45) -> 0 | ... Q6: =SUM(Q11:Q45) -> 50
B7: งบดำเนินงาน (โครงการ/กิจกรรม) | D7: เหลือ | E7: =E5-E6 -> 100 | F7: =F5-F6 -> 0 | G7: =G5-G6 -> 0 | H7: =H5-H6 -> 0 | I7: =I5-I6 -> 0 | J7: =J5-J6 -> 0 | K7: =K5-K6 -> 0 | L7: =L5-L6 -> 0 | ... Q7: =Q5-Q6 -> 100
B8: รหัสรายการจ่าย | C8: ='จัดสรร งปม.'!$B$81 -> 609
B9: รายการจ่าย | C9: ='จัดสรร งปม.'!$C$81 -> สำรอง 4
A10: รหัส | B10: วันที่ | C10: ชื่อผู้ขอใช้ | D10: แผนก/งาน | E10: ปวช. | F10: ปวส. | G10: ระยะสั้น | H10: อุดหนุน | I10: หนังสือ | J10: เครื่องแบบ | K10: กิจกรรม | L10: อุปกรณ์ | M10: เครื่องมือ | N10: โครงการ | O10: เงินรายได้ | P10: เงินรับฝาก | Q10: รวม
A11: 001 | E11: 50 | Q11: =SUM(E11:P11) -> 50
A12: 002 | Q12: =SUM(E12:P12) -> 0
A13: 003 | Q13: =SUM(E13:P13) -> 0
A14: 004 | Q14: =SUM(E14:P14) -> 0
A15: 005 | Q15: =SUM(E15:P15) -> 0
A16: 006 | Q16: =SUM(E16:P16) -> 0
A17: 007 | Q17: =SUM(E17:P17) -> 0
A18: 008 | Q18: =SUM(E18:P18) -> 0
A19: 009 | Q19: =SUM(E19:P19) -> 0
A20: 010 | Q20: =SUM(E20:P20) -> 0
A21: 011 | Q21: =SUM(E21:P21) -> 0
A22: 012 | Q22: =SUM(E22:P22) -> 0
A23: 013 | Q23: =SUM(E23:P23) -> 0
... A45: 035 | Q45: =SUM(E45:P45) -> 0

Sheet 610
A1: กลับไปที่หน้าจัดสรร งปม.
E2: =Note!$B$1 -> วิทยาลัยการอาชีพแม่สะเรียง
E3: เงินงบประมาณ | H3: เงินอุดหนุน | N3: งบรายจ่ายอื่น | O3: เงิน บกศ. | Q3: รวม
E4: ปวช. | F4: ปวส. | G4: ระยะสั้น | H4: อุดหนุน | I4: หนังสือ | J4: เครื่องแบบ | K4: กิจกรรม | L4: อุปกรณ์ | M4: เครื่องมือ | N4: โครงการ | O4: เงินรายได้ | P4: เงินรับฝาก
D5: ได้รับมา | E5: ='จัดสรร งปม.'!D82 -> 155 | F5: ='จัดสรร งปม.'!E82 -> 0 | G5: ='จัดสรร งปม.'!F82 -> 0 | H5: ='จัดสรร งปม.'!G82 -> 0 | I5: ='จัดสรร งปม.'!H82 -> 0 | J5: ='จัดสรร งปม.'!I82 -> 0 | K5: ='จัดสรร งปม.'!J82 -> 0 | L5: ='จัดสรร งปม.'!K82 -> 0 | ... Q5: ='จัดสรร งปม.'!P82 -> 155
D6: ใช้ไปแล้ว | E6: =SUM(E11:E45) -> 55 | F6: =SUM(F11:F45) -> 0 | G6: =SUM(G11:G45) -> 0 | H6: =SUM(H11:H45) -> 0 | I6: =SUM(I11:I45) -> 0 | J6: =SUM(J11:J45) -> 0 | K6: =SUM(K11:K45) -> 0 | L6: =SUM(L11:L45) -> 0 | ... Q6: =SUM(Q11:Q45) -> 55
B7: งบดำเนินงาน (โครงการ/กิจกรรม) | D7: เหลือ | E7: =E5-E6 -> 100 | F7: =F5-F6 -> 0 | G7: =G5-G6 -> 0 | H7: =H5-H6 -> 0 | I7: =I5-I6 -> 0 | J7: =J5-J6 -> 0 | K7: =K5-K6 -> 0 | L7: =L5-L6 -> 0 | ... Q7: =Q5-Q6 -> 100
B8: รหัสรายการจ่าย | C8: ='จัดสรร งปม.'!$B$82 -> 610
B9: รายการจ่าย | C9: ='จัดสรร งปม.'!$C$82 -> สำรอง 5
A10: รหัส | B10: วันที่ | C10: ชื่อผู้ขอใช้ | D10: แผนก/งาน | E10: ปวช. | F10: ปวส. | G10: ระยะสั้น | H10: อุดหนุน | I10: หนังสือ | J10: เครื่องแบบ | K10: กิจกรรม | L10: อุปกรณ์ | M10: เครื่องมือ | N10: โครงการ | O10: เงินรายได้ | P10: เงินรับฝาก | Q10: รวม
A11: 001 | E11: 55 | Q11: =SUM(E11:P11) -> 55
A12: 002 | Q12: =SUM(E12:P12) -> 0
A13: 003 | Q13: =SUM(E13:P13) -> 0
A14: 004 | Q14: =SUM(E14:P14) -> 0
A15: 005 | Q15: =SUM(E15:P15) -> 0
A16: 006 | Q16: =SUM(E16:P16) -> 0
A17: 007 | Q17: =SUM(E17:P17) -> 0
A18: 008 | Q18: =SUM(E18:P18) -> 0
A19: 009 | Q19: =SUM(E19:P19) -> 0
A20: 010 | Q20: =SUM(E20:P20) -> 0
A21: 011 | Q21: =SUM(E21:P21) -> 0
A22: 012 | Q22: =SUM(E22:P22) -> 0
A23: 013 | Q23: =SUM(E23:P23) -> 0
... A45: 035 | Q45: =SUM(E45:P45) -> 0

Sheet 701
A1: กลับไปที่หน้าจัดสรร งปม.
E2: =Note!$B$1 -> วิทยาลัยการอาชีพแม่สะเรียง
E3: เงินงบประมาณ | H3: เงินอุดหนุน | N3: งบรายจ่ายอื่น | O3: เงิน บกศ. | Q3: รวม
E4: ปวช. | F4: ปวส. | G4: ระยะสั้น | H4: อุดหนุน | I4: หนังสือ | J4: เครื่องแบบ | K4: กิจกรรม | L4: อุปกรณ์ | M4: เครื่องมือ | N4: โครงการ | O4: เงินรายได้ | P4: เงินรับฝาก
D5: ได้รับมา | E5: ='จัดสรร งปม.'!D84 -> 105 | F5: ='จัดสรร งปม.'!E84 -> 0 | G5: ='จัดสรร งปม.'!F84 -> 0 | H5: ='จัดสรร งปม.'!G84 -> 0 | I5: ='จัดสรร งปม.'!H84 -> 0 | J5: ='จัดสรร งปม.'!I84 -> 0 | K5: ='จัดสรร งปม.'!J84 -> 0 | L5: ='จัดสรร งปม.'!K84 -> 0 | ... Q5: ='จัดสรร งปม.'!P84 -> 105
D6: ใช้ไปแล้ว | E6: =SUM(E11:E45) -> 5 | F6: =SUM(F11:F45) -> 0 | G6: =SUM(G11:G45) -> 0 | H6: =SUM(H11:H45) -> 0 | I6: =SUM(I11:I45) -> 0 | J6: =SUM(J11:J45) -> 0 | K6: =SUM(K11:K45) -> 0 | L6: =SUM(L11:L45) -> 0 | ... Q6: =SUM(Q11:Q45) -> 5
B7: งบลงทุน (ที่ดิน สิ่งก่อสร้าง ครุภัณฑ์) | D7: เหลือ | E7: =E5-E6 -> 100 | F7: =F5-F6 -> 0 | G7: =G5-G6 -> 0 | H7: =H5-H6 -> 0 | I7: =I5-I6 -> 0 | J7: =J5-J6 -> 0 | K7: =K5-K6 -> 0 | L7: =L5-L6 -> 0 | ... Q7: =Q5-Q6 -> 100
B8: รหัสรายการจ่าย | C8: ='จัดสรร งปม.'!$B$84 -> 701
B9: รายการจ่าย | C9: ='จัดสรร งปม.'!$C$84 -> สำรอง 1
A10: รหัส | B10: วันที่ | C10: ชื่อผู้ขอใช้ | D10: แผนก/งาน | E10: ปวช. | F10: ปวส. | G10: ระยะสั้น | H10: อุดหนุน | I10: หนังสือ | J10: เครื่องแบบ | K10: กิจกรรม | L10: อุปกรณ์ | M10: เครื่องมือ | N10: โครงการ | O10: เงินรายได้ | P10: เงินรับฝาก | Q10: รวม
A11: 001 | E11: 5 | Q11: =SUM(E11:P11) -> 5
A12: 002 | Q12: =SUM(E12:P12) -> 0
A13: 003 | Q13: =SUM(E13:P13) -> 0
A14: 004 | Q14: =SUM(E14:P14) -> 0
A15: 005 | Q15: =SUM(E15:P15) -> 0
A16: 006 | Q16: =SUM(E16:P16) -> 0
A17: 007 | Q17: =SUM(E17:P17) -> 0
A18: 008 | Q18: =SUM(E18:P18) -> 0
A19: 009 | Q19: =SUM(E19:P19) -> 0
A20: 010 | Q20: =SUM(E20:P20) -> 0
A21: 011 | Q21: =SUM(E21:P21) -> 0
A22: 012 | Q22: =SUM(E22:P22) -> 0
A23: 013 | Q23: =SUM(E23:P23) -> 0
... A45: 035 | Q45: =SUM(E45:P45) -> 0

Sheet 702
A1: กลับไปที่หน้าจัดสรร งปม.
E2: =Note!$B$1 -> วิทยาลัยการอาชีพแม่สะเรียง
E3: เงินงบประมาณ | H3: เงินอุดหนุน | N3: งบรายจ่ายอื่น | O3: เงิน บกศ. | Q3: รวม
E4: ปวช. | F4: ปวส. | G4: ระยะสั้น | H4: อุดหนุน | I4: หนังสือ | J4: เครื่องแบบ | K4: กิจกรรม | L4: อุปกรณ์ | M4: เครื่องมือ | N4: โครงการ | O4: เงินรายได้ | P4: เงินรับฝาก
D5: ได้รับมา | E5: ='จัดสรร งปม.'!D85 -> 110 | F5: ='จัดสรร งปม.'!E85 -> 0 | G5: ='จัดสรร งปม.'!F85 -> 0 | H5: ='จัดสรร งปม.'!G85 -> 0 | I5: ='จัดสรร งปม.'!H85 -> 0 | J5: ='จัดสรร งปม.'!I85 -> 0 | K5: ='จัดสรร งปม.'!J85 -> 0 | L5: ='จัดสรร งปม.'!K85 -> 0 | ... Q5: ='จัดสรร งปม.'!P85 -> 110
D6: ใช้ไปแล้ว | E6: =SUM(E11:E45) -> 10 | F6: =SUM(F11:F45) -> 0 | G6: =SUM(G11:G45) -> 0 | H6: =SUM(H11:H45) -> 0 | I6: =SUM(I11:I45) -> 0 | J6: =SUM(J11:J45) -> 0 | K6: =SUM(K11:K45) -> 0 | L6: =SUM(L11:L45) -> 0 | ... Q6: =SUM(Q11:Q45) -> 10
B7: งบลงทุน (ที่ดิน สิ่งก่อสร้าง ครุภัณฑ์) | D7: เหลือ | E7: =E5-E6 -> 100 | F7: =F5-F6 -> 0 | G7: =G5-G6 -> 0 | H7: =H5-H6 -> 0 | I7: =I5-I6 -> 0 | J7: =J5-J6 -> 0 | K7: =K5-K6 -> 0 | L7: =L5-L6 -> 0 | ... Q7: =Q5-Q6 -> 100
B8: รหัสรายการจ่าย | C8: ='จัดสรร งปม.'!$B$85 -> 702
B9: รายการจ่าย | C9: ='จัดสรร งปม.'!$C$85 -> สำรอง 2
A10: รหัส | B10: วันที่ | C10: ชื่อผู้ขอใช้ | D10: แผนก/งาน | E10: ปวช. | F10: ปวส. | G10: ระยะสั้น | H10: อุดหนุน | I10: หนังสือ | J10: เครื่องแบบ | K10: กิจกรรม | L10: อุปกรณ์ | M10: เครื่องมือ | N10: โครงการ | O10: เงินรายได้ | P10: เงินรับฝาก | Q10: รวม
A11: 001 | E11: 10 | Q11: =SUM(E11:P11) -> 10
A12: 002 | Q12: =SUM(E12:P12) -> 0
A13: 003 | Q13: =SUM(E13:P13) -> 0
A14: 004 | Q14: =SUM(E14:P14) -> 0
A15: 005 | Q15: =SUM(E15:P15) -> 0
A16: 006 | Q16: =SUM(E16:P16) -> 0
A17: 007 | Q17: =SUM(E17:P17) -> 0
A18: 008 | Q18: =SUM(E18:P18) -> 0
A19: 009 | Q19: =SUM(E19:P19) -> 0
A20: 010 | Q20: =SUM(E20:P20) -> 0
A21: 011 | Q21: =SUM(E21:P21) -> 0
A22: 012 | Q22: =SUM(E22:P22) -> 0
A23: 013 | Q23: =SUM(E23:P23) -> 0
... A45: 035 | Q45: =SUM(E45:P45) -> 0

Sheet 703
A1: กลับไปที่หน้าจัดสรร งปม.
E2: =Note!$B$1 -> วิทยาลัยการอาชีพแม่สะเรียง
E3: เงินงบประมาณ | H3: เงินอุดหนุน | N3: งบรายจ่ายอื่น | O3: เงิน บกศ. | Q3: รวม
E4: ปวช. | F4: ปวส. | G4: ระยะสั้น | H4: อุดหนุน | I4: หนังสือ | J4: เครื่องแบบ | K4: กิจกรรม | L4: อุปกรณ์ | M4: เครื่องมือ | N4: โครงการ | O4: เงินรายได้ | P4: เงินรับฝาก
D5: ได้รับมา | E5: ='จัดสรร งปม.'!D86 -> 115 | F5: ='จัดสรร งปม.'!E86 -> 0 | G5: ='จัดสรร งปม.'!F86 -> 0 | H5: ='จัดสรร งปม.'!G86 -> 0 | I5: ='จัดสรร งปม.'!H86 -> 0 | J5: ='จัดสรร งปม.'!I86 -> 0 | K5: ='จัดสรร งปม.'!J86 -> 0 | L5: ='จัดสรร งปม.'!K86 -> 0 | ... Q5: ='จัดสรร งปม.'!P86 -> 115
D6: ใช้ไปแล้ว | E6: =SUM(E11:E45) -> 15 | F6: =SUM(F11:F45) -> 0 | G6: =SUM(G11:G45) -> 0 | H6: =SUM(H11:H45) -> 0 | I6: =SUM(I11:I45) -> 0 | J6: =SUM(J11:J45) -> 0 | K6: =SUM(K11:K45) -> 0 | L6: =SUM(L11:L45) -> 0 | ... Q6: =SUM(Q11:Q45) -> 15
B7: งบลงทุน (ที่ดิน สิ่งก่อสร้าง ครุภัณฑ์) | D7: เหลือ | E7: =E5-E6 -> 100 | F7: =F5-F6 -> 0 | G7: =G5-G6 -> 0 | H7: =H5-H6 -> 0 | I7: =I5-I6 -> 0 | J7: =J5-J6 -> 0 | K7: =K5-K6 -> 0 | L7: =L5-L6 -> 0 | ... Q7: =Q5-Q6 -> 100
B8: รหัสรายการจ่าย | C8: ='จัดสรร งปม.'!$B$86 -> 703
B9: รายการจ่าย | C9: ='จัดสรร งปม.'!$C$86 -> สำรอง 3
A10: รหัส | B10: วันที่ | C10: ชื่อผู้ขอใช้ | D10: แผนก/งาน | E10: ปวช. | F10: ปวส. | G10: ระยะสั้น | H10: อุดหนุน | I10: หนังสือ | J10: เครื่องแบบ | K10: กิจกรรม | L10: อุปกรณ์ | M10: เครื่องมือ | N10: โครงการ | O10: เงินรายได้ | P10: เงินรับฝาก | Q10: รวม
A11: 001 | E11: 15 | Q11: =SUM(E11:P11) -> 15
A12: 002 | Q12: =SUM(E12:P12) -> 0
A13: 003 | Q13: =SUM(E13:P13) -> 0
A14: 004 | Q14: =SUM(E14:P14) -> 0
A15: 005 | Q15: =SUM(E15:P15) -> 0
A16: 006 | Q16: =SUM(E16:P16) -> 0
A17: 007 | Q17: =SUM(E17:P17) -> 0
A18: 008 | Q18: =SUM(E18:P18) -> 0
A19: 009 | Q19: =SUM(E19:P19) -> 0
A20: 010 | Q20: =SUM(E20:P20) -> 0
A21: 011 | Q21: =SUM(E21:P21) -> 0
A22: 012 | Q22: =SUM(E22:P22) -> 0
A23: 013 | Q23: =SUM(E23:P23) -> 0
... A45: 035 | Q45: =SUM(E45:P45) -> 0

Sheet 704
A1: กลับไปที่หน้าจัดสรร งปม.
E2: =Note!$B$1 -> วิทยาลัยการอาชีพแม่สะเรียง
E3: เงินงบประมาณ | H3: เงินอุดหนุน | N3: งบรายจ่ายอื่น | O3: เงิน บกศ. | Q3: รวม
E4: ปวช. | F4: ปวส. | G4: ระยะสั้น | H4: อุดหนุน | I4: หนังสือ | J4: เครื่องแบบ | K4: กิจกรรม | L4: อุปกรณ์ | M4: เครื่องมือ | N4: โครงการ | O4: เงินรายได้ | P4: เงินรับฝาก
D5: ได้รับมา | E5: ='จัดสรร งปม.'!D87 -> 120 | F5: ='จัดสรร งปม.'!E87 -> 0 | G5: ='จัดสรร งปม.'!F87 -> 0 | H5: ='จัดสรร งปม.'!G87 -> 0 | I5: ='จัดสรร งปม.'!H87 -> 0 | J5: ='จัดสรร งปม.'!I87 -> 0 | K5: ='จัดสรร งปม.'!J87 -> 0 | L5: ='จัดสรร งปม.'!K87 -> 0 | ... Q5: ='จัดสรร งปม.'!P87 -> 120
D6: ใช้ไปแล้ว | E6: =SUM(E11:E45) -> 20 | F6: =SUM(F11:F45) -> 0 | G6: =SUM(G11:G45) -> 0 | H6: =SUM(H11:H45) -> 0 | I6: =SUM(I11:I45) -> 0 | J6: =SUM(J11:J45) -> 0 | K6: =SUM(K11:K45) -> 0 | L6: =SUM(L11:L45) -> 0 | ... Q6: =SUM(Q11:Q45) -> 20
B7: งบลงทุน (ที่ดิน สิ่งก่อสร้าง ครุภัณฑ์) | D7: เหลือ | E7: =E5-E6 -> 100 | F7: =F5-F6 -> 0 | G7: =G5-G6 -> 0 | H7: =H5-H6 -> 0 | I7: =I5-I6 -> 0 | J7: =J5-J6 -> 0 | K7: =K5-K6 -> 0 | L7: =L5-L6 -> 0 | ... Q7: =Q5-Q6 -> 100
B8: รหัสรายการจ่าย | C8: ='จัดสรร งปม.'!$B$87 -> 704
B9: รายการจ่าย | C9: ='จัดสรร งปม.'!$C$87 -> สำรอง 4
A10: รหัส | B10: วันที่ | C10: ชื่อผู้ขอใช้ | D10: แผนก/งาน | E10: ปวช. | F10: ปวส. | G10: ระยะสั้น | H10: อุดหนุน | I10: หนังสือ | J10: เครื่องแบบ | K10: กิจกรรม | L10: อุปกรณ์ | M10: เครื่องมือ | N10: โครงการ | O10: เงินรายได้ | P10: เงินรับฝาก | Q10: รวม
A11: 001 | E11: 20 | Q11: =SUM(E11:P11) -> 20
A12: 002 | Q12: =SUM(E12:P12) -> 0
A13: 003 | Q13: =SUM(E13:P13) -> 0
A14: 004 | Q14: =SUM(E14:P14) -> 0
A15: 005 | Q15: =SUM(E15:P15) -> 0
A16: 006 | Q16: =SUM(E16:P16) -> 0
A17: 007 | Q17: =SUM(E17:P17) -> 0
A18: 008 | Q18: =SUM(E18:P18) -> 0
A19: 009 | Q19: =SUM(E19:P19) -> 0
A20: 010 | Q20: =SUM(E20:P20) -> 0
A21: 011 | Q21: =SUM(E21:P21) -> 0
A22: 012 | Q22: =SUM(E22:P22) -> 0
A23: 013 | Q23: =SUM(E23:P23) -> 0
... A45: 035 | Q45: =SUM(E45:P45) -> 0

Sheet 705
A1: กลับไปที่หน้าจัดสรร งปม.
E2: =Note!$B$1 -> วิทยาลัยการอาชีพแม่สะเรียง
E3: เงินงบประมาณ | H3: เงินอุดหนุน | N3: งบรายจ่ายอื่น | O3: เงิน บกศ. | Q3: รวม
E4: ปวช. | F4: ปวส. | G4: ระยะสั้น | H4: อุดหนุน | I4: หนังสือ | J4: เครื่องแบบ | K4: กิจกรรม | L4: อุปกรณ์ | M4: เครื่องมือ | N4: โครงการ | O4: เงินรายได้ | P4: เงินรับฝาก
D5: ได้รับมา | E5: ='จัดสรร งปม.'!D88 -> 125 | F5: ='จัดสรร งปม.'!E88 -> 0 | G5: ='จัดสรร งปม.'!F88 -> 0 | H5: ='จัดสรร งปม.'!G88 -> 0 | I5: ='จัดสรร งปม.'!H88 -> 0 | J5: ='จัดสรร งปม.'!I88 -> 0 | K5: ='จัดสรร งปม.'!J88 -> 0 | L5: ='จัดสรร งปม.'!K88 -> 0 | ... Q5: ='จัดสรร งปม.'!P88 -> 125
D6: ใช้ไปแล้ว | E6: =SUM(E11:E45) -> 25 | F6: =SUM(F11:F45) -> 0 | G6: =SUM(G11:G45) -> 0 | H6: =SUM(H11:H45) -> 0 | I6: =SUM(I11:I45) -> 0 | J6: =SUM(J11:J45) -> 0 | K6: =SUM(K11:K45) -> 0 | L6: =SUM(L11:L45) -> 0 | ... Q6: =SUM(Q11:Q45) -> 25
B7: งบลงทุน (ที่ดิน สิ่งก่อสร้าง ครุภัณฑ์) | D7: เหลือ | E7: =E5-E6 -> 100 | F7: =F5-F6 -> 0 | G7: =G5-G6 -> 0 | H7: =H5-H6 -> 0 | I7: =I5-I6 -> 0 | J7: =J5-J6 -> 0 | K7: =K5-K6 -> 0 | L7: =L5-L6 -> 0 | ... Q7: =Q5-Q6 -> 100
B8: รหัสรายการจ่าย | C8: ='จัดสรร งปม.'!$B$88 -> 705
B9: รายการจ่าย | C9: ='จัดสรร งปม.'!$C$88 -> สำรอง 5
A10: รหัส | B10: วันที่ | C10: ชื่อผู้ขอใช้ | D10: แผนก/งาน | E10: ปวช. | F10: ปวส. | G10: ระยะสั้น | H10: อุดหนุน | I10: หนังสือ | J10: เครื่องแบบ | K10: กิจกรรม | L10: อุปกรณ์ | M10: เครื่องมือ | N10: โครงการ | O10: เงินรายได้ | P10: เงินรับฝาก | Q10: รวม
A11: 001 | E11: 25 | Q11: =SUM(E11:P11) -> 25
A12: 002 | Q12: =SUM(E12:P12) -> 0
A13: 003 | Q13: =SUM(E13:P13) -> 0
A14: 004 | Q14: =SUM(E14:P14) -> 0
A15: 005 | Q15: =SUM(E15:P15) -> 0
A16: 006 | Q16: =SUM(E16:P16) -> 0
A17: 007 | Q17: =SUM(E17:P17) -> 0
A18: 008 | Q18: =SUM(E18:P18) -> 0
A19: 009 | Q19: =SUM(E19:P19) -> 0
A20: 010 | Q20: =SUM(E20:P20) -> 0
A21: 011 | Q21: =SUM(E21:P21) -> 0
A22: 012 | Q22: =SUM(E22:P22) -> 0
A23: 013 | Q23: =SUM(E23:P23) -> 0
... A45: 035 | Q45: =SUM(E45:P45) -> 0

Sheet 801
A1: กลับไปที่หน้าจัดสรร งปม.
E2: =Note!$B$1 -> วิทยาลัยการอาชีพแม่สะเรียง
E3: เงินงบประมาณ | H3: เงินอุดหนุน | N3: งบรายจ่ายอื่น | O3: เงิน บกศ. | Q3: รวม
E4: ปวช. | F4: ปวส. | G4: ระยะสั้น | H4: อุดหนุน | I4: หนังสือ | J4: เครื่องแบบ | K4: กิจกรรม | L4: อุปกรณ์ | M4: เครื่องมือ | N4: โครงการ | O4: เงินรายได้ | P4: เงินรับฝาก
D5: ได้รับมา | E5: ='จัดสรร งปม.'!D90 -> 105 | F5: ='จัดสรร งปม.'!E90 -> 0 | G5: ='จัดสรร งปม.'!F90 -> 0 | H5: ='จัดสรร งปม.'!G90 -> 0 | I5: ='จัดสรร งปม.'!H90 -> 0 | J5: ='จัดสรร งปม.'!I90 -> 0 | K5: ='จัดสรร งปม.'!J90 -> 0 | L5: ='จัดสรร งปม.'!K90 -> 0 | ... Q5: ='จัดสรร งปม.'!P90 -> 105
D6: ใช้ไปแล้ว | E6: =SUM(E11:E45) -> 5 | F6: =SUM(F11:F45) -> 0 | G6: =SUM(G11:G45) -> 0 | H6: =SUM(H11:H45) -> 0 | I6: =SUM(I11:I45) -> 0 | J6: =SUM(J11:J45) -> 0 | K6: =SUM(K11:K45) -> 0 | L6: =SUM(L11:L45) -> 0 | ... Q6: =SUM(Q11:Q45) -> 5
B7: งบอุดหนุน | D7: เหลือ | E7: =E5-E6 -> 100 | F7: =F5-F6 -> 0 | G7: =G5-G6 -> 0 | H7: =H5-H6 -> 0 | I7: =I5-I6 -> 0 | J7: =J5-J6 -> 0 | K7: =K5-K6 -> 0 | L7: =L5-L6 -> 0 | ... Q7: =Q5-Q6 -> 100
B8: รหัสรายการจ่าย | C8: ='จัดสรร งปม.'!$B$90 -> 801
B9: รายการจ่าย | C9: ='จัดสรร งปม.'!$C$90 -> ค่าหนังสือเรียน
A10: รหัส | B10: วันที่ | C10: ชื่อผู้ขอใช้ | D10: แผนก/งาน | E10: ปวช. | F10: ปวส. | G10: ระยะสั้น | H10: อุดหนุน | I10: หนังสือ | J10: เครื่องแบบ | K10: กิจกรรม | L10: อุปกรณ์ | M10: เครื่องมือ | N10: โครงการ | O10: เงินรายได้ | P10: เงินรับฝาก | Q10: รวม
A11: 001 | E11: 5 | Q11: =SUM(E11:P11) -> 5
A12: 002 | Q12: =SUM(E12:P12) -> 0
A13: 003 | Q13: =SUM(E13:P13) -> 0
A14: 004 | Q14: =SUM(E14:P14) -> 0
A15: 005 | Q15: =SUM(E15:P15) -> 0
A16: 006 | Q16: =SUM(E16:P16) -> 0
A17: 007 | Q17: =SUM(E17:P17) -> 0
A18: 008 | Q18: =SUM(E18:P18) -> 0
A19: 009 | Q19: =SUM(E19:P19) -> 0
A20: 010 | Q20: =SUM(E20:P20) -> 0
A21: 011 | Q21: =SUM(E21:P21) -> 0
A22: 012 | Q22: =SUM(E22:P22) -> 0
A23: 013 | Q23: =SUM(E23:P23) -> 0
... A45: 035 | Q45: =SUM(E45:P45) -> 0

Sheet 802
A1: กลับไปที่หน้าจัดสรร งปม.
E2: =Note!$B$1 -> วิทยาลัยการอาชีพแม่สะเรียง
E3: เงินงบประมาณ | H3: เงินอุดหนุน | N3: งบรายจ่ายอื่น | O3: เงิน บกศ. | Q3: รวม
E4: ปวช. | F4: ปวส. | G4: ระยะสั้น | H4: อุดหนุน | I4: หนังสือ | J4: เครื่องแบบ | K4: กิจกรรม | L4: อุปกรณ์ | M4: เครื่องมือ | N4: โครงการ | O4: เงินรายได้ | P4: เงินรับฝาก
D5: ได้รับมา | E5: ='จัดสรร งปม.'!D91 -> 110 | F5: ='จัดสรร งปม.'!E91 -> 0 | G5: ='จัดสรร งปม.'!F91 -> 0 | H5: ='จัดสรร งปม.'!G91 -> 0 | I5: ='จัดสรร งปม.'!H91 -> 0 | J5: ='จัดสรร งปม.'!I91 -> 0 | K5: ='จัดสรร งปม.'!J91 -> 0 | L5: ='จัดสรร งปม.'!K91 -> 0 | ... Q5: ='จัดสรร งปม.'!P91 -> 110
D6: ใช้ไปแล้ว | E6: =SUM(E11:E45) -> 10 | F6: =SUM(F11:F45) -> 0 | G6: =SUM(G11:G45) -> 0 | H6: =SUM(H11:H45) -> 0 | I6: =SUM(I11:I45) -> 0 | J6: =SUM(J11:J45) -> 0 | K6: =SUM(K11:K45) -> 0 | L6: =SUM(L11:L45) -> 0 | ... Q6: =SUM(Q11:Q45) -> 10
B7: งบอุดหนุน | D7: เหลือ | E7: =E5-E6 -> 100 | F7: =F5-F6 -> 0 | G7: =G5-G6 -> 0 | H7: =H5-H6 -> 0 | I7: =I5-I6 -> 0 | J7: =J5-J6 -> 0 | K7: =K5-K6 -> 0 | L7: =L5-L6 -> 0 | ... Q7: =Q5-Q6 -> 100
B8: รหัสรายการจ่าย | C8: ='จัดสรร งปม.'!$B$91 -> 802
B9: รายการจ่าย | C9: ='จัดสรร งปม.'!$C$91 -> ค่าเครื่องแบบนักเรียน
A10: รหัส | B10: วันที่ | C10: ชื่อผู้ขอใช้ | D10: แผนก/งาน | E10: ปวช. | F10: ปวส. | G10: ระยะสั้น | H10: อุดหนุน | I10: หนังสือ | J10: เครื่องแบบ | K10: กิจกรรม | L10: อุปกรณ์ | M10: เครื่องมือ | N10: โครงการ | O10: เงินรายได้ | P10: เงินรับฝาก | Q10: รวม
A11: 001 | E11: 10 | Q11: =SUM(E11:P11) -> 10
A12: 002 | Q12: =SUM(E12:P12) -> 0
A13: 003 | Q13: =SUM(E13:P13) -> 0
A14: 004 | Q14: =SUM(E14:P14) -> 0
A15: 005 | Q15: =SUM(E15:P15) -> 0
A16: 006 | Q16: =SUM(E16:P16) -> 0
A17: 007 | Q17: =SUM(E17:P17) -> 0
A18: 008 | Q18: =SUM(E18:P18) -> 0
A19: 009 | Q19: =SUM(E19:P19) -> 0
A20: 010 | Q20: =SUM(E20:P20) -> 0
A21: 011 | Q21: =SUM(E21:P21) -> 0
A22: 012 | Q22: =SUM(E22:P22) -> 0
A23: 013 | Q23: =SUM(E23:P23) -> 0
... A45: 035 | Q45: =SUM(E45:P45) -> 0

Sheet 803
A1: กลับไปที่หน้าจัดสรร งปม.
E2: =Note!$B$1 -> วิทยาลัยการอาชีพแม่สะเรียง
E3: เงินงบประมาณ | H3: เงินอุดหนุน | N3: งบรายจ่ายอื่น | O3: เงิน บกศ. | Q3: รวม
E4: ปวช. | F4: ปวส. | G4: ระยะสั้น | H4: อุดหนุน | I4: หนังสือ | J4: เครื่องแบบ | K4: กิจกรรม | L4: อุปกรณ์ | M4: เครื่องมือ | N4: โครงการ | O4: เงินรายได้ | P4: เงินรับฝาก
D5: ได้รับมา | E5: ='จัดสรร งปม.'!D92 -> 115 | F5: ='จัดสรร งปม.'!E92 -> 0 | G5: ='จัดสรร งปม.'!F92 -> 0 | H5: ='จัดสรร งปม.'!G92 -> 0 | I5: ='จัดสรร งปม.'!H92 -> 0 | J5: ='จัดสรร งปม.'!I92 -> 0 | K5: ='จัดสรร งปม.'!J92 -> 0 | L5: ='จัดสรร งปม.'!K92 -> 0 | ... Q5: ='จัดสรร งปม.'!P92 -> 115
D6: ใช้ไปแล้ว | E6: =SUM(E11:E45) -> 15 | F6: =SUM(F11:F45) -> 0 | G6: =SUM(G11:G45) -> 0 | H6: =SUM(H11:H45) -> 0 | I6: =SUM(I11:I45) -> 0 | J6: =SUM(J11:J45) -> 0 | K6: =SUM(K11:K45) -> 0 | L6: =SUM(L11:L45) -> 0 | ... Q6: =SUM(Q11:Q45) -> 15
B7: งบอุดหนุน | D7: เหลือ | E7: =E5-E6 -> 100 | F7: =F5-F6 -> 0 | G7: =G5-G6 -> 0 | H7: =H5-H6 -> 0 | I7: =I5-I6 -> 0 | J7: =J5-J6 -> 0 | K7: =K5-K6 -> 0 | L7: =L5-L6 -> 0 | ... Q7: =Q5-Q6 -> 100
B8: รหัสรายการจ่าย | C8: ='จัดสรร งปม.'!$B$92 -> 803
B9: รายการจ่าย | C9: ='จัดสรร งปม.'!$C$92 -> ค่าอุปกรณ์การเรียน
A10: รหัส | B10: วันที่ | C10: ชื่อผู้ขอใช้ | D10: แผนก/งาน | E10: ปวช. | F10: ปวส. | G10: ระยะสั้น | H10: อุดหนุน | I10: หนังสือ | J10: เครื่องแบบ | K10: กิจกรรม | L10: อุปกรณ์ | M10: เครื่องมือ | N10: โครงการ | O10: เงินรายได้ | P10: เงินรับฝาก | Q10: รวม
A11: 001 | E11: 15 | Q11: =SUM(E11:P11) -> 15
A12: 002 | Q12: =SUM(E12:P12) -> 0
A13: 003 | Q13: =SUM(E13:P13) -> 0
A14: 004 | Q14: =SUM(E14:P14) -> 0
A15: 005 | Q15: =SUM(E15:P15) -> 0
A16: 006 | Q16: =SUM(E16:P16) -> 0
A17: 007 | Q17: =SUM(E17:P17) -> 0
A18: 008 | Q18: =SUM(E18:P18) -> 0
A19: 009 | Q19: =SUM(E19:P19) -> 0
A20: 010 | Q20: =SUM(E20:P20) -> 0
A21: 011 | Q21: =SUM(E21:P21) -> 0
A22: 012 | Q22: =SUM(E22:P22) -> 0
A23: 013 | Q23: =SUM(E23:P23) -> 0
... A45: 035 | Q45: =SUM(E45:P45) -> 0

Sheet 804
A1: กลับไปที่หน้าจัดสรร งปม.
E2: =Note!$B$1 -> วิทยาลัยการอาชีพแม่สะเรียง
E3: เงินงบประมาณ | H3: เงินอุดหนุน | N3: งบรายจ่ายอื่น | O3: เงิน บกศ. | Q3: รวม
E4: ปวช. | F4: ปวส. | G4: ระยะสั้น | H4: อุดหนุน | I4: หนังสือ | J4: เครื่องแบบ | K4: กิจกรรม | L4: อุปกรณ์ | M4: เครื่องมือ | N4: โครงการ | O4: เงินรายได้ | P4: เงินรับฝาก
D5: ได้รับมา | E5: ='จัดสรร งปม.'!D93 -> 120 | F5: ='จัดสรร งปม.'!E93 -> 0 | G5: ='จัดสรร งปม.'!F93 -> 0 | H5: ='จัดสรร งปม.'!G93 -> 0 | I5: ='จัดสรร งปม.'!H93 -> 0 | J5: ='จัดสรร งปม.'!I93 -> 0 | K5: ='จัดสรร งปม.'!J93 -> 0 | L5: ='จัดสรร งปม.'!K93 -> 0 | ... Q5: ='จัดสรร งปม.'!P93 -> 120
D6: ใช้ไปแล้ว | E6: =SUM(E11:E45) -> 20 | F6: =SUM(F11:F45) -> 0 | G6: =SUM(G11:G45) -> 0 | H6: =SUM(H11:H45) -> 0 | I6: =SUM(I11:I45) -> 0 | J6: =SUM(J11:J45) -> 0 | K6: =SUM(K11:K45) -> 0 | L6: =SUM(L11:L45) -> 0 | ... Q6: =SUM(Q11:Q45) -> 20
B7: งบอุดหนุน | D7: เหลือ | E7: =E5-E6 -> 100 | F7: =F5-F6 -> 0 | G7: =G5-G6 -> 0 | H7: =H5-H6 -> 0 | I7: =I5-I6 -> 0 | J7: =J5-J6 -> 0 | K7: =K5-K6 -> 0 | L7: =L5-L6 -> 0 | ... Q7: =Q5-Q6 -> 100
B8: รหัสรายการจ่าย | C8: ='จัดสรร งปม.'!$B$93 -> 804
B9: รายการจ่าย | C9: ='จัดสรร งปม.'!$C$93 -> ค่ากิจกรรมพัฒนาคุณภาพผู้เรียน
A10: รหัส | B10: วันที่ | C10: ชื่อผู้ขอใช้ | D10: แผนก/งาน | E10: ปวช. | F10: ปวส. | G10: ระยะสั้น | H10: อุดหนุน | I10: หนังสือ | J10: เครื่องแบบ | K10: กิจกรรม | L10: อุปกรณ์ | M10: เครื่องมือ | N10: โครงการ | O10: เงินรายได้ | P10: เงินรับฝาก | Q10: รวม
A11: 001 | E11: 20 | Q11: =SUM(E11:P11) -> 20
A12: 002 | Q12: =SUM(E12:P12) -> 0
A13: 003 | Q13: =SUM(E13:P13) -> 0
A14: 004 | Q14: =SUM(E14:P14) -> 0
A15: 005 | Q15: =SUM(E15:P15) -> 0
A16: 006 | Q16: =SUM(E16:P16) -> 0
A17: 007 | Q17: =SUM(E17:P17) -> 0
A18: 008 | Q18: =SUM(E18:P18) -> 0
A19: 009 | Q19: =SUM(E19:P19) -> 0
A20: 010 | Q20: =SUM(E20:P20) -> 0
A21: 011 | Q21: =SUM(E21:P21) -> 0
A22: 012 | Q22: =SUM(E22:P22) -> 0
A23: 013 | Q23: =SUM(E23:P23) -> 0
... A45: 035 | Q45: =SUM(E45:P45) -> 0

Sheet 805
A1: กลับไปที่หน้าจัดสรร งปม.
E2: =Note!$B$1 -> วิทยาลัยการอาชีพแม่สะเรียง
E3: เงินงบประมาณ | H3: เงินอุดหนุน | N3: งบรายจ่ายอื่น | O3: เงิน บกศ. | Q3: รวม
E4: ปวช. | F4: ปวส. | G4: ระยะสั้น | H4: อุดหนุน | I4: หนังสือ | J4: เครื่องแบบ | K4: กิจกรรม | L4: อุปกรณ์ | M4: เครื่องมือ | N4: โครงการ | O4: เงินรายได้ | P4: เงินรับฝาก
D5: ได้รับมา | E5: ='จัดสรร งปม.'!D94 -> 125 | F5: ='จัดสรร งปม.'!E94 -> 0 | G5: ='จัดสรร งปม.'!F94 -> 0 | H5: ='จัดสรร งปม.'!G94 -> 0 | I5: ='จัดสรร งปม.'!H94 -> 0 | J5: ='จัดสรร งปม.'!I94 -> 0 | K5: ='จัดสรร งปม.'!J94 -> 0 | L5: ='จัดสรร งปม.'!K94 -> 0 | ... Q5: ='จัดสรร งปม.'!P94 -> 125
D6: ใช้ไปแล้ว | E6: =SUM(E11:E45) -> 25 | F6: =SUM(F11:F45) -> 0 | G6: =SUM(G11:G45) -> 0 | H6: =SUM(H11:H45) -> 0 | I6: =SUM(I11:I45) -> 0 | J6: =SUM(J11:J45) -> 0 | K6: =SUM(K11:K45) -> 0 | L6: =SUM(L11:L45) -> 0 | ... Q6: =SUM(Q11:Q45) -> 25
B7: งบอุดหนุน | D7: เหลือ | E7: =E5-E6 -> 100 | F7: =F5-F6 -> 0 | G7: =G5-G6 -> 0 | H7: =H5-H6 -> 0 | I7: =I5-I6 -> 0 | J7: =J5-J6 -> 0 | K7: =K5-K6 -> 0 | L7: =L5-L6 -> 0 | ... Q7: =Q5-Q6 -> 100
B8: รหัสรายการจ่าย | C8: ='จัดสรร งปม.'!$B$94 -> 805
B9: รายการจ่าย | C9: ='จัดสรร งปม.'!$C$94 -> ค่าเครื่องมือประจำตัวผู้เรียน
A10: รหัส | B10: วันที่ | C10: ชื่อผู้ขอใช้ | D10: แผนก/งาน | E10: ปวช. | F10: ปวส. | G10: ระยะสั้น | H10: อุดหนุน | I10: หนังสือ | J10: เครื่องแบบ | K10: กิจกรรม | L10: อุปกรณ์ | M10: เครื่องมือ | N10: โครงการ | O10: เงินรายได้ | P10: เงินรับฝาก | Q10: รวม
A11: 001 | E11: 25 | Q11: =SUM(E11:P11) -> 25
A12: 002 | Q12: =SUM(E12:P12) -> 0
A13: 003 | Q13: =SUM(E13:P13) -> 0
A14: 004 | Q14: =SUM(E14:P14) -> 0
A15: 005 | Q15: =SUM(E15:P15) -> 0
A16: 006 | Q16: =SUM(E16:P16) -> 0
A17: 007 | Q17: =SUM(E17:P17) -> 0
A18: 008 | Q18: =SUM(E18:P18) -> 0
A19: 009 | Q19: =SUM(E19:P19) -> 0
A20: 010 | Q20: =SUM(E20:P20) -> 0
A21: 011 | Q21: =SUM(E21:P21) -> 0
A22: 012 | Q22: =SUM(E22:P22) -> 0
A23: 013 | Q23: =SUM(E23:P23) -> 0
... A45: 035 | Q45: =SUM(E45:P45) -> 0

Sheet 806
A1: กลับไปที่หน้าจัดสรร งปม.
E2: =Note!$B$1 -> วิทยาลัยการอาชีพแม่สะเรียง
E3: เงินงบประมาณ | H3: เงินอุดหนุน | N3: งบรายจ่ายอื่น | O3: เงิน บกศ. | Q3: รวม
E4: ปวช. | F4: ปวส. | G4: ระยะสั้น | H4: อุดหนุน | I4: หนังสือ | J4: เครื่องแบบ | K4: กิจกรรม | L4: อุปกรณ์ | M4: เครื่องมือ | N4: โครงการ | O4: เงินรายได้ | P4: เงินรับฝาก
D5: ได้รับมา | E5: ='จัดสรร งปม.'!D95 -> 130 | F5: ='จัดสรร งปม.'!E95 -> 0 | G5: ='จัดสรร งปม.'!F95 -> 0 | H5: ='จัดสรร งปม.'!G95 -> 0 | I5: ='จัดสรร งปม.'!H95 -> 0 | J5: ='จัดสรร งปม.'!I95 -> 0 | K5: ='จัดสรร งปม.'!J95 -> 0 | L5: ='จัดสรร งปม.'!K95 -> 0 | ... Q5: ='จัดสรร งปม.'!P95 -> 130
D6: ใช้ไปแล้ว | E6: =SUM(E11:E45) -> 30 | F6: =SUM(F11:F45) -> 0 | G6: =SUM(G11:G45) -> 0 | H6: =SUM(H11:H45) -> 0 | I6: =SUM(I11:I45) -> 0 | J6: =SUM(J11:J45) -> 0 | K6: =SUM(K11:K45) -> 0 | L6: =SUM(L11:L45) -> 0 | ... Q6: =SUM(Q11:Q45) -> 30
B7: งบอุดหนุน | D7: เหลือ | E7: =E5-E6 -> 100 | F7: =F5-F6 -> 0 | G7: =G5-G6 -> 0 | H7: =H5-H6 -> 0 | I7: =I5-I6 -> 0 | J7: =J5-J6 -> 0 | K7: =K5-K6 -> 0 | L7: =L5-L6 -> 0 | ... Q7: =Q5-Q6 -> 100
B8: รหัสรายการจ่าย | C8: ='จัดสรร งปม.'!$B$95 -> 806
B9: รายการจ่าย | C9: ='จัดสรร งปม.'!$C$95 -> สำรอง 1
A10: รหัส | B10: วันที่ | C10: ชื่อผู้ขอใช้ | D10: แผนก/งาน | E10: ปวช. | F10: ปวส. | G10: ระยะสั้น | H10: อุดหนุน | I10: หนังสือ | J10: เครื่องแบบ | K10: กิจกรรม | L10: อุปกรณ์ | M10: เครื่องมือ | N10: โครงการ | O10: เงินรายได้ | P10: เงินรับฝาก | Q10: รวม
A11: 001 | E11: 30 | Q11: =SUM(E11:P11) -> 30
A12: 002 | Q12: =SUM(E12:P12) -> 0
A13: 003 | Q13: =SUM(E13:P13) -> 0
A14: 004 | Q14: =SUM(E14:P14) -> 0
A15: 005 | Q15: =SUM(E15:P15) -> 0
A16: 006 | Q16: =SUM(E16:P16) -> 0
A17: 007 | Q17: =SUM(E17:P17) -> 0
A18: 008 | Q18: =SUM(E18:P18) -> 0
A19: 009 | Q19: =SUM(E19:P19) -> 0
A20: 010 | Q20: =SUM(E20:P20) -> 0
A21: 011 | Q21: =SUM(E21:P21) -> 0
A22: 012 | Q22: =SUM(E22:P22) -> 0
A23: 013 | Q23: =SUM(E23:P23) -> 0
... A45: 035 | Q45: =SUM(E45:P45) -> 0

Sheet 807
A1: กลับไปที่หน้าจัดสรร งปม.
E2: =Note!$B$1 -> วิทยาลัยการอาชีพแม่สะเรียง
E3: เงินงบประมาณ | H3: เงินอุดหนุน | N3: งบรายจ่ายอื่น | O3: เงิน บกศ. | Q3: รวม
E4: ปวช. | F4: ปวส. | G4: ระยะสั้น | H4: อุดหนุน | I4: หนังสือ | J4: เครื่องแบบ | K4: กิจกรรม | L4: อุปกรณ์ | M4: เครื่องมือ | N4: โครงการ | O4: เงินรายได้ | P4: เงินรับฝาก
D5: ได้รับมา | E5: ='จัดสรร งปม.'!D96 -> 135 | F5: ='จัดสรร งปม.'!E96 -> 0 | G5: ='จัดสรร งปม.'!F96 -> 0 | H5: ='จัดสรร งปม.'!G96 -> 0 | I5: ='จัดสรร งปม.'!H96 -> 0 | J5: ='จัดสรร งปม.'!I96 -> 0 | K5: ='จัดสรร งปม.'!J96 -> 0 | L5: ='จัดสรร งปม.'!K96 -> 0 | ... Q5: ='จัดสรร งปม.'!P96 -> 135
D6: ใช้ไปแล้ว | E6: =SUM(E11:E45) -> 35 | F6: =SUM(F11:F45) -> 0 | G6: =SUM(G11:G45) -> 0 | H6: =SUM(H11:H45) -> 0 | I6: =SUM(I11:I45) -> 0 | J6: =SUM(J11:J45) -> 0 | K6: =SUM(K11:K45) -> 0 | L6: =SUM(L11:L45) -> 0 | ... Q6: =SUM(Q11:Q45) -> 35
B7: งบอุดหนุน | D7: เหลือ | E7: =E5-E6 -> 100 | F7: =F5-F6 -> 0 | G7: =G5-G6 -> 0 | H7: =H5-H6 -> 0 | I7: =I5-I6 -> 0 | J7: =J5-J6 -> 0 | K7: =K5-K6 -> 0 | L7: =L5-L6 -> 0 | ... Q7: =Q5-Q6 -> 100
B8: รหัสรายการจ่าย | C8: ='จัดสรร งปม.'!$B$96 -> 807
B9: รายการจ่าย | C9: ='จัดสรร งปม.'!$C$96 -> สำรอง 2
A10: รหัส | B10: วันที่ | C10: ชื่อผู้ขอใช้ | D10: แผนก/งาน | E10: ปวช. | F10: ปวส. | G10: ระยะสั้น | H10: อุดหนุน | I10: หนังสือ | J10: เครื่องแบบ | K10: กิจกรรม | L10: อุปกรณ์ | M10: เครื่องมือ | N10: โครงการ | O10: เงินรายได้ | P10: เงินรับฝาก | Q10: รวม
A11: 001 | E11: 35 | Q11: =SUM(E11:P11) -> 35
A12: 002 | Q12: =SUM(E12:P12) -> 0
A13: 003 | Q13: =SUM(E13:P13) -> 0
A14: 004 | Q14: =SUM(E14:P14) -> 0
A15: 005 | Q15: =SUM(E15:P15) -> 0
A16: 006 | Q16: =SUM(E16:P16) -> 0
A17: 007 | Q17: =SUM(E17:P17) -> 0
A18: 008 | Q18: =SUM(E18:P18) -> 0
A19: 009 | Q19: =SUM(E19:P19) -> 0
A20: 010 | Q20: =SUM(E20:P20) -> 0
A21: 011 | Q21: =SUM(E21:P21) -> 0
A22: 012 | Q22: =SUM(E22:P22) -> 0
A23: 013 | Q23: =SUM(E23:P23) -> 0
... A45: 035 | Q45: =SUM(E45:P45) -> 0

Sheet 808
A1: กลับไปที่หน้าจัดสรร งปม.
E2: =Note!$B$1 -> วิทยาลัยการอาชีพแม่สะเรียง
E3: เงินงบประมาณ | H3: เงินอุดหนุน | N3: งบรายจ่ายอื่น | O3: เงิน บกศ. | Q3: รวม
E4: ปวช. | F4: ปวส. | G4: ระยะสั้น | H4: อุดหนุน | I4: หนังสือ | J4: เครื่องแบบ | K4: กิจกรรม | L4: อุปกรณ์ | M4: เครื่องมือ | N4: โครงการ | O4: เงินรายได้ | P4: เงินรับฝาก
D5: ได้รับมา | E5: ='จัดสรร งปม.'!D97 -> 140 | F5: ='จัดสรร งปม.'!E97 -> 0 | G5: ='จัดสรร งปม.'!F97 -> 0 | H5: ='จัดสรร งปม.'!G97 -> 0 | I5: ='จัดสรร งปม.'!H97 -> 0 | J5: ='จัดสรร งปม.'!I97 -> 0 | K5: ='จัดสรร งปม.'!J97 -> 0 | L5: ='จัดสรร งปม.'!K97 -> 0 | ... Q5: ='จัดสรร งปม.'!P97 -> 140
D6: ใช้ไปแล้ว | E6: =SUM(E11:E45) -> 40 | F6: =SUM(F11:F45) -> 0 | G6: =SUM(G11:G45) -> 0 | H6: =SUM(H11:H45) -> 0 | I6: =SUM(I11:I45) -> 0 | J6: =SUM(J11:J45) -> 0 | K6: =SUM(K11:K45) -> 0 | L6: =SUM(L11:L45) -> 0 | ... Q6: =SUM(Q11:Q45) -> 40
B7: งบอุดหนุน | D7: เหลือ | E7: =E5-E6 -> 100 | F7: =F5-F6 -> 0 | G7: =G5-G6 -> 0 | H7: =H5-H6 -> 0 | I7: =I5-I6 -> 0 | J7: =J5-J6 -> 0 | K7: =K5-K6 -> 0 | L7: =L5-L6 -> 0 | ... Q7: =Q5-Q6 -> 100
B8: รหัสรายการจ่าย | C8: ='จัดสรร งปม.'!$B$97 -> 808
B9: รายการจ่าย | C9: ='จัดสรร งปม.'!$C$97 -> สำรอง 3
A10: รหัส | B10: วันที่ | C10: ชื่อผู้ขอใช้ | D10: แผนก/งาน | E10: ปวช. | F10: ปวส. | G10: ระยะสั้น | H10: อุดหนุน | I10: หนังสือ | J10: เครื่องแบบ | K10: กิจกรรม | L10: อุปกรณ์ | M10: เครื่องมือ | N10: โครงการ | O10: เงินรายได้ | P10: เงินรับฝาก | Q10: รวม
A11: 001 | E11: 40 | Q11: =SUM(E11:P11) -> 40
A12: 002 | Q12: =SUM(E12:P12) -> 0
A13: 003 | Q13: =SUM(E13:P13) -> 0
A14: 004 | Q14: =SUM(E14:P14) -> 0
A15: 005 | Q15: =SUM(E15:P15) -> 0
A16: 006 | Q16: =SUM(E16:P16) -> 0
A17: 007 | Q17: =SUM(E17:P17) -> 0
A18: 008 | Q18: =SUM(E18:P18) -> 0
A19: 009 | Q19: =SUM(E19:P19) -> 0
A20: 010 | Q20: =SUM(E20:P20) -> 0
A21: 011 | Q21: =SUM(E21:P21) -> 0
A22: 012 | Q22: =SUM(E22:P22) -> 0
A23: 013 | Q23: =SUM(E23:P23) -> 0
... A45: 035 | Q45: =SUM(E45:P45) -> 0

Sheet 809
A1: กลับไปที่หน้าจัดสรร งปม.
E2: =Note!$B$1 -> วิทยาลัยการอาชีพแม่สะเรียง
E3: เงินงบประมาณ | H3: เงินอุดหนุน | N3: งบรายจ่ายอื่น | O3: เงิน บกศ. | Q3: รวม
E4: ปวช. | F4: ปวส. | G4: ระยะสั้น | H4: อุดหนุน | I4: หนังสือ | J4: เครื่องแบบ | K4: กิจกรรม | L4: อุปกรณ์ | M4: เครื่องมือ | N4: โครงการ | O4: เงินรายได้ | P4: เงินรับฝาก
D5: ได้รับมา | E5: ='จัดสรร งปม.'!D88 -> 125 | F5: ='จัดสรร งปม.'!E88 -> 0 | G5: ='จัดสรร งปม.'!F88 -> 0 | H5: ='จัดสรร งปม.'!G88 -> 0 | I5: ='จัดสรร งปม.'!H88 -> 0 | J5: ='จัดสรร งปม.'!I88 -> 0 | K5: ='จัดสรร งปม.'!J88 -> 0 | L5: ='จัดสรร งปม.'!K88 -> 0 | ... Q5: ='จัดสรร งปม.'!P88 -> 125
D6: ใช้ไปแล้ว | E6: =SUM(E11:E45) -> 25 | F6: =SUM(F11:F45) -> 0 | G6: =SUM(G11:G45) -> 0 | H6: =SUM(H11:H45) -> 0 | I6: =SUM(I11:I45) -> 0 | J6: =SUM(J11:J45) -> 0 | K6: =SUM(K11:K45) -> 0 | L6: =SUM(L11:L45) -> 0 | ... Q6: =SUM(Q11:Q45) -> 25
B7: งบอุดหนุน | D7: เหลือ | E7: =E5-E6 -> 100 | F7: =F5-F6 -> 0 | G7: =G5-G6 -> 0 | H7: =H5-H6 -> 0 | I7: =I5-I6 -> 0 | J7: =J5-J6 -> 0 | K7: =K5-K6 -> 0 | L7: =L5-L6 -> 0 | ... Q7: =Q5-Q6 -> 100
B8: รหัสรายการจ่าย | C8: ='จัดสรร งปม.'!$B$98 -> 809
B9: รายการจ่าย | C9: ='จัดสรร งปม.'!$C$98 -> สำรอง 4
A10: รหัส | B10: วันที่ | C10: ชื่อผู้ขอใช้ | D10: แผนก/งาน | E10: ปวช. | F10: ปวส. | G10: ระยะสั้น | H10: อุดหนุน | I10: หนังสือ | J10: เครื่องแบบ | K10: กิจกรรม | L10: อุปกรณ์ | M10: เครื่องมือ | N10: โครงการ | O10: เงินรายได้ | P10: เงินรับฝาก | Q10: รวม
A11: 001 | E11: 25 | Q11: =SUM(E11:P11) -> 25
A12: 002 | Q12: =SUM(E12:P12) -> 0
A13: 003 | Q13: =SUM(E13:P13) -> 0
A14: 004 | Q14: =SUM(E14:P14) -> 0
A15: 005 | Q15: =SUM(E15:P15) -> 0
A16: 006 | Q16: =SUM(E16:P16) -> 0
A17: 007 | Q17: =SUM(E17:P17) -> 0
A18: 008 | Q18: =SUM(E18:P18) -> 0
A19: 009 | Q19: =SUM(E19:P19) -> 0
A20: 010 | Q20: =SUM(E20:P20) -> 0
A21: 011 | Q21: =SUM(E21:P21) -> 0
A22: 012 | Q22: =SUM(E22:P22) -> 0
A23: 013 | Q23: =SUM(E23:P23) -> 0
... A45: 035 | Q45: =SUM(E45:P45) -> 0

Sheet 810
A1: กลับไปที่หน้าจัดสรร งปม.
E2: =Note!$B$1 -> วิทยาลัยการอาชีพแม่สะเรียง
E3: เงินงบประมาณ | H3: เงินอุดหนุน | N3: งบรายจ่ายอื่น | O3: เงิน บกศ. | Q3: รวม
E4: ปวช. | F4: ปวส. | G4: ระยะสั้น | H4: อุดหนุน | I4: หนังสือ | J4: เครื่องแบบ | K4: กิจกรรม | L4: อุปกรณ์ | M4: เครื่องมือ | N4: โครงการ | O4: เงินรายได้ | P4: เงินรับฝาก
D5: ได้รับมา | E5: ='จัดสรร งปม.'!D99 -> 150 | F5: ='จัดสรร งปม.'!E99 -> 0 | G5: ='จัดสรร งปม.'!F99 -> 0 | H5: ='จัดสรร งปม.'!G99 -> 0 | I5: ='จัดสรร งปม.'!H99 -> 0 | J5: ='จัดสรร งปม.'!I99 -> 0 | K5: ='จัดสรร งปม.'!J99 -> 0 | L5: ='จัดสรร งปม.'!K99 -> 0 | ... Q5: ='จัดสรร งปม.'!P99 -> 150
D6: ใช้ไปแล้ว | E6: =SUM(E11:E45) -> 50 | F6: =SUM(F11:F45) -> 0 | G6: =SUM(G11:G45) -> 0 | H6: =SUM(H11:H45) -> 0 | I6: =SUM(I11:I45) -> 0 | J6: =SUM(J11:J45) -> 0 | K6: =SUM(K11:K45) -> 0 | L6: =SUM(L11:L45) -> 0 | ... Q6: =SUM(Q11:Q45) -> 50
B7: งบอุดหนุน | D7: เหลือ | E7: =E5-E6 -> 100 | F7: =F5-F6 -> 0 | G7: =G5-G6 -> 0 | H7: =H5-H6 -> 0 | I7: =I5-I6 -> 0 | J7: =J5-J6 -> 0 | K7: =K5-K6 -> 0 | L7: =L5-L6 -> 0 | ... Q7: =Q5-Q6 -> 100
B8: รหัสรายการจ่าย | C8: ='จัดสรร งปม.'!$B$99 -> 810
B9: รายการจ่าย | C9: ='จัดสรร งปม.'!$C$99 -> สำรอง 5
A10: รหัส | B10: วันที่ | C10: ชื่อผู้ขอใช้ | D10: แผนก/งาน | E10: ปวช. | F10: ปวส. | G10: ระยะสั้น | H10: อุดหนุน | I10: หนังสือ | J10: เครื่องแบบ | K10: กิจกรรม | L10: อุปกรณ์ | M10: เครื่องมือ | N10: โครงการ | O10: เงินรายได้ | P10: เงินรับฝาก | Q10: รวม
A11: 001 | E11: 50 | Q11: =SUM(E11:P11) -> 50
A12: 002 | Q12: =SUM(E12:P12) -> 0
A13: 003 | Q13: =SUM(E13:P13) -> 0
A14: 004 | Q14: =SUM(E14:P14) -> 0
A15: 005 | Q15: =SUM(E15:P15) -> 0
A16: 006 | Q16: =SUM(E16:P16) -> 0
A17: 007 | Q17: =SUM(E17:P17) -> 0
A18: 008 | Q18: =SUM(E18:P18) -> 0
A19: 009 | Q19: =SUM(E19:P19) -> 0
A20: 010 | Q20: =SUM(E20:P20) -> 0
A21: 011 | Q21: =SUM(E21:P21) -> 0
A22: 012 | Q22: =SUM(E22:P22) -> 0
A23: 013 | Q23: =SUM(E23:P23) -> 0
... A45: 035 | Q45: =SUM(E45:P45) -> 0

Sheet 901
A1: กลับไปที่หน้าจัดสรร งปม.
E2: =Note!$B$1 -> วิทยาลัยการอาชีพแม่สะเรียง
E3: เงินงบประมาณ | H3: เงินอุดหนุน | N3: งบรายจ่ายอื่น | O3: เงิน บกศ. | Q3: รวม
E4: ปวช. | F4: ปวส. | G4: ระยะสั้น | H4: อุดหนุน | I4: หนังสือ | J4: เครื่องแบบ | K4: กิจกรรม | L4: อุปกรณ์ | M4: เครื่องมือ | N4: โครงการ | O4: เงินรายได้ | P4: เงินรับฝาก
D5: ได้รับมา | E5: ='จัดสรร งปม.'!D101 -> 101 | F5: ='จัดสรร งปม.'!E101 -> 0 | G5: ='จัดสรร งปม.'!F101 -> 0 | H5: ='จัดสรร งปม.'!G101 -> 0 | I5: ='จัดสรร งปม.'!H101 -> 0 | J5: ='จัดสรร งปม.'!I101 -> 0 | K5: ='จัดสรร งปม.'!J101 -> 0 | L5: ='จัดสรร งปม.'!K101 -> 0 | ... Q5: ='จัดสรร งปม.'!P101 -> 101
D6: ใช้ไปแล้ว | E6: =SUM(E11:E45) -> 1 | F6: =SUM(F11:F45) -> 0 | G6: =SUM(G11:G45) -> 0 | H6: =SUM(H11:H45) -> 0 | I6: =SUM(I11:I45) -> 0 | J6: =SUM(J11:J45) -> 0 | K6: =SUM(K11:K45) -> 0 | L6: =SUM(L11:L45) -> 0 | ... Q6: =SUM(Q11:Q45) -> 1
B7: งบรายจ่ายอื่น | D7: เหลือ | E7: =E5-E6 -> 100 | F7: =F5-F6 -> 0 | G7: =G5-G6 -> 0 | H7: =H5-H6 -> 0 | I7: =I5-I6 -> 0 | J7: =J5-J6 -> 0 | K7: =K5-K6 -> 0 | L7: =L5-L6 -> 0 | ... Q7: =Q5-Q6 -> 100
B8: รหัสรายการจ่าย | C8: ='จัดสรร งปม.'!$B$101 -> 901
B9: รายการจ่าย | C9: ='จัดสรร งปม.'!$C$101 -> โครงการโรงเรียนตามรอยพระยุคลบาทฯ
A10: รหัส | B10: วันที่ | C10: ชื่อผู้ขอใช้ | D10: แผนก/งาน | E10: ปวช. | F10: ปวส. | G10: ระยะสั้น | H10: อุดหนุน | I10: หนังสือ | J10: เครื่องแบบ | K10: กิจกรรม | L10: อุปกรณ์ | M10: เครื่องมือ | N10: โครงการ | O10: เงินรายได้ | P10: เงินรับฝาก | Q10: รวม
A11: 001 | E11: 1 | Q11: =SUM(E11:P11) -> 1
A12: 002 | Q12: =SUM(E12:P12) -> 0
A13: 003 | Q13: =SUM(E13:P13) -> 0
A14: 004 | Q14: =SUM(E14:P14) -> 0
A15: 005 | Q15: =SUM(E15:P15) -> 0
A16: 006 | Q16: =SUM(E16:P16) -> 0
A17: 007 | Q17: =SUM(E17:P17) -> 0
A18: 008 | Q18: =SUM(E18:P18) -> 0
A19: 009 | Q19: =SUM(E19:P19) -> 0
A20: 010 | Q20: =SUM(E20:P20) -> 0
A21: 011 | Q21: =SUM(E21:P21) -> 0
A22: 012 | Q22: =SUM(E22:P22) -> 0
A23: 013 | Q23: =SUM(E23:P23) -> 0
... A45: 035 | Q45: =SUM(E45:P45) -> 0

Sheet 902
A1: กลับไปที่หน้าจัดสรร งปม.
E2: =Note!$B$1 -> วิทยาลัยการอาชีพแม่สะเรียง
E3: เงินงบประมาณ | H3: เงินอุดหนุน | N3: งบรายจ่ายอื่น | O3: เงิน บกศ. | Q3: รวม
E4: ปวช. | F4: ปวส. | G4: ระยะสั้น | H4: อุดหนุน | I4: หนังสือ | J4: เครื่องแบบ | K4: กิจกรรม | L4: อุปกรณ์ | M4: เครื่องมือ | N4: โครงการ | O4: เงินรายได้ | P4: เงินรับฝาก
D5: ได้รับมา | E5: ='จัดสรร งปม.'!D102 -> 102 | F5: ='จัดสรร งปม.'!E102 -> 0 | G5: ='จัดสรร งปม.'!F102 -> 0 | H5: ='จัดสรร งปม.'!G102 -> 0 | I5: ='จัดสรร งปม.'!H102 -> 0 | J5: ='จัดสรร งปม.'!I102 -> 0 | K5: ='จัดสรร งปม.'!J102 -> 0 | L5: ='จัดสรร งปม.'!K102 -> 0 | ... Q5: ='จัดสรร งปม.'!P102 -> 102
D6: ใช้ไปแล้ว | E6: =SUM(E11:E45) -> 2 | F6: =SUM(F11:F45) -> 0 | G6: =SUM(G11:G45) -> 0 | H6: =SUM(H11:H45) -> 0 | I6: =SUM(I11:I45) -> 0 | J6: =SUM(J11:J45) -> 0 | K6: =SUM(K11:K45) -> 0 | L6: =SUM(L11:L45) -> 0 | ... Q6: =SUM(Q11:Q45) -> 2
B7: งบรายจ่ายอื่น | D7: เหลือ | E7: =E5-E6 -> 100 | F7: =F5-F6 -> 0 | G7: =G5-G6 -> 0 | H7: =H5-H6 -> 0 | I7: =I5-I6 -> 0 | J7: =J5-J6 -> 0 | K7: =K5-K6 -> 0 | L7: =L5-L6 -> 0 | ... Q7: =Q5-Q6 -> 100
B8: รหัสรายการจ่าย | C8: ='จัดสรร งปม.'!$B$102 -> 902
B9: รายการจ่าย | C9: ='จัดสรร งปม.'!$C$102 -> โครงการโรงเรียนคุณธรรม
A10: รหัส | B10: วันที่ | C10: ชื่อผู้ขอใช้ | D10: แผนก/งาน | E10: ปวช. | F10: ปวส. | G10: ระยะสั้น | H10: อุดหนุน | I10: หนังสือ | J10: เครื่องแบบ | K10: กิจกรรม | L10: อุปกรณ์ | M10: เครื่องมือ | N10: โครงการ | O10: เงินรายได้ | P10: เงินรับฝาก | Q10: รวม
A11: 001 | E11: 2 | Q11: =SUM(E11:P11) -> 2
A12: 002 | Q12: =SUM(E12:P12) -> 0
A13: 003 | Q13: =SUM(E13:P13) -> 0
A14: 004 | Q14: =SUM(E14:P14) -> 0
A15: 005 | Q15: =SUM(E15:P15) -> 0
A16: 006 | Q16: =SUM(E16:P16) -> 0
A17: 007 | Q17: =SUM(E17:P17) -> 0
A18: 008 | Q18: =SUM(E18:P18) -> 0
A19: 009 | Q19: =SUM(E19:P19) -> 0
A20: 010 | Q20: =SUM(E20:P20) -> 0
A21: 011 | Q21: =SUM(E21:P21) -> 0
A22: 012 | Q22: =SUM(E22:P22) -> 0
A23: 013 | Q23: =SUM(E23:P23) -> 0
... A45: 035 | Q45: =SUM(E45:P45) -> 0

Sheet 903
A1: กลับไปที่หน้าจัดสรร งปม.
E2: =Note!$B$1 -> วิทยาลัยการอาชีพแม่สะเรียง
E3: เงินงบประมาณ | H3: เงินอุดหนุน | N3: งบรายจ่ายอื่น | O3: เงิน บกศ. | Q3: รวม
E4: ปวช. | F4: ปวส. | G4: ระยะสั้น | H4: อุดหนุน | I4: หนังสือ | J4: เครื่องแบบ | K4: กิจกรรม | L4: อุปกรณ์ | M4: เครื่องมือ | N4: โครงการ | O4: เงินรายได้ | P4: เงินรับฝาก
D5: ได้รับมา | E5: ='จัดสรร งปม.'!D103 -> 103 | F5: ='จัดสรร งปม.'!E103 -> 0 | G5: ='จัดสรร งปม.'!F103 -> 0 | H5: ='จัดสรร งปม.'!G103 -> 0 | I5: ='จัดสรร งปม.'!H103 -> 0 | J5: ='จัดสรร งปม.'!I103 -> 0 | K5: ='จัดสรร งปม.'!J103 -> 0 | L5: ='จัดสรร งปม.'!K103 -> 0 | ... Q5: ='จัดสรร งปม.'!P103 -> 103
D6: ใช้ไปแล้ว | E6: =SUM(E11:E45) -> 3 | F6: =SUM(F11:F45) -> 0 | G6: =SUM(G11:G45) -> 0 | H6: =SUM(H11:H45) -> 0 | I6: =SUM(I11:I45) -> 0 | J6: =SUM(J11:J45) -> 0 | K6: =SUM(K11:K45) -> 0 | L6: =SUM(L11:L45) -> 0 | ... Q6: =SUM(Q11:Q45) -> 3
B7: งบรายจ่ายอื่น | D7: เหลือ | E7: =E5-E6 -> 100 | F7: =F5-F6 -> 0 | G7: =G5-G6 -> 0 | H7: =H5-H6 -> 0 | I7: =I5-I6 -> 0 | J7: =J5-J6 -> 0 | K7: =K5-K6 -> 0 | L7: =L5-L6 -> 0 | ... Q7: =Q5-Q6 -> 100
B8: รหัสรายการจ่าย | C8: ='จัดสรร งปม.'!$B$103 -> 903
B9: รายการจ่าย | C9: ='จัดสรร งปม.'!$C$103 -> โครงการการสร้างผู้ประกอบการใหม่
A10: รหัส | B10: วันที่ | C10: ชื่อผู้ขอใช้ | D10: แผนก/งาน | E10: ปวช. | F10: ปวส. | G10: ระยะสั้น | H10: อุดหนุน | I10: หนังสือ | J10: เครื่องแบบ | K10: กิจกรรม | L10: อุปกรณ์ | M10: เครื่องมือ | N10: โครงการ | O10: เงินรายได้ | P10: เงินรับฝาก | Q10: รวม
A11: 001 | E11: 3 | Q11: =SUM(E11:P11) -> 3
A12: 002 | Q12: =SUM(E12:P12) -> 0
A13: 003 | Q13: =SUM(E13:P13) -> 0
A14: 004 | Q14: =SUM(E14:P14) -> 0
A15: 005 | Q15: =SUM(E15:P15) -> 0
A16: 006 | Q16: =SUM(E16:P16) -> 0
A17: 007 | Q17: =SUM(E17:P17) -> 0
A18: 008 | Q18: =SUM(E18:P18) -> 0
A19: 009 | Q19: =SUM(E19:P19) -> 0
A20: 010 | Q20: =SUM(E20:P20) -> 0
A21: 011 | Q21: =SUM(E21:P21) -> 0
A22: 012 | Q22: =SUM(E22:P22) -> 0
A23: 013 | Q23: =SUM(E23:P23) -> 0
... A45: 035 | Q45: =SUM(E45:P45) -> 0

Sheet 904
A1: กลับไปที่หน้าจัดสรร งปม.
E2: =Note!$B$1 -> วิทยาลัยการอาชีพแม่สะเรียง
E3: เงินงบประมาณ | H3: เงินอุดหนุน | N3: งบรายจ่ายอื่น | O3: เงิน บกศ. | Q3: รวม
E4: ปวช. | F4: ปวส. | G4: ระยะสั้น | H4: อุดหนุน | I4: หนังสือ | J4: เครื่องแบบ | K4: กิจกรรม | L4: อุปกรณ์ | M4: เครื่องมือ | N4: โครงการ | O4: เงินรายได้ | P4: เงินรับฝาก
D5: ได้รับมา | E5: ='จัดสรร งปม.'!D104 -> 104 | F5: ='จัดสรร งปม.'!E104 -> 0 | G5: ='จัดสรร งปม.'!F104 -> 0 | H5: ='จัดสรร งปม.'!G104 -> 0 | I5: ='จัดสรร งปม.'!H104 -> 0 | J5: ='จัดสรร งปม.'!I104 -> 0 | K5: ='จัดสรร งปม.'!J104 -> 0 | L5: ='จัดสรร งปม.'!K104 -> 0 | ... Q5: ='จัดสรร งปม.'!P104 -> 104
D6: ใช้ไปแล้ว | E6: =SUM(E11:E45) -> 4 | F6: =SUM(F11:F45) -> 0 | G6: =SUM(G11:G45) -> 0 | H6: =SUM(H11:H45) -> 0 | I6: =SUM(I11:I45) -> 0 | J6: =SUM(J11:J45) -> 0 | K6: =SUM(K11:K45) -> 0 | L6: =SUM(L11:L45) -> 0 | ... Q6: =SUM(Q11:Q45) -> 4
B7: งบรายจ่ายอื่น | D7: เหลือ | E7: =E5-E6 -> 100 | F7: =F5-F6 -> 0 | G7: =G5-G6 -> 0 | H7: =H5-H6 -> 0 | I7: =I5-I6 -> 0 | J7: =J5-J6 -> 0 | K7: =K5-K6 -> 0 | L7: =L5-L6 -> 0 | ... Q7: =Q5-Q6 -> 100
B8: รหัสรายการจ่าย | C8: ='จัดสรร งปม.'!$B$104 -> 904
B9: รายการจ่าย | C9: ='จัดสรร งปม.'!$C$104 -> โครงการอาชีวะอาสาร่วมด้วยช่วยประชาชน
A10: รหัส | B10: วันที่ | C10: ชื่อผู้ขอใช้ | D10: แผนก/งาน | E10: ปวช. | F10: ปวส. | G10: ระยะสั้น | H10: อุดหนุน | I10: หนังสือ | J10: เครื่องแบบ | K10: กิจกรรม | L10: อุปกรณ์ | M10: เครื่องมือ | N10: โครงการ | O10: เงินรายได้ | P10: เงินรับฝาก | Q10: รวม
A11: 001 | E11: 4 | Q11: =SUM(E11:P11) -> 4
A12: 002 | Q12: =SUM(E12:P12) -> 0
A13: 003 | Q13: =SUM(E13:P13) -> 0
A14: 004 | Q14: =SUM(E14:P14) -> 0
A15: 005 | Q15: =SUM(E15:P15) -> 0
A16: 006 | Q16: =SUM(E16:P16) -> 0
A17: 007 | Q17: =SUM(E17:P17) -> 0
A18: 008 | Q18: =SUM(E18:P18) -> 0
A19: 009 | Q19: =SUM(E19:P19) -> 0
A20: 010 | Q20: =SUM(E20:P20) -> 0
A21: 011 | Q21: =SUM(E21:P21) -> 0
A22: 012 | Q22: =SUM(E22:P22) -> 0
A23: 013 | Q23: =SUM(E23:P23) -> 0
... A45: 035 | Q45: =SUM(E45:P45) -> 0

Sheet 905
A1: กลับไปที่หน้าจัดสรร งปม.
E2: =Note!$B$1 -> วิทยาลัยการอาชีพแม่สะเรียง
E3: เงินงบประมาณ | H3: เงินอุดหนุน | N3: งบรายจ่ายอื่น | O3: เงิน บกศ. | Q3: รวม
E4: ปวช. | F4: ปวส. | G4: ระยะสั้น | H4: อุดหนุน | I4: หนังสือ | J4: เครื่องแบบ | K4: กิจกรรม | L4: อุปกรณ์ | M4: เครื่องมือ | N4: โครงการ | O4: เงินรายได้ | P4: เงินรับฝาก
D5: ได้รับมา | E5: ='จัดสรร งปม.'!D105 -> 105 | F5: ='จัดสรร งปม.'!E105 -> 0 | G5: ='จัดสรร งปม.'!F105 -> 0 | H5: ='จัดสรร งปม.'!G105 -> 0 | I5: ='จัดสรร งปม.'!H105 -> 0 | J5: ='จัดสรร งปม.'!I105 -> 0 | K5: ='จัดสรร งปม.'!J105 -> 0 | L5: ='จัดสรร งปม.'!K105 -> 0 | ... Q5: ='จัดสรร งปม.'!P105 -> 105
D6: ใช้ไปแล้ว | E6: =SUM(E11:E45) -> 5 | F6: =SUM(F11:F45) -> 0 | G6: =SUM(G11:G45) -> 0 | H6: =SUM(H11:H45) -> 0 | I6: =SUM(I11:I45) -> 0 | J6: =SUM(J11:J45) -> 0 | K6: =SUM(K11:K45) -> 0 | L6: =SUM(L11:L45) -> 0 | ... Q6: =SUM(Q11:Q45) -> 5
B7: งบรายจ่ายอื่น | D7: เหลือ | E7: =E5-E6 -> 100 | F7: =F5-F6 -> 0 | G7: =G5-G6 -> 0 | H7: =H5-H6 -> 0 | I7: =I5-I6 -> 0 | J7: =J5-J6 -> 0 | K7: =K5-K6 -> 0 | L7: =L5-L6 -> 0 | ... Q7: =Q5-Q6 -> 100
B8: รหัสรายการจ่าย | C8: ='จัดสรร งปม.'!$B$105 -> 905
B9: รายการจ่าย | C9: ='จัดสรร งปม.'!$C$105 -> โครงการศูนย์ซ่อมสร้างเพื่อชุมชน (Fix it)
A10: รหัส | B10: วันที่ | C10: ชื่อผู้ขอใช้ | D10: แผนก/งาน | E10: ปวช. | F10: ปวส. | G10: ระยะสั้น | H10: อุดหนุน | I10: หนังสือ | J10: เครื่องแบบ | K10: กิจกรรม | L10: อุปกรณ์ | M10: เครื่องมือ | N10: โครงการ | O10: เงินรายได้ | P10: เงินรับฝาก | Q10: รวม
A11: 001 | E11: 5 | Q11: =SUM(E11:P11) -> 5
A12: 002 | Q12: =SUM(E12:P12) -> 0
A13: 003 | Q13: =SUM(E13:P13) -> 0
A14: 004 | Q14: =SUM(E14:P14) -> 0
A15: 005 | Q15: =SUM(E15:P15) -> 0
A16: 006 | Q16: =SUM(E16:P16) -> 0
A17: 007 | Q17: =SUM(E17:P17) -> 0
A18: 008 | Q18: =SUM(E18:P18) -> 0
A19: 009 | Q19: =SUM(E19:P19) -> 0
A20: 010 | Q20: =SUM(E20:P20) -> 0
A21: 011 | Q21: =SUM(E21:P21) -> 0
A22: 012 | Q22: =SUM(E22:P22) -> 0
A23: 013 | Q23: =SUM(E23:P23) -> 0
... A45: 035 | Q45: =SUM(E45:P45) -> 0

Sheet 906
A1: กลับไปที่หน้าจัดสรร งปม.
E2: =Note!$B$1 -> วิทยาลัยการอาชีพแม่สะเรียง
E3: เงินงบประมาณ | H3: เงินอุดหนุน | N3: งบรายจ่ายอื่น | O3: เงิน บกศ. | Q3: รวม
E4: ปวช. | F4: ปวส. | G4: ระยะสั้น | H4: อุดหนุน | I4: หนังสือ | J4: เครื่องแบบ | K4: กิจกรรม | L4: อุปกรณ์ | M4: เครื่องมือ | N4: โครงการ | O4: เงินรายได้ | P4: เงินรับฝาก
D5: ได้รับมา | E5: ='จัดสรร งปม.'!D106 -> 106 | F5: ='จัดสรร งปม.'!E106 -> 0 | G5: ='จัดสรร งปม.'!F106 -> 0 | H5: ='จัดสรร งปม.'!G106 -> 0 | I5: ='จัดสรร งปม.'!H106 -> 0 | J5: ='จัดสรร งปม.'!I106 -> 0 | K5: ='จัดสรร งปม.'!J106 -> 0 | L5: ='จัดสรร งปม.'!K106 -> 0 | ... Q5: ='จัดสรร งปม.'!P106 -> 106
D6: ใช้ไปแล้ว | E6: =SUM(E11:E45) -> 6 | F6: =SUM(F11:F45) -> 0 | G6: =SUM(G11:G45) -> 0 | H6: =SUM(H11:H45) -> 0 | I6: =SUM(I11:I45) -> 0 | J6: =SUM(J11:J45) -> 0 | K6: =SUM(K11:K45) -> 0 | L6: =SUM(L11:L45) -> 0 | ... Q6: =SUM(Q11:Q45) -> 6
B7: งบรายจ่ายอื่น | D7: เหลือ | E7: =E5-E6 -> 100 | F7: =F5-F6 -> 0 | G7: =G5-G6 -> 0 | H7: =H5-H6 -> 0 | I7: =I5-I6 -> 0 | J7: =J5-J6 -> 0 | K7: =K5-K6 -> 0 | L7: =L5-L6 -> 0 | ... Q7: =Q5-Q6 -> 100
B8: รหัสรายการจ่าย | C8: ='จัดสรร งปม.'!$B$106 -> 906
B9: รายการจ่าย | C9: ='จัดสรร งปม.'!$C$106 -> โครงการทุนเฉลิมราชกุมารี
