Workbook

Sheet Note
A1: ชื่อสถานศึกษา | B1: วิทยาลัยการอาชีพนวมินทราชินีแม่ฮ่องสอน
A2: ปีงบประมาณ | B2: 2565

Sheet ประมาณการายจ่าย
D1: ประมาณการรายจ่าย ปีงบประมาณ | F1: =Note!$B$2 -> 2565 | G1: =Note!$B$1 -> วิทยาลัยการอาชีพนวมินทราชินีแม่ฮ่องสอน
D2: เงินงบประมาณ | G2: เงินอุดหนุน | M2: งบรายจ่ายอื่น | N2: เงิน บกศ. | P2: รวม
D3: ปวช. | E3: ปวส. | F3: ระยะสั้น | G3: อุดหนุน | H3: หนังสือ | I3: เครื่องแบบ | J3: กิจกรรม | K3: อุปกรณ์ | L3: เครื่องมือ | M3: โครงการ | N3: เงินรายได้ | O3: เงินรับฝาก
C4: รับมา | P4: =SUM(D4:O4) -> 0
C5: จัดสรรไป | D5: =SUM(D9:D120) -> 0 | E5: =SUM(E9:E120) -> 0 | F5: =SUM(F9:F120) -> 0 | G5: =SUM(G9:G120) -> 0 | H5: =SUM(H9:H120) -> 0 | I5: =SUM(I9:I120) -> 0 | J5: =SUM(J9:J120) -> 0 | K5: =SUM(K9:K120) -> 0 | ... O5: =SUM(O9:O120) -> 0 | P5: =SUM(D5:O5) -> 0
C6: คงเหลือ | D6: =D4-D5 -> 0 | E6: =E4-E5 -> 0 | F6: =F4-F5 -> 0 | G6: =G4-G5 -> 0 | H6: =H4-H5 -> 0 | I6: =I4-I5 -> 0 | J6: =J4-J5 -> 0 | K6: =K4-K5 -> 0 | ... P6: =P4-P5 -> 0
D8: ปวช. | E8: ปวส. | F8: ระยะสั้น | G8: อุดหนุน | H8: หนังสือ | I8: เครื่องแบบ | J8: กิจกรรม | K8: อุปกรณ์ | L8: เครื่องมือ | M8: โครงการ | N8: เงินรายได้ | O8: เงินรับฝาก | P8: รวม
A9: 1. งบบุคลากร
A10: =Note!$B$2 -> 2565 | B10: 101 | C10: เงินเดือนพนักงานราชการ
A11: =Note!$B$2 -> 2565 | B11: 102
A12: =Note!$B$2 -> 2565 | B12: 103
A13: =Note!$B$2 -> 2565 | B13: 104
A14: =Note!$B$2 -> 2565 | B14: 105
A15: 2. งบดำเนินงาน (ค่าตอบแทน)
A16: =Note!$B$2 -> 2565 | B16: 201 | C16: ค่าตอบแทนพิเศษพนักงานราชการ
A17: =Note!$B$2 -> 2565 | B17: 202 | C17: ค่าสอนเกินภาระงาน
A18: =Note!$B$2 -> 2565 | B18: 203 | C18: ค่าธุรการนอกเวลา
A19: =Note!$B$2 -> 2565 | B19: 204 | C19: ค่าสอนภาคฤดูร้อน
A20: =Note!$B$2 -> 2565 | B20: 205 | C20: ค่าสอนเทียบโอน
A21: =Note!$B$2 -> 2565 | B21: 206 | C21: ค่าจ้างครูรายเดือน
A22: =Note!$B$2 -> 2565 | B22: 207 | C22: ค่าจ้างเจ้าหน้าที่รายเดือน
A23: =Note!$B$2 -> 2565 | B23: 208 | C23: ค่าครองชีพครูรายเดือน
A24: =Note!$B$2 -> 2565 | B24: 209 | C24: ค่าครองชีพเจ้าหน้าที่รายเดือน
A25: =Note!$B$2 -> 2565 | B25: 210
A26: =Note!$B$2 -> 2565 | B26: 211
A27: =Note!$B$2 -> 2565 | B27: 212
A28: =Note!$B$2 -> 2565 | B28: 213
A29: =Note!$B$2 -> 2565 | B29: 214
A30: 3. งบดำเนินงาน (ค่าใช้สอย)
A31: =Note!$B$2 -> 2565 | B31: 301 | C31: ค่าจ้างซ่อมครุภัณฑ์การศึกษาและสำนักงาน
A32: =Note!$B$2 -> 2565 | B32: 302 | C32: ค่าซ่อมยานพาหนะ
A33: =Note!$B$2 -> 2565 | B33: 303 | C33: ค่าจ้างติดตั้ง ซ่อมแซมระบบสาธารณูปโภค
A34: =Note!$B$2 -> 2565 | B34: 304 | C34: ค่าจ้างซ่อมอาคารสถานที่/พัฒนาสิ่งแวดล้อม
A35: =Note!$B$2 -> 2565 | B35: 305 | C35: ค่าเบี้ยเลี้ยง พาหนะเดิอนทาง และที่พัก
A36: =Note!$B$2 -> 2565 | B36: 306 | C36: ค่าสมทบประกันสังคม(พนักงานราชการ)
A37: =Note!$B$2 -> 2565 | B37: 307 | C37: ค่าสมทบประกันสังคม(ครูรายเดือน)
A38: =Note!$B$2 -> 2565 | B38: 308 | C38: ค่าสมทบประกันสังคม(เจ้าหน้าที่รายเดือน)
A39: =Note!$B$2 -> 2565 | B39: 309 | C39: ค่าใช้สอยอื่นๆ(ไม่เกิน50,000/ครั้ง/รายการ)
A40: =Note!$B$2 -> 2565 | B40: 310
A41: =Note!$B$2 -> 2565 | B41: 311
A42: =Note!$B$2 -> 2565 | B42: 312
A43: =Note!$B$2 -> 2565 | B43: 313
A44: =Note!$B$2 -> 2565 | B44: 314
A45: 4. งบดำเนินงาน (ค่าวัสดุ)
A46: =Note!$B$2 -> 2565 | B46: 401 | C46: แผนกวิชาช่างก่อสร้าง
A47: =Note!$B$2 -> 2565 | B47: 402 | C47: แผนกวิชาช่างยนต์
A48: =Note!$B$2 -> 2565 | B48: 403 | C48: แผนกวิชาช่างไฟฟ้ากำลัง
A49: =Note!$B$2 -> 2565 | B49: 404 | C49: แผนกวิชาช่างอิเล็กทรอนิกส์
A50: =Note!$B$2 -> 2565 | B50: 405 | C50: แผนกวิชาการบัญชี
A51: =Note!$B$2 -> 2565 | B51: 406 | C51: แผนกวิชาคอมพิวเตอร์ธุรกิจ
A52: =Note!$B$2 -> 2565 | B52: 407 | C52: แผนกวิชาเทคนิคพื้นฐาน
A53: =Note!$B$2 -> 2565 | B53: 408 | C53: แผนกวิชาสามัญสัมพันธ์
A54: =Note!$B$2 -> 2565 | B54: 409 | C54: ฝ่ายวิชาการ
A55: =Note!$B$2 -> 2565 | B55: 410 | C55: ฝ่ายพัฒนากิจการนักเรียนนักศึกษา
A56: =Note!$B$2 -> 2565 | B56: 411 | C56: ฝ่ายแผนงานและความร่วมมือ
A57: =Note!$B$2 -> 2565 | B57: 412 | C57: ฝ่ายบริหารทรัพยากร
A58: =Note!$B$2 -> 2565 | B58: 413
A59: =Note!$B$2 -> 2565 | B59: 414
A60: =Note!$B$2 -> 2565 | B60: 415
A61: =Note!$B$2 -> 2565 | B61: 416
A62: =Note!$B$2 -> 2565 | B62: 417 | C62: สำรอง 5 (ผู้อำนวยการ)
A63: 5. งบดำเนินงาน (ค่าสาธารณูปโภค)
A64: =Note!$B$2 -> 2565 | B64: 501 | C64: ค่าไฟฟ้า
A65: =Note!$B$2 -> 2565 | B65: 502 | C65: ค่าประปา
A66: =Note!$B$2 -> 2565 | B66: 503 | C66: ค่าโทรศัพท์
A67: =Note!$B$2 -> 2565 | B67: 504 | C67: ค่าไปรษณีย์
A68: =Note!$B$2 -> 2565 | B68: 505 | C68: ค่าอินเตอร์เนต
A69: =Note!$B$2 -> 2565 | B69: 506
A70: =Note!$B$2 -> 2565 | B70: 507
A71: =Note!$B$2 -> 2565 | B71: 508
A72: 6. งบดำเนินงาน (แผนงาน/โครงการ/กิจกรรม)
A73: =Note!$B$2 -> 2565 | B73: 601 | C73: โครงการด้านการพัฒนาผู้เรียน
A74: =Note!$B$2 -> 2565 | B74: 602 | C74: โครงการด้านการพัฒนาครูและบุคลากร
A75: =Note!$B$2 -> 2565 | B75: 603 | C75: โครงการด้านการพัฒนาคุณภาพสถานศึกษา
A76: =Note!$B$2 -> 2565 | B76: 604 | C76: โครงการด้านการประกันคุณภาพภายใน
A77: =Note!$B$2 -> 2565 | B77: 605 | C77: โครงการ อวท.
A78: =Note!$B$2 -> 2565 | B78: 606
A79: =Note!$B$2 -> 2565 | B79: 607
A80: =Note!$B$2 -> 2565 | B80: 608
A81: =Note!$B$2 -> 2565 | B81: 609
A82: =Note!$B$2 -> 2565 | B82: 610
A83: 7. งบลงทุน (ที่ดิน สิ่งก่อสร้าง และครุภัณฑ์)
A84: =Note!$B$2 -> 2565 | B84: 701
A85: =Note!$B$2 -> 2565 | B85: 702
A86: =Note!$B$2 -> 2565 | B86: 703
A87: =Note!$B$2 -> 2565 | B87: 704
A88: =Note!$B$2 -> 2565 | B88: 705
A89: 8. งบอุดหนุน
A90: =Note!$B$2 -> 2565 | B90: 801 | C90: ค่าหนังสือเรียน
A91: =Note!$B$2 -> 2565 | B91: 802 | C91: ค่าเครื่องแบบนักเรียน
A92: =Note!$B$2 -> 2565 | B92: 803 | C92: ค่าอุปกรณ์การเรียน
A93: =Note!$B$2 -> 2565 | B93: 804 | C93: ค่ากิจกรรมพัฒนาคุณภาพผู้เรียน
A94: =Note!$B$2 -> 2565 | B94: 805 | C94: ค่าเครื่องมือประจำตัวผู้เรียน
A95: =Note!$B$2 -> 2565 | B95: 806
A96: =Note!$B$2 -> 2565 | B96: 807
A97: =Note!$B$2 -> 2565 | B97: 808
A98: =Note!$B$2 -> 2565 | B98: 809
A99: =Note!$B$2 -> 2565 | B99: 810
A100: 9. งบรายจ่ายอื่น (โครงการตามนโยบายต่างๆ)
A101: =Note!$B$2 -> 2565 | B101: 901 | C101: โครงการโรงเรียนตามรอยพระยุคลบาทฯ
...

Sheet รายการจัดสรร
A2: รายการจัดสรรงบประมาณ 65
A3: ลำดับที่ | B3: รายการ | E3: ไตรมาสที่ 1 | H3: ไตรมาสที่ 2 | K3: ไตรมาสที่ 3 | N3: ไตรมาสที่ 4 | Q3: รวม | R3: จัดสรรไป | S3: คงเหลือ
E4: ต.ค. | F4: พ.ย. | G4: ธ.ค. | H4: ม.ค. | I4: ก.พ. | J4: มี.ค. | K4: เม.ย. | L4: พ.ค. | M4: มิ.ย. | N4: ก.ค. | O4: ส.ค. | P4: ก.ย.
A5: 1 | B5: ปวช | F5: 176100 | Q5: =SUM(E5:P5) -> 176100
A6: 2 | B6: ปวส. | F6: 312200 | Q6: =SUM(E6:P6) -> 312200
A7: 3 | B7: ค่าสาธารณูปโภค | F7: 240000 | Q7: =SUM(E7:P7) -> 240000
A8: 4 | B8: ระยะสั้น | F8: 272000 | Q8: =SUM(E8:P8) -> 272000
A9: 5 | B9: สมทบประกันสังคม | F9: 24040 | Q9: =SUM(E9:P9) -> 24040
A10: 6 | B10: เงินเดือนพนักงานราชการ | E10: 765050 | Q10: =SUM(E10:P10) -> 765050
A11: 7 | B11: ทุนเฉลิมราชกุมารี | J11: 85000 | Q11: =SUM(E11:P11) -> 85000
A12: 8 | B12: กิจกรรมพัฒนาผู้เรียน | F12: 286900 | Q12: =SUM(E12:P12) -> 286900
A13: 9 | B13: อุปกรณ์การเรียน | F13: 138920 | Q13: =SUM(E13:P13) -> 138920
A14: 10 | B14: ค่าเครื่องแบบนักเรียน | Q14: =SUM(E14:P14) -> 0
A15: 11 | B15: ค่าจัดการเรียนการสอน | F15: 1907050 | Q15: =SUM(E15:P15) -> 1907050
A16: 12 | B16: ค่าหนังสือเรียน | F16: 604000 | Q16: =SUM(E16:P16) -> 604000
A17: 13 | B17: ค่าเครื่องมือ | Q17: =SUM(E17:P17) -> 0
A18: 14 | B18: ชุดปฎิบัติการเขียนแบบด้วยคอมพิวเตอร์ | E18: 1500000 | Q18: =SUM(E18:P18) -> 1500000
A19: 15 | B19: ชุดครุภัณฑ์ห้องเรียนอัจฉริยะ | E19: 2000000 | Q19: =SUM(E19:P19) -> 2000000
A20: 16 | B20: อุดหนุนรายได้ระหว่างเรียน | Q20: =SUM(E20:P20) -> 0
A21: 17 | B21: อุดหนุนสิ่งประดิษฐ์ | Q21: =SUM(E21:P21) -> 0
A22: 18 | B22: อุดหนุน อวท. | Q22: =SUM(E22:P22) -> 0
A23: 19 | B23: ทวิศึกษา | I23: 89900 | Q23: =SUM(E23:P23) -> 89900
A24: 20 | B24: ทวิภาคี | Q24: =SUM(E24:P24) -> 0
A25: 21 | B25: Fixit center | Q25: =SUM(E25:P25) -> 0
A26: 22 | B26: คืนครูให้นักเรียน | G26: 58800 | Q26: =SUM(E26:P26) -> 58800
A27: 23 | B27: เร่งประสิทธิภาพการสอนครู | G27: 94800 | Q27: =SUM(E27:P27) -> 94800
A28: 24 | B28: สถานศึกษาตามรอยฯ | Q28: =SUM(E28:P28) -> 0
A29: 25 | B29: ส่งเสริมการประกอบอาชีพอิสระ | Q29: =SUM(E29:P29) -> 0
A30: 26 | B30: ลดเวลาเรียนเพิ่มเวลารู้ | Q30: =SUM(E30:P30) -> 0
A31: 27 | B31: ภูมิภาคเอเชียตะวันออกเฉียงใต้ | Q31: =SUM(E31:P31) -> 0
A32: 28 | B32: รณรงค์ลดอุบัติเหตุ | Q32: =SUM(E32:P32) -> 0
A33: 29 | B33: ออกกลางคัน | Q33: =SUM(E33:P33) -> 0
A34: 30 | B34: โครงการอาชีวะอาษา | Q34: =SUM(E34:P34) -> 0
A35: 31 | B35: โครงการตั้งจุดบริการอำนวยความสะดวก | Q35: =SUM(E35:P35) -> 0
A36: 32 | C36: โครงการอาชีวะต้านยาเสพติด | Q36: =SUM(E36:P36) -> 0
A37: 33 | B37: โครงการการประกันฯ | Q37: =SUM(E37:P37) -> 0
A38: 34 | B38: เสริมสร้างพัฒนาศักยภาพครู | Q38: =SUM(E38:P38) -> 0
A39: 35 | B39: โครงการประกันคุณภาพ | Q39: =SUM(E39:P39) -> 0
A40: รวมทั้งสิ้น | E40: =SUM(E5:E39) -> 4265050 | F40: =SUM(F5:F39) -> 3961210 | G40: =SUM(G5:G39) -> 153600 | H40: =SUM(H5:H39) -> 0 | I40: =SUM(I5:I39) -> 89900 | J40: =SUM(J5:J39) -> 85000 | K40: =SUM(K5:K39) -> 0 | L40: =SUM(L5:L39) -> 0 | ... P40: =SUM(P5:P39) -> 0 | Q40: =SUM(E40:P40) -> 8554760

Sheet งปม.เข้า
E1: รายการรายรับ ปีงบประมาณ | G1: =Note!$B$2 -> 2565 | H1: =Note!$B$1 -> วิทยาลัยการอาชีพนวมินทราชินีแม่ฮ่องสอน
E2: เงินงบประมาณ | H2: เงินอุดหนุน | O2: งบรายจ่ายอื่น | Q2: เงิน บกศ. | S2: รวม
E3: ปวช. | F3: ปวส. | G3: ระยะสั้น | H3: จัดการเรียน | I3: หนังสือ | J3: เครื่องแบบ | K3: กิจกรรม | L3: อุปกรณ์ | M3: เครื่องมือ | N3: ทั่วไป | O3: โครงการ | P3: เงินนอก | Q3: เงินรายได้ | R3: เงินรับฝาก
D4: รวมรายรับ | E4: =SUM(E7:E107) -> 12525890 | F4: =SUM(F7:F107) -> 312200 | G4: =SUM(G7:G107) -> 272000 | H4: =SUM(H7:H107) -> 1907050 | I4: =SUM(I7:I107) -> 604000 | J4: =SUM(J7:J107) -> 0 | K4: =SUM(K7:K107) -> 286900 | L4: =SUM(L7:L107) -> 138920 | N4: =SUM(N7:N107) -> 85000 | O4: =SUM(O7:O107) -> 599500 | P4: =SUM(P7:P107) -> 2554.4 | Q4: =SUM(Q7:Q107) -> 728817.83 | R4: =SUM(R7:R107) -> 0 | S4: =SUM(E4:R4) -> 17462832
A6: ลำดับ | B6: วันที่ เดือน พ.ศ. | C6: เอกสารการจัดสรร | D6: รหัสเอกสาร | E6: ปวช. | F6: ปวส. | G6: ระยะสั้น | H6: อุดหนุน | I6: หนังสือ | J6: เครื่องแบบ | K6: กิจกรรม | L6: อุปกรณ์ | N6: เครื่องมือ | O6: โครงการ | P6: =+P3 -> เงินนอก | Q6: เงินรายได้ | R6: เงินรับฝาก | S6: รวม
A7: 1 | C7: เงิน บกศ. | Q7: =79431.83+192977.83+456408.17 -> 728817.83
A8: 2 | B8: 14 ตุลาคม 2564 | C8: ชุดปฏิบัติการเขียนแบบด้วยคอมพิวเตอร์ | D8: 2565001 | E8: 1500000 | S8: =SUM(E8:R8) -> 1500000
A9: 3 | C9: ชุดครุภัณฑ์ห้องเรียนอัจฉริยะ | E9: 2000000 | S9: =SUM(E9:R9) -> 2000000
A10: 4 | B10: 18 ตุลาคม 2564 | C10: วัสดุมุงหลังคาเมทัลชีท | D10: 2565002 | E10: 5660700 | S10: =SUM(E10:R10) -> 5660700
A11: 5 | B11: 18 ตุลาคม 2564 | C11: ค่าตอบแทนพนักงานราชการ | D11: 2565003 | E11: 765050 | S11: =SUM(E11:R11) -> 765050
A12: 6 | B12: 2 พ.ย.64 | C12: ค่าประกันสังคม | D12: 2565004 | E12: 24040 | S12: =SUM(E12:R12) -> 24040
A13: 7 | B13: 22 พ.ย.64 | C13: ปวช+ปวส+ระยะสั้น | D13: 2565005 | E13: 176100 | F13: 312200 | G13: 272000 | S13: =SUM(E13:R13) -> 760300
A14: 8 | C14: ค่าสาธารณูปโภค | E14: 2400000 | S14: =SUM(E14:R14) -> 2400000
A15: 9 | B15: 30 พ.ย 64 | D15: 2565006 | H15: 1907050 | I15: 604000 | K15: 286900 | L15: 138920 | S15: =SUM(E15:R15) -> 2936870
A16: 10 | B16: 21 ธ.ค.65 | C16: โครงการเร่งประสิทธิภาพครู | D16: 2565007 | O16: 94800 | S16: =SUM(E16:R16) -> 94800
A17: 11 | B17: 21 ธ.ค.65 | C17: โครงการคืนครู | D17: 2565008 | O17: 58800 | S17: =SUM(E17:R17) -> 58800
A18: 12 | C18: เงินนอกงบประมาณ | P18: 2554.4 | S18: =SUM(E18:R18) -> 2554.4
A19: 13 | B19: 17 ก.พ.65 | C19: โครงการ Fix it Center | D19: 2565009 | O19: 291000 | S19: =SUM(E19:R19) -> 291000
A20: 14 | B20: 23 ก.พ.65 | C20: โครงการจัดการศึกษาเรียนร่วม ทวิศึกษา | D20: 2565010 | O20: 89900 | S20: =SUM(E20:R20) -> 89900
A21: 15 | B21: 7 มี.ค.65 | C21: ทุนหารศึกษาเฉลิมราชกุมารี | D21: 2565011 | N21: 85000 | S21: =SUM(E21:R21) -> 85000
A22: 16 | B22: 7 มี.ค.65 | C22: โครงการพัฒนาศักยภาพผู้เรียนอาชีวศึกษาในการเป็นผู้ประกอบการ | D22: 2565012 | O22: 65000 | S22: =SUM(E22:R22) -> 65000
A23: 17 | S23: =SUM(E23:R23) -> 0
A24: 18 | S24: =SUM(E24:R24) -> 0
A25: 19 | S25: =SUM(E25:R25) -> 0
A26: 20 | S26: =SUM(E26:R26) -> 0
A27: 21 | S27: =SUM(E27:R27) -> 0
A28: 22 | S28: =SUM(E28:R28) -> 0
A29: 23 | S29: =SUM(E29:R29) -> 0
A30: 24 | S30: =SUM(E30:R30) -> 0
A31: 25 | S31: =SUM(E31:R31) -> 0
A32: 26 | S32: =SUM(E32:R32) -> 0
A33: 27 | S33: =SUM(E33:R33) -> 0
A34: 28 | S34: =SUM(E34:R34) -> 0
... A107: 101 | S107: =SUM(E107:R107) -> 0

Sheet จัดสรร งปม.
D1: รายการจัดสรรรายจ่ายปี งปม. | F1: =Note!$B$2 -> 2565 | G1: =Note!$B$1 -> วิทยาลัยการอาชีพนวมินทราชินีแม่ฮ่องสอน
D2: เงินงบประมาณ | G2: เงินอุดหนุน | N2: งบรายจ่ายอื่น | P2: เงิน บกศ. | R2: รวม | S2: =NOW() -> 44648.644
D3: ปวช. | E3: ปวส. | F3: ระยะสั้น | G3: จัดการเรียน | H3: หนังสือ | I3: เครื่องแบบ | J3: กิจกรรม | K3: อุปกรณ์ | L3: เครื่องมือ | M3: ทั่วไป | N3: โครงการ | O3: เงินนอก | P3: เงินรายได้ | Q3: เงินรับฝาก | S3: สรุปรายการจ่ายจากยอดจัดสสร
C4: รับมา | D4: =งปม.เข้า!E4 -> 12525890 | E4: =งปม.เข้า!F4 -> 312200 | F4: =งปม.เข้า!G4 -> 272000 | G4: =งปม.เข้า!H4 -> 1907050 | H4: =งปม.เข้า!I4 -> 604000 | I4: =งปม.เข้า!J4 -> 0 | J4: =งปม.เข้า!K4 -> 286900 | K4: =งปม.เข้า!L4 -> 138920 | ... Q4: =งปม.เข้า!R4 -> 0 | R4: =SUM(D4:Q4) -> 17462832 | S4: ใช้ไปแล้ว | T4: ร้อยละ | U4: เหลือ
C5: จัดสรรไป | D5: =SUM(D9:D120) -> 10365953 | E5: =SUM(E9:E120) -> 310768 | F5: =SUM(F9:F120) -> 158347.3 | G5: =SUM(G9:G120) -> 1984939.4 | H5: =SUM(H9:H120) -> 0 | I5: =SUM(I9:I120) -> 0 | J5: =SUM(J9:J120) -> 267218 | K5: =SUM(K9:K120) -> 135240 | ... Q5: =SUM(Q9:Q120) -> 0 | R5: =SUM(D5:Q5) -> 14236526 | S5: =SUM(S10:S120) -> 8548554.4 | T5: =(100/R5)*S5 -> 60.046631 | U5: =SUM(U10:U120) -> 5687972
C6: คงเหลือ | D6: =D4-D5 -> 2159936.8 | E6: =E4-E5 -> 1432 | F6: =F4-F5 -> 113652.7 | G6: =G4-G5 -> -77889.45 | H6: =H4-H5 -> 604000 | I6: =I4-I5 -> 0 | J6: =J4-J5 -> 19682 | K6: =K4-K5 -> 3680 | M6: =M4-M5 -> 0 | N6: =N4-N5 -> -9605.5 | O6: =O4-O5 -> 296.48 | P6: =P4-P5 -> 411120.85 | Q6: =Q4-Q5 -> 0 | R6: =R4-R5 -> 3226305.8
D8: ปวช. | E8: ปวส. | F8: ระยะสั้น | G8: อุดหนุน | H8: หนังสือ | I8: เครื่องแบบ | J8: กิจกรรม | K8: อุปกรณ์ | L8: เครื่องมือ | M8: =M3 -> ทั่วไป | N8: โครงการ | O8: =+O3 -> เงินนอก | P8: เงินรายได้ | Q8: เงินรับฝาก | R8: รวม | S8: ใช้ไปแล้ว | T8: ร้อยละ | U8: เหลือ
A9: 1. งบบุคลากร
A10: =Note!$B$2 -> 2565 | B10: 101 | C10: เงินเดือนพนักงานราชการ | D10: 765050 | R10: =SUM(D10:Q10) -> 765050 | S10: ='101'!$S$6 -> 765000 | T10: =(100/R10)*S10 -> 99.993464 | U10: =R10-S10 -> 50
A11: =Note!$B$2 -> 2565 | B11: 102 | C11: สำรอง 1 | R11: =SUM(D11:Q11) -> 0 | S11: ='102'!$S$6 -> 0 | T11: =(100/R11)*S11 -> #DIV/0! | U11: =R11-S11 -> 0
A12: =Note!$B$2 -> 2565 | B12: 103 | C12: สำรอง 2 | R12: =SUM(D12:Q12) -> 0 | S12: ='103'!$S$6 -> 0 | T12: =(100/R12)*S12 -> #DIV/0! | U12: =R12-S12 -> 0
A13: =Note!$B$2 -> 2565 | B13: 104 | C13: สำรอง 3 | R13: =SUM(D13:Q13) -> 0 | S13: ='104'!$S$6 -> 0 | T13: =(100/R13)*S13 -> #DIV/0! | U13: =R13-S13 -> 0
A14: =Note!$B$2 -> 2565 | B14: 105 | C14: สำรอง 4 | R14: =SUM(D14:Q14) -> 0 | S14: ='105'!$S$6 -> 0 | T14: =(100/R14)*S14 -> #DIV/0! | U14: =R14-S14 -> 0
A15: 2. งบดำเนินงาน (ค่าตอบแทน)
A16: =Note!$B$2 -> 2565 | B16: 201 | C16: ค่าตอบแทนพิเศษพนักงานราชการ | R16: =SUM(D16:Q16) -> 0 | S16: ='201'!$S$6 -> 0 | T16: =(100/R16)*S16 -> #DIV/0! | U16: =R16-S16 -> 0
A17: =Note!$B$2 -> 2565 | B17: 202 | C17: ค่าสอนเกินภาระงาน | G17: =169920 -> 169920 | R17: =SUM(D17:Q17) -> 169920 | S17: ='202'!$S$6 -> 169920 | T17: =(100/R17)*S17 -> 100 | U17: =R17-S17 -> 0
A18: =Note!$B$2 -> 2565 | B18: 203 | C18: ค่าธุรการนอกเวลา | R18: =SUM(D18:Q18) -> 0 | S18: ='203'!$S$6 -> 0 | T18: =(100/R18)*S18 -> #DIV/0! | U18: =R18-S18 -> 0
A19: =Note!$B$2 -> 2565 | B19: 204 | C19: ค่าสอนภาคฤดูร้อน | R19: =SUM(D19:Q19) -> 0 | S19: ='204'!$S$6 -> 0 | T19: =(100/R19)*S19 -> #DIV/0! | U19: =R19-S19 -> 0
A20: =Note!$B$2 -> 2565 | B20: 205 | C20: ค่าสอนเทียบโอน | R20: =SUM(D20:Q20) -> 0 | S20: ='205'!$S$6 -> 0 | T20: =(100/R20)*S20 -> #DIV/0! | U20: =R20-S20 -> 0
A21: =Note!$B$2 -> 2565 | B21: 206 | C21: ค่าจ้างครูรายเดือน | G21: =238200+260540+260540+260540 -> 1019820 | R21: =SUM(D21:Q21) -> 1019820 | S21: ='206'!$S$6 -> 1019820 | T21: =(100/R21)*S21 -> 100 | U21: =R21-S21 -> 0
A22: =Note!$B$2 -> 2565 | B22: 207 | C22: ค่าจ้างเจ้าหน้าที่รายเดือน | G22: =171026.45+167120.67+169600.33+149090 -> 656837.45 | R22: =SUM(D22:Q22) -> 656837.45 | S22: ='207'!$S$6 -> 656837.45 | T22: =(100/R22)*S22 -> 100 | U22: =R22-S22 -> 0
A23: =Note!$B$2 -> 2565 | B23: 208 | C23: ค่าครองชีพครูรายเดือน | R23: =SUM(D23:Q23) -> 0 | S23: ='208'!$S$6 -> 0 | T23: =(100/R23)*S23 -> #DIV/0! | U23: =R23-S23 -> 0
A24: =Note!$B$2 -> 2565 | B24: 209 | C24: ค่าครองชีพเจ้าหน้าที่รายเดือน | R24: =SUM(D24:Q24) -> 0 | S24: ='209'!$S$6 -> 0 | T24: =(100/R24)*S24 -> #DIV/0! | U24: =R24-S24 -> 0
A25: =Note!$B$2 -> 2565 | B25: 210 | C25: สำรอง 1 | R25: =SUM(D25:Q25) -> 0 | S25: ='210'!$S$6 -> 0 | T25: =(100/R25)*S25 -> #DIV/0! | U25: =R25-S25 -> 0
A26: =Note!$B$2 -> 2565 | B26: 211 | C26: สำรอง 2 | R26: =SUM(D26:Q26) -> 0 | S26: ='211'!$S$6 -> 0 | T26: =(100/R26)*S26 -> #DIV/0! | U26: =R26-S26 -> 0
A27: =Note!$B$2 -> 2565 | B27: 212 | C27: สำรอง 3 | R27: =SUM(D27:Q27) -> 0 | S27: ='212'!$S$6 -> 0 | T27: =(100/R27)*S27 -> #DIV/0! | U27: =R27-S27 -> 0
A28: =Note!$B$2 -> 2565 | B28: 213 | C28: สำรอง 4 | R28: =SUM(D28:Q28) -> 0 | S28: ='213'!$S$6 -> 0 | T28: =(100/R28)*S28 -> #DIV/0! | U28: =R28-S28 -> 0
A29: =Note!$B$2 -> 2565 | B29: 214 | C29: สำรอง 5 | R29: =SUM(D29:Q29) -> 0 | S29: ='214'!$S$6 -> 0 | T29: =(100/R29)*S29 -> #DIV/0! | U29: =R29-S29 -> 0
A30: 3. งบดำเนินงาน (ค่าใช้สอย)
A31: =Note!$B$2 -> 2565 | B31: 301 | C31: ค่าจ้างซ่อมครุภัณฑ์การศึกษาและสำนักงาน | R31: =SUM(D31:Q31) -> 0 | S31: ='301'!$S$6 -> 10 | T31: =(100/R31)*S31 -> #DIV/0! | U31: =R31-S31 -> -10
A32: =Note!$B$2 -> 2565 | B32: 302 | C32: ค่าซ่อมยานพาหนะ | F32: =4920 -> 4920 | R32: =SUM(D32:Q32) -> 4920 | S32: ='302'!$S$6 -> 4920 | T32: =(100/R32)*S32 -> 100 | U32: =R32-S32 -> 0
A33: =Note!$B$2 -> 2565 | B33: 303 | C33: ค่าจ้างติดตั้ง ซ่อมแซมระบบสาธารณูปโภค | R33: =SUM(D33:Q33) -> 0 | S33: ='303'!$S$6 -> 30 | T33: =(100/R33)*S33 -> #DIV/0! | U33: =R33-S33 -> -30
A34: =Note!$B$2 -> 2565 | B34: 304 | C34: ค่าจ้างซ่อมอาคารสถานที่/พัฒนาสิ่งแวดล้อม | F34: =48768.7 -> 48768.7 | G34: 9670 | R34: =SUM(D34:Q34) -> 58438.7 | S34: ='304'!$S$6 -> 58438.7 | T34: =(100/R34)*S34 -> 100 | U34: =R34-S34 -> 0
A35: =Note!$B$2 -> 2565 | B35: 305 | C35: ค่าเบี้ยเลี้ยง พาหนะเดินทาง และที่พัก | F35: =27400 -> 27400 | G35: =2760+5020 -> 7780 | J35: =27980+8880+16440+8740+82118+30040+23500 -> 197698 | P35: 71780 | R35: =SUM(D35:Q35) -> 304658 | S35: ='305'!$S$6 -> 304658 | T35: =(100/R35)*S35 -> 100 | U35: =R35-S35 -> 0
A36: =Note!$B$2 -> 2565 | B36: 306 | C36: ค่าสมทบประกันสังคม(พนักงานราชการ) | D36: 24040 | R36: =SUM(D36:Q36) -> 24040 | S36: ='306'!$S$6 -> 23450 | T36: =(100/R36)*S36 -> 97.545757 | U36: =R36-S36 -> 590
A37: =Note!$B$2 -> 2565 | B37: 307 | C37: ค่าสมทบประกันสังคม(ครูรายเดือน) | G37: =38539+13027+12452 -> 64018 | R37: =SUM(D37:Q37) -> 64018 | S37: ='307'!$S$6 -> 64018 | T37: =(100/R37)*S37 -> 100 | U37: =R37-S37 -> 0
A38: =Note!$B$2 -> 2565 | B38: 308 | C38: ค่าสมทบประกันสังคม(เจ้าหน้าที่รายเดือน) | G38: =24758+7962+7458 -> 40178 | R38: =SUM(D38:Q38) -> 40178 | S38: ='308'!$S$6 -> 40178 | T38: =(100/R38)*S38 -> 100 | U38: =R38-S38 -> 0
A39: =Note!$B$2 -> 2565 | B39: 309 | C39: ค่าใช้สอยอื่นๆ(ไม่เกิน50,000/ครั้ง/รายการ) | R39: =SUM(D39:Q39) -> 0 | S39: ='309'!$S$6 -> 90 | T39: =(100/R39)*S39 -> #DIV/0! | U39: =R39-S39 -> -90
A40: =Note!$B$2 -> 2565 | B40: 310 | C40: ค่าน้ำมัน | F40: =21445.6 -> 21445.6 | N40: =4141+2464.5 -> 6605.5 | R40: =SUM(D40:Q40) -> 28051.1 | S40: ='310'!$S$6 -> 28051.1 | T40: =(100/R40)*S40 -> 100 | U40: =R40-S40 -> 0
A41: =Note!$B$2 -> 2565 | B41: 311 | C41: ค่าขยะมูลฝอย | P41: =4000+1000+1000 -> 6000 | R41: =SUM(D41:Q41) -> 6000 | S41: ='311'!$S$6 -> 6000 | T41: =(100/R41)*S41 -> 100 | U41: =R41-S41 -> 0
A42: =Note!$B$2 -> 2565 | B42: 312 | C42: ค่าโดเมนเนม | P42: 4013 | R42: =SUM(D42:Q42) -> 4013 | S42: ='312'!$S$6 -> 4013 | T42: =(100/R42)*S42 -> 100 | U42: =R42-S42 -> 0
A43: =Note!$B$2 -> 2565 | B43: 313 | C43: เงินสมทบกองทุนเงินทดแทน | P43: 2352 | R43: =SUM(D43:Q43) -> 2352 | S43: ='313'!$S$6 -> 2352 | T43: =(100/R43)*S43 -> 100 | U43: =R43-S43 -> 0
A44: =Note!$B$2 -> 2565 | B44: 314 | C44: สำรอง 5 | R44: =SUM(D44:Q44) -> 0 | S44: ='314'!$S$6 -> 40 | T44: =(100/R44)*S44 -> #DIV/0! | U44: =R44-S44 -> -40
A45: 4. งบดำเนินงาน (ค่าวัสดุ)
A46: =Note!$B$2 -> 2565 | B46: 401 | C46: แผนกวิชาช่างก่อสร้าง | D46: =35500 -> 35500 | E46: 62000 | F46: 15188 | P46: 2500 | R46: =SUM(D46:Q46) -> 115188 | S46: ='401'!$S$6 -> 115188 | T46: =(100/R46)*S46 -> 100 | U46: =R46-S46 -> 0
A47: =Note!$B$2 -> 2565 | B47: 402 | C47: แผนกวิชาช่างยนต์ | D47: 13000 | E47: 74000 | F47: =1600+1000 -> 2600 | P47: 13000 | R47: =SUM(D47:Q47) -> 102600 | S47: ='402'!$S$6 -> 102600 | T47: =(100/R47)*S47 -> 100 | U47: =R47-S47 -> 0
A48: =Note!$B$2 -> 2565 | B48: 403 | C48: แผนกวิชาช่างไฟฟ้ากำลัง | E48: 69710 | F48: =500 -> 500 | P48: 30290 | R48: =SUM(D48:Q48) -> 100500 | S48: ='403'!$S$6 -> 100500 | T48: =(100/R48)*S48 -> 100 | U48: =R48-S48 -> 0
A49: =Note!$B$2 -> 2565 | B49: 404 | C49: แผนกวิชาช่างอิเล็กทรอนิกส์ | D49: 30000 | E49: 20000 | F49: =4000 -> 4000 | R49: =SUM(D49:Q49) -> 54000 | S49: ='404'!$S$6 -> 54000 | T49: =(100/R49)*S49 -> 100 | U49: =R49-S49 -> 0
A50: =Note!$B$2 -> 2565 | B50: 405 | C50: แผนกวิชาการบัญชี | D50: 4942 | E50: 45058 | R50: =SUM(D50:Q50) -> 50000 | S50: ='405'!$S$6 -> 50000 | T50: =(100/R50)*S50 -> 100 | U50: =R50-S50 -> 0
A51: =Note!$B$2 -> 2565 | B51: 406 | C51: แผนกวิชาเทคโนโลยีสารสนเทศ | D51: 30000 | E51: 20000 | F51: 13500 | R51: =SUM(D51:Q51) -> 63500 | S51: ='406'!$S$6 -> 63500 | T51: =(100/R51)*S51 -> 100 | U51: =R51-S51 -> 0
A52: =Note!$B$2 -> 2565 | B52: 407 | C52: แผนกวิชาเทคนิคพื้นฐาน | D52: 62605 | F52: =4930 -> 4930 | P52: 7395 | R52: =SUM(D52:Q52) -> 74930 | S52: ='407'!$S$6 -> 74930 | T52: =(100/R52)*S52 -> 100 | U52: =R52-S52 -> 0
A53: =Note!$B$2 -> 2565 | B53: 408 | C53: แผนกวิชาสามัญสัมพันธ์ | E53: 20000 | P53: =20000+30000 -> 50000 | R53: =SUM(D53:Q53) -> 70000 | S53: ='408'!$S$6 -> 50000 | T53: =(100/R53)*S53 -> 71.428571 | U53: =R53-S53 -> 20000
A54: =Note!$B$2 -> 2565 | B54: 409 | C54: ฝ่ายวิชาการ | N54: =3000 -> 3000 | R54: =SUM(D54:Q54) -> 3000 | S54: ='409'!$S$6 -> 3000 | T54: =(100/R54)*S54 -> 100 | U54: =R54-S54 -> 0
A55: =Note!$B$2 -> 2565 | B55: 410 | C55: ฝ่ายพัฒนากิจการนักเรียนนักศึกษา | F55: 8300 | P55: 77400 | R55: =SUM(D55:Q55) -> 85700 | S55: ='410'!$S$6 -> 85700 | T55: =(100/R55)*S55 -> 100 | U55: =R55-S55 -> 0
A56: =Note!$B$2 -> 2565 | B56: 411 | C56: ฝ่ายแผนงานและความร่วมมือ | F56: 1350 | R56: =SUM(D56:Q56) -> 1350 | S56: ='411'!$S$6 -> 1350 | T56: =(100/R56)*S56 -> 100 | U56: =R56-S56 -> 0
A57: =Note!$B$2 -> 2565 | B57: 412 | C57: ฝ่ายบริหารทรัพยากร | F57: =300+1500+1500+2145 -> 5445 | G57: 900 | P57: =37200+7050+5150 -> 49400 | R57: =SUM(D57:Q57) -> 55745 | S57: ='412'!$S$6 -> 55745 | T57: =(100/R57)*S57 -> 100 | U57: =R57-S57 -> 0
A58: =Note!$B$2 -> 2565 | B58: 413 | C58: สำรอง 1 | R58: =SUM(D58:Q58) -> 0 | S58: ='413'!$S$6 -> 30 | T58: =(100/R58)*S58 -> #DIV/0! | U58: =R58-S58 -> -30
A59: =Note!$B$2 -> 2565 | B59: 414 | C59: สำรอง 2 | R59: =SUM(D59:Q59) -> 0 | S59: ='414'!$S$6 -> 40 | T59: =(100/R59)*S59 -> #DIV/0! | U59: =R59-S59 -> -40
A60: =Note!$B$2 -> 2565 | B60: 415 | C60: สำรอง 3 | R60: =SUM(D60:Q60) -> 0 | S60: ='415'!$S$6 -> 50 | T60: =(100/R60)*S60 -> #DIV/0! | U60: =R60-S60 -> -50
A61: =Note!$B$2 -> 2565 | B61: 416 | C61: สำรอง 4 | R61: =SUM(D61:Q61) -> 0 | S61: ='416'!$S$6 -> 60 | T61: =(100/R61)*S61 -> #DIV/0! | U61: =R61-S61 -> -60
A62: =Note!$B$2 -> 2565 | B62: 417 | C62: สำรอง 5 (ผู้อำนวยการ) | R62: =SUM(D62:Q62) -> 0 | S62: ='417'!$S$6 -> 70 | T62: =(100/R62)*S62 -> #DIV/0! | U62: =R62-S62 -> -70
A63: 5. งบดำเนินงาน (ค่าสาธารณูปโภค)
A64: =Note!$B$2 -> 2565 | B64: 501 | C64: ค่าไฟฟ้า | D64: 125109.46 | O64: =936.26+344.55 -> 1280.81 | R64: =SUM(D64:Q64) -> 126390.27 | S64: ='501'!$S$6 -> 126390.27 | T64: =(100/R64)*S64 -> 100 | U64: =R64-S64 -> 0
A65: =Note!$B$2 -> 2565 | B65: 502 | C65: ค่าประปา | D65: 81141 | O65: =612.46+364.65 -> 977.11 | R65: =SUM(D65:Q65) -> 82118.11 | S65: ='502'!$S$6 -> 82118.16 | T65: =(100/R65)*S65 -> 100.00006 | U65: =R65-S65 -> -0.05
A66: =Note!$B$2 -> 2565 | B66: 503 | C66: ค่าโทรศัพท์ | D66: =3941.72+1384.05 -> 5325.77 | P66: 1379.98 | R66: =SUM(D66:Q66) -> 6705.75 | S66: ='503'!$S$6 -> 6705.75 | T66: =(100/R66)*S66 -> 100 | U66: =R66-S66 -> 0
A67: =Note!$B$2 -> 2565 | B67: 504 | C67: ค่าไปรษณีย์ | D67: =5094+1618 -> 6712 | P67: 1007 | R67: =SUM(D67:Q67) -> 7719 | S67: ='504'!$S$6 -> 7719 | T67: =(100/R67)*S67 -> 100 | U67: =R67-S67 -> 0
A68: =Note!$B$2 -> 2565 | B68: 505 | C68: ค่าอินเตอร์เนต | D68: =16371+5457 -> 21828 | R68: =SUM(D68:Q68) -> 21828 | S68: ='505'!$S$6 -> 21828 | T68: =(100/R68)*S68 -> 100 | U68: =R68-S68 -> 0
A69: =Note!$B$2 -> 2565 | B69: 506 | C69: สำรอง 1 | R69: =SUM(D69:Q69) -> 0 | S69: ='506'!$S$6 -> 60 | T69: =(100/R69)*S69 -> #DIV/0! | U69: =R69-S69 -> -60
A70: =Note!$B$2 -> 2565 | B70: 507 | C70: สำรอง 2 | R70: =SUM(D70:Q70) -> 0 | S70: ='507'!$S$6 -> 70 | T70: =(100/R70)*S70 -> #DIV/0! | U70: =R70-S70 -> -70
A71: =Note!$B$2 -> 2565 | B71: 508 | C71: สำรอง 3 | R71: =SUM(D71:Q71) -> 0 | S71: ='508'!$S$6 -> 80 | T71: =(100/R71)*S71 -> #DIV/0! | U71: =R71-S71 -> -80
A72: 6. งบดำเนินงาน (แผนงาน/โครงการ/กิจกรรม)
A73: =Note!$B$2 -> 2565 | B73: 601 | C73: โครงการด้านการพัฒนาผู้เรียน | R73: =SUM(D73:Q73) -> 0 | S73: ='601'!$S$6 -> 10 | T73: =(100/R73)*S73 -> #DIV/0! | U73: =R73-S73 -> -10
A74: =Note!$B$2 -> 2565 | B74: 602 | C74: โครงการด้านการพัฒนาครูและบุคลากร | R74: =SUM(D74:Q74) -> 0 | S74: ='602'!$S$6 -> 15 | T74: =(100/R74)*S74 -> #DIV/0! | U74: =R74-S74 -> -15
A75: =Note!$B$2 -> 2565 | B75: 603 | C75: โครงการด้านการพัฒนาคุณภาพสถานศึกษา | R75: =SUM(D75:Q75) -> 0 | S75: ='603'!$S$6 -> 20 | T75: =(100/R75)*S75 -> #DIV/0! | U75: =R75-S75 -> -20
A76: =Note!$B$2 -> 2565 | B76: 604 | C76: โครงการด้านการประกันคุณภาพภายใน | R76: =SUM(D76:Q76) -> 0 | S76: ='604'!$S$6 -> 25 | T76: =(100/R76)*S76 -> #DIV/0! | U76: =R76-S76 -> -25
A77: =Note!$B$2 -> 2565 | B77: 605 | C77: โครงการยาและเวชภัณฑ์ | R77: =SUM(D77:Q77) -> 0 | S77: ='605'!$S$6 -> 30 | T77: =(100/R77)*S77 -> #DIV/0! | U77: =R77-S77 -> -30
A78: =Note!$B$2 -> 2565 | B78: 606 | C78: โครงการปฐมนิเทศ คู่มือ นักเรียนนักศึกษาใหมา ปวช. ปวส. ปี2565 | R78: =SUM(D78:Q78) -> 0 | S78: ='606'!$S$6 -> 35 | T78: =(100/R78)*S78 -> #DIV/0! | U78: =R78-S78 -> -35
A79: =Note!$B$2 -> 2565 | B79: 607 | C79: โครงการตรวจสุขภาพนักเรียนนักศึกษา | R79: =SUM(D79:Q79) -> 0 | S79: ='607'!$S$6 -> 40 | T79: =(100/R79)*S79 -> #DIV/0! | U79: =R79-S79 -> -40
A80: =Note!$B$2 -> 2565 | B80: 608 | C80: โครงการประกันอุบัติเหตุ นักเรียน นักศึกษา | R80: =SUM(D80:Q80) -> 0 | S80: ='608'!$S$6 -> 45 | T80: =(100/R80)*S80 -> #DIV/0! | U80: =R80-S80 -> -45
A81: =Note!$B$2 -> 2565 | B81: 609 | C81: โครงการจัดทำบัตรนักเรียน นักศึกษา ประจำปี 2565 | R81: =SUM(D81:Q81) -> 0 | S81: ='609'!$S$6 -> 50 | T81: =(100/R81)*S81 -> #DIV/0! | U81: =R81-S81 -> -50
A82: =Note!$B$2 -> 2565 | B82: 610 | C82: โครงการศึกษาดูงานเพิ่มประสิทธิภาพบุคลากร เชียงราย | P82: 1180 | R82: =SUM(D82:Q82) -> 1180 | S82: ='610'!$S$6 -> 1180 | T82: =(100/R82)*S82 -> 100 | U82: =R82-S82 -> 0
A83: 7. งบลงทุน (ที่ดิน สิ่งก่อสร้าง และครุภัณฑ์)
A84: =Note!$B$2 -> 2565 | B84: 701 | C84: ชุดปฏิบัติการเขียนแบบด้วยคอมพิวเตอร์ | D84: 1500000 | R84: =SUM(D84:Q84) -> 1500000 | S84: ='701'!$S$6 -> 1328600 | T84: =(100/R84)*S84 -> 88.573333 | U84: =R84-S84 -> 171400
A85: =Note!$B$2 -> 2565 | B85: 702 | C85: ชุดครุภัณฑ์ห้องเรียนอัจฉริยะ | D85: 2000000 | R85: =SUM(D85:Q85) -> 2000000 | S85: ='702'!$S$6 -> 10 | T85: =(100/R85)*S85 -> 0.0005 | U85: =R85-S85 -> 1999990
A86: =Note!$B$2 -> 2565 | B86: 703 | C86: วัสดุมุงหลังคาเมทัลชีท | D86: 5660700 | R86: =SUM(D86:Q86) -> 5660700 | S86: ='703'!$S$6 -> 2547000 | T86: =(100/R86)*S86 -> 44.994435 | U86: =R86-S86 -> 3113700
A87: =Note!$B$2 -> 2565 | B87: 704 | C87: สำรอง 4 | R87: =SUM(D87:Q87) -> 0 | S87: ='704'!$S$6 -> 20 | T87: =(100/R87)*S87 -> #DIV/0! | U87: =R87-S87 -> -20
A88: =Note!$B$2 -> 2565 | B88: 705 | C88: สำรอง 5 | R88: =SUM(D88:Q88) -> 0 | S88: ='705'!$S$6 -> 25 | T88: =(100/R88)*S88 -> #DIV/0! | U88: =R88-S88 -> -25
A89: 8. งบอุดหนุน
A90: =Note!$B$2 -> 2565 | B90: 801 | C90: ค่าหนังสือเรียน | R90: =SUM(D90:Q90) -> 0 | S90: ='801'!$S$6 -> 0 | T90: =(100/R90)*S90 -> #DIV/0! | U90: =R90-S90 -> 0
A91: =Note!$B$2 -> 2565 | B91: 802 | C91: ค่าเครื่องแบบนักเรียน | R91: =SUM(D91:Q91) -> 0 | S91: ='802'!$S$6 -> 0 | T91: =(100/R91)*S91 -> #DIV/0! | U91: =R91-S91 -> 0
A92: =Note!$B$2 -> 2565 | B92: 803 | C92: ค่าอุปกรณ์การเรียน | K92: 135240 | R92: =SUM(D92:Q92) -> 135240 | S92: ='803'!$S$6 -> 135240 | T92: =(100/R92)*S92 -> 100 | U92: =R92-S92 -> 0
A93: =Note!$B$2 -> 2565 | B93: 804 | C93: ค่ากิจกรรมพัฒนาคุณภาพผู้เรียน | J93: =69520 -> 69520 | R93: =SUM(D93:Q93) -> 69520 | S93: ='804'!$S$6 -> 69520 | T93: =(100/R93)*S93 -> 100 | U93: =R93-S93 -> 0
A94: =Note!$B$2 -> 2565 | B94: 805 | C94: ค่าเครื่องมือประจำตัวผู้เรียน | R94: =SUM(D94:Q94) -> 0 | S94: ='805'!$S$6 -> 0 | T94: =(100/R94)*S94 -> #DIV/0! | U94: =R94-S94 -> 0
A95: =Note!$B$2 -> 2565 | B95: 806 | C95: ค่าจัดการเรียนการสอน | G95: =15816 -> 15816 | R95: =SUM(D95:Q95) -> 15816 | S95: ='806'!$S$6 -> 15816 | T95: =(100/R95)*S95 -> 100 | U95: =R95-S95 -> 0
A96: =Note!$B$2 -> 2565 | B96: 807 | C96: สำรอง 2 | R96: =SUM(D96:Q96) -> 0 | S96: ='807'!$S$6 -> 35 | T96: =(100/R96)*S96 -> #DIV/0! | U96: =R96-S96 -> -35
A97: =Note!$B$2 -> 2565 | B97: 808 | C97: สำรอง 3 | R97: =SUM(D97:Q97) -> 0 | S97: ='808'!$S$6 -> 40 | T97: =(100/R97)*S97 -> #DIV/0! | U97: =R97-S97 -> -40
A98: =Note!$B$2 -> 2565 | B98: 809 | C98: สำรอง 4 | R98: =SUM(D98:Q98) -> 0 | S98: ='809'!$S$6 -> 25 | T98: =(100/R98)*S98 -> #DIV/0! | U98: =R98-S98 -> -25
A99: =Note!$B$2 -> 2565 | B99: 810 | C99: สำรอง 5 | R99: =SUM(D99:Q99) -> 0 | S99: ='810'!$S$6 -> 50 | T99: =(100/R99)*S99 -> #DIV/0! | U99: =R99-S99 -> -50
A100: 9. งบรายจ่ายอื่น (โครงการตามนโยบายต่างๆ)
A101: =Note!$B$2 -> 2565 | B101: 901 | C101: โครงการโรงเรียนตามรอยพระยุคลบาทฯ | R101: =SUM(D101:Q101) -> 0 | S101: ='901'!$S$6 -> 1 | T101: =(100/R101)*S101 -> #DIV/0! | U101: =R101-S101 -> -1
...

Sheet 101
A1: กลับไปที่หน้าจัดสรร งปม.
E2: =Note!$B$1 -> วิทยาลัยการอาชีพนวมินทราชินีแม่ฮ่องสอน
E3: เงินงบประมาณ | H3: เงินอุดหนุน | O3: งบรายจ่ายอื่น | Q3: เงิน บกศ. | S3: รวม
E4: ปวช. | F4: ปวส. | G4: ระยะสั้น | H4: จัดการเรียน | I4: หนังสือ | J4: เครื่องแบบ | K4: กิจกรรม | L4: อุปกรณ์ | M4: เครื่องมือ | N4: ทั่วไป | O4: โครงการ | P4: เงินนอกงบ | Q4: เงินรายได้ | R4: เงินรับฝาก
D5: ได้รับมา | E5: ='จัดสรร งปม.'!D10 -> 765050 | F5: ='จัดสรร งปม.'!E10 -> 0 | G5: ='จัดสรร งปม.'!F10 -> 0 | H5: ='จัดสรร งปม.'!G10 -> 0 | I5: ='จัดสรร งปม.'!H10 -> 0 | J5: ='จัดสรร งปม.'!I10 -> 0 | K5: ='จัดสรร งปม.'!J10 -> 0 | L5: ='จัดสรร งปม.'!K10 -> 0 | N5: ='จัดสรร งปม.'!L10 -> 0 | P5: ='จัดสรร งปม.'!N10 -> 0 | Q5: ='จัดสรร งปม.'!P10 -> 0 | R5: ='จัดสรร งปม.'!Q10 -> 0 | S5: ='จัดสรร งปม.'!R10 -> 765050
D6: ใช้ไปแล้ว | E6: =SUM(E11:E45) -> 765000 | F6: =SUM(F11:F45) -> 0 | G6: =SUM(G11:G45) -> 0 | H6: =SUM(H11:H45) -> 0 | I6: =SUM(I11:I45) -> 0 | J6: =SUM(J11:J45) -> 0 | K6: =SUM(K11:K45) -> 0 | L6: =SUM(L11:L45) -> 0 | N6: =SUM(N11:N45) -> 0 | P6: =SUM(P11:P45) -> 0 | Q6: =SUM(Q11:Q45) -> 0 | R6: =SUM(R11:R45) -> 0 | S6: =SUM(S11:S45) -> 765000
B7: งบบุคลากร | D7: เหลือ | E7: =E5-E6 -> 50 | F7: =F5-F6 -> 0 | G7: =G5-G6 -> 0 | H7: =H5-H6 -> 0 | I7: =I5-I6 -> 0 | J7: =J5-J6 -> 0 | K7: =K5-K6 -> 0 | L7: =L5-L6 -> 0 | N7: =N5-N6 -> 0 | P7: =P5-P6 -> 0 | Q7: =Q5-Q6 -> 0 | R7: =R5-R6 -> 0 | S7: =S5-S6 -> 50
B8: รหัสรายการจ่าย | C8: ='จัดสรร งปม.'!$B$10 -> 101
B9: รายการจ่าย | C9: ='จัดสรร งปม.'!$C$10 -> เงินเดือนพนักงานราชการ
A10: รหัส | B10: วันที่ | C10: ชื่อผู้ขอใช้ | D10: แผนก/งาน | E10: ปวช. | F10: ปวส. | G10: ระยะสั้น | H10: อุดหนุน | I10: หนังสือ | J10: เครื่องแบบ | K10: กิจกรรม | L10: อุปกรณ์ | M10: =M4 -> เครื่องมือ | N10: =N4 -> ทั่วไป | O10: =+O4 -> โครงการ | P10: =+P4 -> เงินนอกงบ | Q10: เงินรายได้ | R10: เงินรับฝาก | S10: รวม
A11: 001 | B11: 26 ต.ค. 64 | C11: นางอำโนญ พัฒนกสิกร | D11: การเงิน | E11: 147120 | S11: =SUM(E11:R11) -> 147120
A12: 002 | B12: 17 พ.ย.64 | C12: นางอำโนญ พัฒนกสิกร | D12: การเงิน | E12: 147120 | S12: =SUM(E12:R12) -> 147120
A13: 003 | B13: 9 ธ.ค. 64 | C13: นางอำโนญ พัฒนกสิกร | D13: การเงิน | E13: 147120 | S13: =SUM(E13:R13) -> 147120
A14: 004 | B14: 17 ม.ค. 65 | C14: นางอำโนญ พัฒนกสิกร | D14: การเงิน | E14: 147120 | S14: =SUM(E14:R14) -> 147120
A15: 005 | B15: 21 ก.พ.65 | C15: นางอำโนญ พัฒนกสิกร | D15: การเงิน | E15: 147120 | S15: =SUM(E15:R15) -> 147120
A16: 006 | B16: 4 มี.ค. 65 | C16: นางอำโนญ พัฒนกสิกร | D16: การเงิน | E16: 29400 | S16: =SUM(E16:R16) -> 29400
A17: 007 | S17: =SUM(E17:R17) -> 0
A18: 008 | S18: =SUM(E18:R18) -> 0
A19: 009 | S19: =SUM(E19:R19) -> 0
A20: 010 | S20: =SUM(E20:R20) -> 0
A21: 011 | S21: =SUM(E21:R21) -> 0
A22: 012 | S22: =SUM(E22:R22) -> 0
A23: 013 | S23: =SUM(E23:R23) -> 0
A24: 014 | S24: =SUM(E24:R24) -> 0
A25: 015 | S25: =SUM(E25:R25) -> 0
A26: 016 | S26: =SUM(E26:R26) -> 0
A27: 017 | S27: =SUM(E27:R27) -> 0
A28: 018 | S28: =SUM(E28:R28) -> 0
... A45: 035 | S45: =SUM(E45:R45) -> 0

Sheet 102
A1: กลับไปที่หน้าจัดสรร งปม.
E2: =Note!$B$1 -> วิทยาลัยการอาชีพนวมินทราชินีแม่ฮ่องสอน
E3: เงินงบประมาณ | H3: เงินอุดหนุน | O3: งบรายจ่ายอื่น | Q3: เงิน บกศ. | S3: รวม
E4: ปวช. | F4: ปวส. | G4: ระยะสั้น | H4: จัดการเรียน | I4: หนังสือ | J4: เครื่องแบบ | K4: กิจกรรม | L4: อุปกรณ์ | M4: เครื่องมือ | N4: ทั่วไป | O4: โครงการ | P4: เงินนอกงบ | Q4: เงินรายได้ | R4: เงินรับฝาก
D5: ได้รับมา | E5: ='จัดสรร งปม.'!D11 -> 0 | F5: ='จัดสรร งปม.'!E11 -> 0 | G5: ='จัดสรร งปม.'!F11 -> 0 | H5: ='จัดสรร งปม.'!G11 -> 0 | I5: ='จัดสรร งปม.'!H11 -> 0 | J5: ='จัดสรร งปม.'!I11 -> 0 | K5: ='จัดสรร งปม.'!J11 -> 0 | L5: ='จัดสรร งปม.'!K11 -> 0 | N5: ='จัดสรร งปม.'!L11 -> 0 | P5: ='จัดสรร งปม.'!N11 -> 0 | Q5: ='จัดสรร งปม.'!P11 -> 0 | R5: ='จัดสรร งปม.'!Q11 -> 0 | S5: ='จัดสรร งปม.'!R11 -> 0
D6: ใช้ไปแล้ว | E6: =SUM(E11:E45) -> 0 | F6: =SUM(F11:F45) -> 0 | G6: =SUM(G11:G45) -> 0 | H6: =SUM(H11:H45) -> 0 | I6: =SUM(I11:I45) -> 0 | J6: =SUM(J11:J45) -> 0 | K6: =SUM(K11:K45) -> 0 | L6: =SUM(L11:L45) -> 0 | N6: =SUM(N11:N45) -> 0 | P6: =SUM(P11:P45) -> 0 | Q6: =SUM(Q11:Q45) -> 0 | R6: =SUM(R11:R45) -> 0 | S6: =SUM(S11:S45) -> 0
B7: งบบุคลากร | D7: เหลือ | E7: =E5-E6 -> 0 | F7: =F5-F6 -> 0 | G7: =G5-G6 -> 0 | H7: =H5-H6 -> 0 | I7: =I5-I6 -> 0 | J7: =J5-J6 -> 0 | K7: =K5-K6 -> 0 | L7: =L5-L6 -> 0 | N7: =N5-N6 -> 0 | P7: =P5-P6 -> 0 | Q7: =Q5-Q6 -> 0 | R7: =R5-R6 -> 0 | S7: =S5-S6 -> 0
B8: รหัสรายการจ่าย | C8: ='จัดสรร งปม.'!$B$11 -> 102
B9: รายการจ่าย | C9: ='จัดสรร งปม.'!$C$11 -> สำรอง 1
A10: รหัส | B10: วันที่ | C10: ชื่อผู้ขอใช้ | D10: แผนก/งาน | E10: ปวช. | F10: ปวส. | G10: ระยะสั้น | H10: อุดหนุน | I10: หนังสือ | J10: เครื่องแบบ | K10: กิจกรรม | L10: อุปกรณ์ | M10: เครื่องมือ | N10: ทั่วไป | O10: =+O4 -> โครงการ | P10: =+P4 -> เงินนอกงบ | Q10: เงินรายได้ | R10: เงินรับฝาก | S10: รวม
A11: 001 | S11: =SUM(E11:R11) -> 0
A12: 002 | S12: =SUM(E12:R12) -> 0
A13: 003 | S13: =SUM(E13:R13) -> 0
A14: 004 | S14: =SUM(E14:R14) -> 0
A15: 005 | S15: =SUM(E15:R15) -> 0
A16: 006 | S16: =SUM(E16:R16) -> 0
A17: 007 | S17: =SUM(E17:R17) -> 0
A18: 008 | S18: =SUM(E18:R18) -> 0
A19: 009 | S19: =SUM(E19:R19) -> 0
A20: 010 | S20: =SUM(E20:R20) -> 0
A21: 011 | S21: =SUM(E21:R21) -> 0
A22: 012 | S22: =SUM(E22:R22) -> 0
... A45: 035 | S45: =SUM(E45:R45) -> 0

Sheet 103
A1: กลับไปที่หน้าจัดสรร งปม.
E2: =Note!$B$1 -> วิทยาลัยการอาชีพนวมินทราชินีแม่ฮ่องสอน
E3: เงินงบประมาณ | H3: เงินอุดหนุน | O3: งบรายจ่ายอื่น | Q3: เงิน บกศ. | S3: รวม
E4: ปวช. | F4: ปวส. | G4: ระยะสั้น | H4: จัดการเรียน | I4: หนังสือ | J4: เครื่องแบบ | K4: กิจกรรม | L4: อุปกรณ์ | M4: เครื่องมือ | N4: ทั่วไป | O4: โครงการ | P4: เงินนอกงบ | Q4: เงินรายได้ | R4: เงินรับฝาก
D5: ได้รับมา | E5: ='จัดสรร งปม.'!D12 -> 0 | F5: ='จัดสรร งปม.'!E12 -> 0 | G5: ='จัดสรร งปม.'!F12 -> 0 | H5: ='จัดสรร งปม.'!G12 -> 0 | I5: ='จัดสรร งปม.'!H12 -> 0 | J5: ='จัดสรร งปม.'!I12 -> 0 | K5: ='จัดสรร งปม.'!J12 -> 0 | L5: ='จัดสรร งปม.'!K12 -> 0 | N5: ='จัดสรร งปม.'!L12 -> 0 | P5: ='จัดสรร งปม.'!N12 -> 0 | Q5: ='จัดสรร งปม.'!P12 -> 0 | R5: ='จัดสรร งปม.'!Q12 -> 0 | S5: ='จัดสรร งปม.'!R12 -> 0
D6: ใช้ไปแล้ว | E6: =SUM(E11:E45) -> 0 | F6: =SUM(F11:F45) -> 0 | G6: =SUM(G11:G45) -> 0 | H6: =SUM(H11:H45) -> 0 | I6: =SUM(I11:I45) -> 0 | J6: =SUM(J11:J45) -> 0 | K6: =SUM(K11:K45) -> 0 | L6: =SUM(L11:L45) -> 0 | N6: =SUM(N11:N45) -> 0 | P6: =SUM(P11:P45) -> 0 | Q6: =SUM(Q11:Q45) -> 0 | R6: =SUM(R11:R45) -> 0 | S6: =SUM(S11:S45) -> 0
B7: งบบุคลากร | D7: เหลือ | E7: =E5-E6 -> 0 | F7: =F5-F6 -> 0 | G7: =G5-G6 -> 0 | H7: =H5-H6 -> 0 | I7: =I5-I6 -> 0 | J7: =J5-J6 -> 0 | K7: =K5-K6 -> 0 | L7: =L5-L6 -> 0 | N7: =N5-N6 -> 0 | P7: =P5-P6 -> 0 | Q7: =Q5-Q6 -> 0 | R7: =R5-R6 -> 0 | S7: =S5-S6 -> 0
B8: รหัสรายการจ่าย | C8: ='จัดสรร งปม.'!$B$12 -> 103
B9: รายการจ่าย | C9: ='จัดสรร งปม.'!$C$12 -> สำรอง 2
A10: รหัส | B10: วันที่ | C10: ชื่อผู้ขอใช้ | D10: แผนก/งาน | E10: ปวช. | F10: ปวส. | G10: ระยะสั้น | H10: อุดหนุน | I10: หนังสือ | J10: เครื่องแบบ | K10: กิจกรรม | L10: อุปกรณ์ | M10: เครื่องมือ | N10: ทั่วไป | O10: =+O4 -> โครงการ | P10: =+P4 -> เงินนอกงบ | Q10: เงินรายได้ | R10: เงินรับฝาก | S10: รวม
A11: 001 | S11: =SUM(E11:R11) -> 0
A12: 002 | S12: =SUM(E12:R12) -> 0
A13: 003 | S13: =SUM(E13:R13) -> 0
A14: 004 | S14: =SUM(E14:R14) -> 0
A15: 005 | S15: =SUM(E15:R15) -> 0
A16: 006 | S16: =SUM(E16:R16) -> 0
A17: 007 | S17: =SUM(E17:R17) -> 0
A18: 008 | S18: =SUM(E18:R18) -> 0
A19: 009 | S19: =SUM(E19:R19) -> 0
A20: 010 | S20: =SUM(E20:R20) -> 0
A21: 011 | S21: =SUM(E21:R21) -> 0
A22: 012 | S22: =SUM(E22:R22) -> 0
... A45: 035 | S45: =SUM(E45:R45) -> 0

Sheet 104
A1: กลับไปที่หน้าจัดสรร งปม.
E2: =Note!$B$1 -> วิทยาลัยการอาชีพนวมินทราชินีแม่ฮ่องสอน
E3: เงินงบประมาณ | H3: เงินอุดหนุน | O3: งบรายจ่ายอื่น | Q3: เงิน บกศ. | S3: รวม
E4: ปวช. | F4: ปวส. | G4: ระยะสั้น | H4: จัดการเรียน | I4: หนังสือ | J4: เครื่องแบบ | K4: กิจกรรม | L4: อุปกรณ์ | M4: เครื่องมือ | N4: ทั่วไป | O4: โครงการ | P4: เงินนอกงบ | Q4: เงินรายได้ | R4: เงินรับฝาก
D5: ได้รับมา | E5: ='จัดสรร งปม.'!D13 -> 0 | F5: ='จัดสรร งปม.'!E13 -> 0 | G5: ='จัดสรร งปม.'!F13 -> 0 | H5: ='จัดสรร งปม.'!G13 -> 0 | I5: ='จัดสรร งปม.'!H13 -> 0 | J5: ='จัดสรร งปม.'!I13 -> 0 | K5: ='จัดสรร งปม.'!J13 -> 0 | L5: ='จัดสรร งปม.'!K13 -> 0 | N5: ='จัดสรร งปม.'!L13 -> 0 | P5: ='จัดสรร งปม.'!N13 -> 0 | Q5: ='จัดสรร งปม.'!P13 -> 0 | R5: ='จัดสรร งปม.'!Q13 -> 0 | S5: ='จัดสรร งปม.'!R13 -> 0
D6: ใช้ไปแล้ว | E6: =SUM(E11:E45) -> 0 | F6: =SUM(F11:F45) -> 0 | G6: =SUM(G11:G45) -> 0 | H6: =SUM(H11:H45) -> 0 | I6: =SUM(I11:I45) -> 0 | J6: =SUM(J11:J45) -> 0 | K6: =SUM(K11:K45) -> 0 | L6: =SUM(L11:L45) -> 0 | N6: =SUM(N11:N45) -> 0 | P6: =SUM(P11:P45) -> 0 | Q6: =SUM(Q11:Q45) -> 0 | R6: =SUM(R11:R45) -> 0 | S6: =SUM(S11:S45) -> 0
B7: งบบุคลากร | D7: เหลือ | E7: =E5-E6 -> 0 | F7: =F5-F6 -> 0 | G7: =G5-G6 -> 0 | H7: =H5-H6 -> 0 | I7: =I5-I6 -> 0 | J7: =J5-J6 -> 0 | K7: =K5-K6 -> 0 | L7: =L5-L6 -> 0 | N7: =N5-N6 -> 0 | P7: =P5-P6 -> 0 | Q7: =Q5-Q6 -> 0 | R7: =R5-R6 -> 0 | S7: =S5-S6 -> 0
B8: รหัสรายการจ่าย | C8: ='จัดสรร งปม.'!$B$13 -> 104
B9: รายการจ่าย | C9: ='จัดสรร งปม.'!$C$13 -> สำรอง 3
A10: รหัส | B10: วันที่ | C10: ชื่อผู้ขอใช้ | D10: แผนก/งาน | E10: ปวช. | F10: ปวส. | G10: ระยะสั้น | H10: อุดหนุน | I10: หนังสือ | J10: เครื่องแบบ | K10: กิจกรรม | L10: อุปกรณ์ | M10: เครื่องมือ | N10: ทั่วไป | O10: =+O4 -> โครงการ | P10: =+P4 -> เงินนอกงบ | Q10: เงินรายได้ | R10: เงินรับฝาก | S10: รวม
A11: 001 | S11: =SUM(E11:R11) -> 0
A12: 002 | S12: =SUM(E12:R12) -> 0
A13: 003 | S13: =SUM(E13:R13) -> 0
A14: 004 | S14: =SUM(E14:R14) -> 0
A15: 005 | S15: =SUM(E15:R15) -> 0
A16: 006 | S16: =SUM(E16:R16) -> 0
A17: 007 | S17: =SUM(E17:R17) -> 0
A18: 008 | S18: =SUM(E18:R18) -> 0
A19: 009 | S19: =SUM(E19:R19) -> 0
A20: 010 | S20: =SUM(E20:R20) -> 0
A21: 011 | S21: =SUM(E21:R21) -> 0
A22: 012 | S22: =SUM(E22:R22) -> 0
... A45: 035 | S45: =SUM(E45:R45) -> 0

Sheet 105
A1: กลับไปที่หน้าจัดสรร งปม.
E2: =Note!$B$1 -> วิทยาลัยการอาชีพนวมินทราชินีแม่ฮ่องสอน
E3: เงินงบประมาณ | H3: เงินอุดหนุน | O3: งบรายจ่ายอื่น | Q3: เงิน บกศ. | S3: รวม
E4: ปวช. | F4: ปวส. | G4: ระยะสั้น | H4: จัดการเรียน | I4: หนังสือ | J4: เครื่องแบบ | K4: กิจกรรม | L4: อุปกรณ์ | M4: เครื่องมือ | N4: ทั่วไป | O4: โครงการ | P4: เงินนอกงบ | Q4: เงินรายได้ | R4: เงินรับฝาก
D5: ได้รับมา | E5: ='จัดสรร งปม.'!D14 -> 0 | F5: ='จัดสรร งปม.'!E14 -> 0 | G5: ='จัดสรร งปม.'!F14 -> 0 | H5: ='จัดสรร งปม.'!G14 -> 0 | I5: ='จัดสรร งปม.'!H14 -> 0 | J5: ='จัดสรร งปม.'!I14 -> 0 | K5: ='จัดสรร งปม.'!J14 -> 0 | L5: ='จัดสรร งปม.'!K14 -> 0 | N5: ='จัดสรร งปม.'!L14 -> 0 | P5: ='จัดสรร งปม.'!N14 -> 0 | Q5: ='จัดสรร งปม.'!P14 -> 0 | R5: ='จัดสรร งปม.'!Q14 -> 0 | S5: ='จัดสรร งปม.'!R14 -> 0
D6: ใช้ไปแล้ว | E6: =SUM(E11:E45) -> 0 | F6: =SUM(F11:F45) -> 0 | G6: =SUM(G11:G45) -> 0 | H6: =SUM(H11:H45) -> 0 | I6: =SUM(I11:I45) -> 0 | J6: =SUM(J11:J45) -> 0 | K6: =SUM(K11:K45) -> 0 | L6: =SUM(L11:L45) -> 0 | N6: =SUM(N11:N45) -> 0 | P6: =SUM(P11:P45) -> 0 | Q6: =SUM(Q11:Q45) -> 0 | R6: =SUM(R11:R45) -> 0 | S6: =SUM(S11:S45) -> 0
B7: งบบุคลากร | D7: เหลือ | E7: =E5-E6 -> 0 | F7: =F5-F6 -> 0 | G7: =G5-G6 -> 0 | H7: =H5-H6 -> 0 | I7: =I5-I6 -> 0 | J7: =J5-J6 -> 0 | K7: =K5-K6 -> 0 | L7: =L5-L6 -> 0 | N7: =N5-N6 -> 0 | P7: =P5-P6 -> 0 | Q7: =Q5-Q6 -> 0 | R7: =R5-R6 -> 0 | S7: =S5-S6 -> 0
B8: รหัสรายการจ่าย | C8: ='จัดสรร งปม.'!$B$14 -> 105
B9: รายการจ่าย | C9: ='จัดสรร งปม.'!$C$14 -> สำรอง 4
A10: รหัส | B10: วันที่ | C10: ชื่อผู้ขอใช้ | D10: แผนก/งาน | E10: ปวช. | F10: ปวส. | G10: ระยะสั้น | H10: อุดหนุน | I10: หนังสือ | J10: เครื่องแบบ | K10: กิจกรรม | L10: อุปกรณ์ | M10: เครื่องมือ | N10: ทั่วไป | O10: =+O4 -> โครงการ | P10: =+P4 -> เงินนอกงบ | Q10: เงินรายได้ | R10: เงินรับฝาก | S10: รวม
A11: 001 | S11: =SUM(E11:R11) -> 0
A12: 002 | S12: =SUM(E12:R12) -> 0
A13: 003 | S13: =SUM(E13:R13) -> 0
A14: 004 | S14: =SUM(E14:R14) -> 0
A15: 005 | S15: =SUM(E15:R15) -> 0
A16: 006 | S16: =SUM(E16:R16) -> 0
A17: 007 | S17: =SUM(E17:R17) -> 0
A18: 008 | S18: =SUM(E18:R18) -> 0
A19: 009 | S19: =SUM(E19:R19) -> 0
A20: 010 | S20: =SUM(E20:R20) -> 0
A21: 011 | S21: =SUM(E21:R21) -> 0
A22: 012 | S22: =SUM(E22:R22) -> 0
... A45: 035 | S45: =SUM(E45:R45) -> 0

Sheet 201
A1: กลับไปที่หน้าจัดสรร งปม.
E2: =Note!$B$1 -> วิทยาลัยการอาชีพนวมินทราชินีแม่ฮ่องสอน
E3: เงินงบประมาณ | H3: เงินอุดหนุน | O3: งบรายจ่ายอื่น | Q3: เงิน บกศ. | S3: รวม
E4: ปวช. | F4: ปวส. | G4: ระยะสั้น | H4: จัดการเรียน | I4: หนังสือ | J4: เครื่องแบบ | K4: กิจกรรม | L4: อุปกรณ์ | M4: เครื่องมือ | N4: ทั่วไป | O4: โครงการ | P4: เงินนอกงบ | Q4: เงินรายได้ | R4: เงินรับฝาก
D5: ได้รับมา | E5: ='จัดสรร งปม.'!D16 -> 0 | F5: ='จัดสรร งปม.'!E16 -> 0 | G5: ='จัดสรร งปม.'!F16 -> 0 | H5: ='จัดสรร งปม.'!G16 -> 0 | I5: ='จัดสรร งปม.'!H16 -> 0 | J5: ='จัดสรร งปม.'!I16 -> 0 | K5: ='จัดสรร งปม.'!J16 -> 0 | L5: ='จัดสรร งปม.'!K16 -> 0 | N5: ='จัดสรร งปม.'!L16 -> 0 | P5: ='จัดสรร งปม.'!N16 -> 0 | Q5: ='จัดสรร งปม.'!P16 -> 0 | R5: ='จัดสรร งปม.'!Q16 -> 0 | S5: ='จัดสรร งปม.'!R16 -> 0
D6: ใช้ไปแล้ว | E6: =SUM(E11:E45) -> 0 | F6: =SUM(F11:F45) -> 0 | G6: =SUM(G11:G45) -> 0 | H6: =SUM(H11:H45) -> 0 | I6: =SUM(I11:I45) -> 0 | J6: =SUM(J11:J45) -> 0 | K6: =SUM(K11:K45) -> 0 | L6: =SUM(L11:L45) -> 0 | N6: =SUM(N11:N45) -> 0 | P6: =SUM(P11:P45) -> 0 | Q6: =SUM(Q11:Q45) -> 0 | R6: =SUM(R11:R45) -> 0 | S6: =SUM(S11:S45) -> 0
B7: งบดำเนินงาน (ค่าตอบแทน) | D7: เหลือ | E7: =E5-E6 -> 0 | F7: =F5-F6 -> 0 | G7: =G5-G6 -> 0 | H7: =H5-H6 -> 0 | I7: =I5-I6 -> 0 | J7: =J5-J6 -> 0 | K7: =K5-K6 -> 0 | L7: =L5-L6 -> 0 | N7: =N5-N6 -> 0 | P7: =P5-P6 -> 0 | Q7: =Q5-Q6 -> 0 | R7: =R5-R6 -> 0 | S7: =S5-S6 -> 0
B8: รหัสรายการจ่าย | C8: ='จัดสรร งปม.'!$B$16 -> 201
B9: รายการจ่าย | C9: ='จัดสรร งปม.'!$C$16 -> ค่าตอบแทนพิเศษพนักงานราชการ
A10: รหัส | B10: วันที่ | C10: ชื่อผู้ขอใช้ | D10: แผนก/งาน | E10: ปวช. | F10: ปวส. | G10: ระยะสั้น | H10: อุดหนุน | I10: หนังสือ | J10: เครื่องแบบ | K10: กิจกรรม | L10: อุปกรณ์ | M10: เครื่องมือ | N10: ทั่วไป | O10: =+O4 -> โครงการ | P10: =+P4 -> เงินนอกงบ | Q10: เงินรายได้ | R10: เงินรับฝาก | S10: รวม
A11: 001 | S11: =SUM(E11:R11) -> 0
A12: 002 | S12: =SUM(E12:R12) -> 0
A13: 003 | S13: =SUM(E13:R13) -> 0
A14: 004 | S14: =SUM(E14:R14) -> 0
A15: 005 | S15: =SUM(E15:R15) -> 0
A16: 006 | S16: =SUM(E16:R16) -> 0
A17: 007 | S17: =SUM(E17:R17) -> 0
A18: 008 | S18: =SUM(E18:R18) -> 0
A19: 009 | S19: =SUM(E19:R19) -> 0
A20: 010 | S20: =SUM(E20:R20) -> 0
A21: 011 | S21: =SUM(E21:R21) -> 0
A22: 012 | S22: =SUM(E22:R22) -> 0
... A45: 035 | S45: =SUM(E45:R45) -> 0

Sheet 202
A1: กลับไปที่หน้าจัดสรร งปม.
E2: =Note!$B$1 -> วิทยาลัยการอาชีพนวมินทราชินีแม่ฮ่องสอน
E3: เงินงบประมาณ | H3: เงินอุดหนุน | O3: งบรายจ่ายอื่น | Q3: เงิน บกศ. | S3: รวม
E4: ปวช. | F4: ปวส. | G4: ระยะสั้น | H4: จัดการเรียน | I4: หนังสือ | J4: เครื่องแบบ | K4: กิจกรรม | L4: อุปกรณ์ | M4: เครื่องมือ | N4: ทั่วไป | O4: โครงการ | P4: เงินนอกงบ | Q4: เงินรายได้ | R4: เงินรับฝาก
D5: ได้รับมา | E5: ='จัดสรร งปม.'!D17 -> 0 | F5: ='จัดสรร งปม.'!E17 -> 0 | G5: ='จัดสรร งปม.'!F17 -> 0 | H5: ='จัดสรร งปม.'!G17 -> 169920 | I5: ='จัดสรร งปม.'!H17 -> 0 | J5: ='จัดสรร งปม.'!I17 -> 0 | K5: ='จัดสรร งปม.'!J17 -> 0 | L5: ='จัดสรร งปม.'!K17 -> 0 | N5: ='จัดสรร งปม.'!L17 -> 0 | P5: ='จัดสรร งปม.'!N17 -> 0 | Q5: ='จัดสรร งปม.'!P17 -> 0 | R5: ='จัดสรร งปม.'!Q17 -> 0 | S5: ='จัดสรร งปม.'!R17 -> 169920
D6: ใช้ไปแล้ว | E6: =SUM(E11:E45) -> 0 | F6: =SUM(F11:F45) -> 0 | G6: =SUM(G11:G45) -> 0 | H6: =SUM(H11:H45) -> 169920 | I6: =SUM(I11:I45) -> 0 | J6: =SUM(J11:J45) -> 0 | K6: =SUM(K11:K45) -> 0 | L6: =SUM(L11:L45) -> 0 | N6: =SUM(N11:N45) -> 0 | P6: =SUM(P11:P45) -> 0 | Q6: =SUM(Q11:Q45) -> 0 | R6: =SUM(R11:R45) -> 0 | S6: =SUM(S11:S45) -> 169920
B7: งบดำเนินงาน (ค่าตอบแทน) | D7: เหลือ | E7: =E5-E6 -> 0 | F7: =F5-F6 -> 0 | G7: =G5-G6 -> 0 | H7: =H5-H6 -> 0 | I7: =I5-I6 -> 0 | J7: =J5-J6 -> 0 | K7: =K5-K6 -> 0 | L7: =L5-L6 -> 0 | N7: =N5-N6 -> 0 | P7: =P5-P6 -> 0 | Q7: =Q5-Q6 -> 0 | R7: =R5-R6 -> 0 | S7: =S5-S6 -> 0
B8: รหัสรายการจ่าย | C8: ='จัดสรร งปม.'!$B$17 -> 202
B9: รายการจ่าย | C9: ='จัดสรร งปม.'!$C$17 -> ค่าสอนเกินภาระงาน
A10: รหัส | B10: วันที่ | C10: ชื่อผู้ขอใช้ | D10: แผนก/งาน | E10: ปวช. | F10: ปวส. | G10: ระยะสั้น | H10: อุดหนุน | I10: หนังสือ | J10: เครื่องแบบ | K10: กิจกรรม | L10: อุปกรณ์ | M10: เครื่องมือ | N10: ทั่วไป | O10: =+O4 -> โครงการ | P10: =+P4 -> เงินนอกงบ | Q10: เงินรายได้ | R10: เงินรับฝาก | S10: รวม
A11: 001 | B11: 21 ธ.ค.64 | C11: นางกานดา เอี่ยมกระสินธ์ | D11: สามัญ | H11: 169920 | S11: =SUM(E11:R11) -> 169920
A12: 002 | S12: =SUM(E12:R12) -> 0
A13: 003 | S13: =SUM(E13:R13) -> 0
A14: 004 | S14: =SUM(E14:R14) -> 0
A15: 005 | S15: =SUM(E15:R15) -> 0
A16: 006 | S16: =SUM(E16:R16) -> 0
A17: 007 | S17: =SUM(E17:R17) -> 0
A18: 008 | S18: =SUM(E18:R18) -> 0
A19: 009 | S19: =SUM(E19:R19) -> 0
A20: 010 | S20: =SUM(E20:R20) -> 0
A21: 011 | S21: =SUM(E21:R21) -> 0
A22: 012 | S22: =SUM(E22:R22) -> 0
A23: 013 | S23: =SUM(E23:R23) -> 0
... A45: 035 | S45: =SUM(E45:R45) -> 0

Sheet 203
A1: กลับไปที่หน้าจัดสรร งปม.
E2: =Note!$B$1 -> วิทยาลัยการอาชีพนวมินทราชินีแม่ฮ่องสอน
E3: เงินงบประมาณ | H3: เงินอุดหนุน | O3: งบรายจ่ายอื่น | Q3: เงิน บกศ. | S3: รวม
E4: ปวช. | F4: ปวส. | G4: ระยะสั้น | H4: จัดการเรียน | I4: หนังสือ | J4: เครื่องแบบ | K4: กิจกรรม | L4: อุปกรณ์ | M4: เครื่องมือ | N4: ทั่วไป | O4: โครงการ | P4: เงินนอกงบ | Q4: เงินรายได้ | R4: เงินรับฝาก
D5: ได้รับมา | E5: ='จัดสรร งปม.'!D18 -> 0 | F5: ='จัดสรร งปม.'!E18 -> 0 | G5: ='จัดสรร งปม.'!F18 -> 0 | H5: ='จัดสรร งปม.'!G18 -> 0 | I5: ='จัดสรร งปม.'!H18 -> 0 | J5: ='จัดสรร งปม.'!I18 -> 0 | K5: ='จัดสรร งปม.'!J18 -> 0 | L5: ='จัดสรร งปม.'!K18 -> 0 | N5: ='จัดสรร งปม.'!L18 -> 0 | P5: ='จัดสรร งปม.'!N18 -> 0 | Q5: ='จัดสรร งปม.'!P18 -> 0 | R5: ='จัดสรร งปม.'!Q18 -> 0 | S5: ='จัดสรร งปม.'!R18 -> 0
D6: ใช้ไปแล้ว | E6: =SUM(E11:E45) -> 0 | F6: =SUM(F11:F45) -> 0 | G6: =SUM(G11:G45) -> 0 | H6: =SUM(H11:H45) -> 0 | I6: =SUM(I11:I45) -> 0 | J6: =SUM(J11:J45) -> 0 | K6: =SUM(K11:K45) -> 0 | L6: =SUM(L11:L45) -> 0 | N6: =SUM(N11:N45) -> 0 | P6: =SUM(P11:P45) -> 0 | Q6: =SUM(Q11:Q45) -> 0 | R6: =SUM(R11:R45) -> 0 | S6: =SUM(S11:S45) -> 0
B7: งบดำเนินงาน (ค่าตอบแทน) | D7: เหลือ | E7: =E5-E6 -> 0 | F7: =F5-F6 -> 0 | G7: =G5-G6 -> 0 | H7: =H5-H6 -> 0 | I7: =I5-I6 -> 0 | J7: =J5-J6 -> 0 | K7: =K5-K6 -> 0 | L7: =L5-L6 -> 0 | N7: =N5-N6 -> 0 | P7: =P5-P6 -> 0 | Q7: =Q5-Q6 -> 0 | R7: =R5-R6 -> 0 | S7: =S5-S6 -> 0
B8: รหัสรายการจ่าย | C8: ='จัดสรร งปม.'!$B$18 -> 203
B9: รายการจ่าย | C9: ='จัดสรร งปม.'!$C$18 -> ค่าธุรการนอกเวลา
A10: รหัส | B10: วันที่ | C10: ชื่อผู้ขอใช้ | D10: แผนก/งาน | E10: ปวช. | F10: ปวส. | G10: ระยะสั้น | H10: อุดหนุน | I10: หนังสือ | J10: เครื่องแบบ | K10: กิจกรรม | L10: อุปกรณ์ | M10: เครื่องมือ | N10: ทั่วไป | O10: =+O4 -> โครงการ | P10: =+P4 -> เงินนอกงบ | Q10: เงินรายได้ | R10: เงินรับฝาก | S10: รวม
A11: 001 | S11: =SUM(E11:R11) -> 0
A12: 002 | S12: =SUM(E12:R12) -> 0
A13: 003 | S13: =SUM(E13:R13) -> 0
A14: 004 | S14: =SUM(E14:R14) -> 0
A15: 005 | S15: =SUM(E15:R15) -> 0
A16: 006 | S16: =SUM(E16:R16) -> 0
A17: 007 | S17: =SUM(E17:R17) -> 0
A18: 008 | S18: =SUM(E18:R18) -> 0
A19: 009 | S19: =SUM(E19:R19) -> 0
A20: 010 | S20: =SUM(E20:R20) -> 0
A21: 011 | S21: =SUM(E21:R21) -> 0
A22: 012 | S22: =SUM(E22:R22) -> 0
... A45: 035 | S45: =SUM(E45:R45) -> 0

Sheet 204
A1: กลับไปที่หน้าจัดสรร งปม.
E2: =Note!$B$1 -> วิทยาลัยการอาชีพนวมินทราชินีแม่ฮ่องสอน
E3: เงินงบประมาณ | H3: เงินอุดหนุน | O3: งบรายจ่ายอื่น | Q3: เงิน บกศ. | S3: รวม
E4: ปวช. | F4: ปวส. | G4: ระยะสั้น | H4: จัดการเรียน | I4: หนังสือ | J4: เครื่องแบบ | K4: กิจกรรม | L4: อุปกรณ์ | M4: เครื่องมือ | N4: ทั่วไป | O4: โครงการ | P4: เงินนอกงบ | Q4: เงินรายได้ | R4: เงินรับฝาก
D5: ได้รับมา | E5: ='จัดสรร งปม.'!D19 -> 0 | F5: ='จัดสรร งปม.'!E19 -> 0 | G5: ='จัดสรร งปม.'!F19 -> 0 | H5: ='จัดสรร งปม.'!G19 -> 0 | I5: ='จัดสรร งปม.'!H19 -> 0 | J5: ='จัดสรร งปม.'!I19 -> 0 | K5: ='จัดสรร งปม.'!J19 -> 0 | L5: ='จัดสรร งปม.'!K19 -> 0 | N5: ='จัดสรร งปม.'!L19 -> 0 | P5: ='จัดสรร งปม.'!N19 -> 0 | Q5: ='จัดสรร งปม.'!P19 -> 0 | R5: ='จัดสรร งปม.'!Q19 -> 0 | S5: ='จัดสรร งปม.'!R19 -> 0
D6: ใช้ไปแล้ว | E6: =SUM(E11:E45) -> 0 | F6: =SUM(F11:F45) -> 0 | G6: =SUM(G11:G45) -> 0 | H6: =SUM(H11:H45) -> 0 | I6: =SUM(I11:I45) -> 0 | J6: =SUM(J11:J45) -> 0 | K6: =SUM(K11:K45) -> 0 | L6: =SUM(L11:L45) -> 0 | N6: =SUM(N11:N45) -> 0 | P6: =SUM(P11:P45) -> 0 | Q6: =SUM(Q11:Q45) -> 0 | R6: =SUM(R11:R45) -> 0 | S6: =SUM(S11:S45) -> 0
B7: งบดำเนินงาน (ค่าตอบแทน) | D7: เหลือ | E7: =E5-E6 -> 0 | F7: =F5-F6 -> 0 | G7: =G5-G6 -> 0 | H7: =H5-H6 -> 0 | I7: =I5-I6 -> 0 | J7: =J5-J6 -> 0 | K7: =K5-K6 -> 0 | L7: =L5-L6 -> 0 | N7: =N5-N6 -> 0 | P7: =P5-P6 -> 0 | Q7: =Q5-Q6 -> 0 | R7: =R5-R6 -> 0 | S7: =S5-S6 -> 0
B8: รหัสรายการจ่าย | C8: ='จัดสรร งปม.'!$B$19 -> 204
B9: รายการจ่าย | C9: ='จัดสรร งปม.'!$C$19 -> ค่าสอนภาคฤดูร้อน
A10: รหัส | B10: วันที่ | C10: ชื่อผู้ขอใช้ | D10: แผนก/งาน | E10: ปวช. | F10: ปวส. | G10: ระยะสั้น | H10: อุดหนุน | I10: หนังสือ | J10: เครื่องแบบ | K10: กิจกรรม | L10: อุปกรณ์ | M10: เครื่องมือ | N10: ทั่วไป | O10: =+O4 -> โครงการ | P10: =+P4 -> เงินนอกงบ | Q10: เงินรายได้ | R10: เงินรับฝาก | S10: รวม
A11: 001 | S11: =SUM(E11:R11) -> 0
A12: 002 | S12: =SUM(E12:R12) -> 0
A13: 003 | S13: =SUM(E13:R13) -> 0
A14: 004 | S14: =SUM(E14:R14) -> 0
A15: 005 | S15: =SUM(E15:R15) -> 0
A16: 006 | S16: =SUM(E16:R16) -> 0
A17: 007 | S17: =SUM(E17:R17) -> 0
A18: 008 | S18: =SUM(E18:R18) -> 0
A19: 009 | S19: =SUM(E19:R19) -> 0
A20: 010 | S20: =SUM(E20:R20) -> 0
A21: 011 | S21: =SUM(E21:R21) -> 0
A22: 012 | S22: =SUM(E22:R22) -> 0
... A45: 035 | S45: =SUM(E45:R45) -> 0

Sheet 205
A1: กลับไปที่หน้าจัดสรร งปม.
E2: =Note!$B$1 -> วิทยาลัยการอาชีพนวมินทราชินีแม่ฮ่องสอน
E3: เงินงบประมาณ | H3: เงินอุดหนุน | O3: งบรายจ่ายอื่น | Q3: เงิน บกศ. | S3: รวม
E4: ปวช. | F4: ปวส. | G4: ระยะสั้น | H4: จัดการเรียน | I4: หนังสือ | J4: เครื่องแบบ | K4: กิจกรรม | L4: อุปกรณ์ | M4: เครื่องมือ | N4: ทั่วไป | O4: โครงการ | P4: เงินนอกงบ | Q4: เงินรายได้ | R4: เงินรับฝาก
D5: ได้รับมา | E5: ='จัดสรร งปม.'!D20 -> 0 | F5: ='จัดสรร งปม.'!E20 -> 0 | G5: ='จัดสรร งปม.'!F20 -> 0 | H5: ='จัดสรร งปม.'!G20 -> 0 | I5: ='จัดสรร งปม.'!H20 -> 0 | J5: ='จัดสรร งปม.'!I20 -> 0 | K5: ='จัดสรร งปม.'!J20 -> 0 | L5: ='จัดสรร งปม.'!K20 -> 0 | N5: ='จัดสรร งปม.'!L20 -> 0 | P5: ='จัดสรร งปม.'!N20 -> 0 | Q5: ='จัดสรร งปม.'!P20 -> 0 | R5: ='จัดสรร งปม.'!Q20 -> 0 | S5: ='จัดสรร งปม.'!R20 -> 0
D6: ใช้ไปแล้ว | E6: =SUM(E11:E45) -> 0 | F6: =SUM(F11:F45) -> 0 | G6: =SUM(G11:G45) -> 0 | H6: =SUM(H11:H45) -> 0 | I6: =SUM(I11:I45) -> 0 | J6: =SUM(J11:J45) -> 0 | K6: =SUM(K11:K45) -> 0 | L6: =SUM(L11:L45) -> 0 | N6: =SUM(N11:N45) -> 0 | P6: =SUM(P11:P45) -> 0 | Q6: =SUM(Q11:Q45) -> 0 | R6: =SUM(R11:R45) -> 0 | S6: =SUM(S11:S45) -> 0
B7: งบดำเนินงาน (ค่าตอบแทน) | D7: เหลือ | E7: =E5-E6 -> 0 | F7: =F5-F6 -> 0 | G7: =G5-G6 -> 0 | H7: =H5-H6 -> 0 | I7: =I5-I6 -> 0 | J7: =J5-J6 -> 0 | K7: =K5-K6 -> 0 | L7: =L5-L6 -> 0 | N7: =N5-N6 -> 0 | P7: =P5-P6 -> 0 | Q7: =Q5-Q6 -> 0 | R7: =R5-R6 -> 0 | S7: =S5-S6 -> 0
B8: รหัสรายการจ่าย | C8: ='จัดสรร งปม.'!$B$20 -> 205
B9: รายการจ่าย | C9: ='จัดสรร งปม.'!$C$20 -> ค่าสอนเทียบโอน
A10: รหัส | B10: วันที่ | C10: ชื่อผู้ขอใช้ | D10: แผนก/งาน | E10: ปวช. | F10: ปวส. | G10: ระยะสั้น | H10: อุดหนุน | I10: หนังสือ | J10: เครื่องแบบ | K10: กิจกรรม | L10: อุปกรณ์ | M10: เครื่องมือ | N10: ทั่วไป | O10: =+O4 -> โครงการ | P10: =+P4 -> เงินนอกงบ | Q10: เงินรายได้ | R10: เงินรับฝาก | S10: รวม
A11: 001 | S11: =SUM(E11:R11) -> 0
A12: 002 | S12: =SUM(E12:R12) -> 0
A13: 003 | S13: =SUM(E13:R13) -> 0
A14: 004 | S14: =SUM(E14:R14) -> 0
A15: 005 | S15: =SUM(E15:R15) -> 0
A16: 006 | S16: =SUM(E16:R16) -> 0
A17: 007 | S17: =SUM(E17:R17) -> 0
A18: 008 | S18: =SUM(E18:R18) -> 0
A19: 009 | S19: =SUM(E19:R19) -> 0
A20: 010 | S20: =SUM(E20:R20) -> 0
A21: 011 | S21: =SUM(E21:R21) -> 0
A22: 012 | S22: =SUM(E22:R22) -> 0
... A45: 035 | S45: =SUM(E45:R45) -> 0

Sheet 206
A1: กลับไปที่หน้าจัดสรร งปม.
E2: =Note!$B$1 -> วิทยาลัยการอาชีพนวมินทราชินีแม่ฮ่องสอน
E3: เงินงบประมาณ | H3: เงินอุดหนุน | O3: งบรายจ่ายอื่น | Q3: เงิน บกศ. | S3: รวม
E4: ปวช. | F4: ปวส. | G4: ระยะสั้น | H4: จัดการเรียน | I4: หนังสือ | J4: เครื่องแบบ | K4: กิจกรรม | L4: อุปกรณ์ | M4: เครื่องมือ | N4: ทั่วไป | O4: โครงการ | P4: เงินนอกงบ | Q4: เงินรายได้ | R4: เงินรับฝาก
D5: ได้รับมา | E5: ='จัดสรร งปม.'!D21 -> 0 | F5: ='จัดสรร งปม.'!E21 -> 0 | G5: ='จัดสรร งปม.'!F21 -> 0 | H5: ='จัดสรร งปม.'!G21 -> 1019820 | I5: ='จัดสรร งปม.'!H21 -> 0 | J5: ='จัดสรร งปม.'!I21 -> 0 | K5: ='จัดสรร งปม.'!J21 -> 0 | L5: ='จัดสรร งปม.'!K21 -> 0 | N5: ='จัดสรร งปม.'!L21 -> 0 | P5: ='จัดสรร งปม.'!N21 -> 0 | Q5: ='จัดสรร งปม.'!P21 -> 0 | R5: ='จัดสรร งปม.'!Q21 -> 0 | S5: ='จัดสรร งปม.'!R21 -> 1019820
D6: ใช้ไปแล้ว | E6: =SUM(E11:E45) -> 0 | F6: =SUM(F11:F45) -> 0 | G6: =SUM(G11:G45) -> 0 | H6: =SUM(H11:H45) -> 1019820 | I6: =SUM(I11:I45) -> 0 | J6: =SUM(J11:J45) -> 0 | K6: =SUM(K11:K45) -> 0 | L6: =SUM(L11:L45) -> 0 | N6: =SUM(N11:N45) -> 0 | P6: =SUM(P11:P45) -> 0 | Q6: =SUM(Q11:Q45) -> 0 | R6: =SUM(R11:R45) -> 0 | S6: =SUM(S11:S45) -> 1019820
B7: งบดำเนินงาน (ค่าตอบแทน) | D7: เหลือ | E7: =E5-E6 -> 0 | F7: =F5-F6 -> 0 | G7: =G5-G6 -> 0 | H7: =H5-H6 -> 0 | I7: =I5-I6 -> 0 | J7: =J5-J6 -> 0 | K7: =K5-K6 -> 0 | L7: =L5-L6 -> 0 | N7: =N5-N6 -> 0 | P7: =P5-P6 -> 0 | Q7: =Q5-Q6 -> 0 | R7: =R5-R6 -> 0 | S7: =S5-S6 -> 0
B8: รหัสรายการจ่าย | C8: ='จัดสรร งปม.'!$B$21 -> 206
B9: รายการจ่าย | C9: ='จัดสรร งปม.'!$C$21 -> ค่าจ้างครูรายเดือน
A10: รหัส | B10: วันที่ | C10: ชื่อผู้ขอใช้ | D10: แผนก/งาน | E10: ปวช. | F10: ปวส. | G10: ระยะสั้น | H10: อุดหนุน | I10: หนังสือ | J10: เครื่องแบบ | K10: กิจกรรม | L10: อุปกรณ์ | M10: เครื่องมือ | N10: ทั่วไป | O10: =+O4 -> โครงการ | P10: =+P4 -> เงินนอกงบ | Q10: เงินรายได้ | R10: เงินรับฝาก | S10: รวม
A11: 001 | B11: 8 ธ.ค.64 | C11: นางอำโนญ พัฒนกสิกร | D11: การเงิน | H11: 238200 | S11: =SUM(E11:R11) -> 238200
A12: 002 | B12: 8 ธ.ค.64 | C12: นางอำโนญ พัฒนกสิกร | D12: การเงิน | H12: 260540 | S12: =SUM(E12:R12) -> 260540
A13: 003 | B13: 9 ธ.ค.64 | C13: นางอำโนญ พัฒนกสิกร | D13: การเงิน | H13: 260540 | S13: =SUM(E13:R13) -> 260540
A14: 004 | B14: 18 ม.ค.65 | C14: นางอำโนญ พัฒนกสิกร | D14: การเงิน | H14: 260540 | S14: =SUM(E14:R14) -> 260540
A15: 005 | S15: =SUM(E15:R15) -> 0
A16: 006 | S16: =SUM(E16:R16) -> 0
A17: 007 | S17: =SUM(E17:R17) -> 0
A18: 008 | S18: =SUM(E18:R18) -> 0
A19: 009 | S19: =SUM(E19:R19) -> 0
A20: 010 | S20: =SUM(E20:R20) -> 0
A21: 011 | S21: =SUM(E21:R21) -> 0
A22: 012 | S22: =SUM(E22:R22) -> 0
A23: 013 | S23: =SUM(E23:R23) -> 0
A24: 014 | S24: =SUM(E24:R24) -> 0
A25: 015 | S25: =SUM(E25:R25) -> 0
A26: 016 | S26: =SUM(E26:R26) -> 0
... A45: 035 | S45: =SUM(E45:R45) -> 0

Sheet 207
A1: กลับไปที่หน้าจัดสรร งปม.
E2: =Note!$B$1 -> วิทยาลัยการอาชีพนวมินทราชินีแม่ฮ่องสอน
E3: เงินงบประมาณ | H3: เงินอุดหนุน | O3: งบรายจ่ายอื่น | Q3: เงิน บกศ. | S3: รวม
E4: ปวช. | F4: ปวส. | G4: ระยะสั้น | H4: จัดการเรียน | I4: หนังสือ | J4: เครื่องแบบ | K4: กิจกรรม | L4: อุปกรณ์ | M4: เครื่องมือ | N4: ทั่วไป | O4: โครงการ | P4: เงินนอกงบ | Q4: เงินรายได้ | R4: เงินรับฝาก
D5: ได้รับมา | E5: ='จัดสรร งปม.'!D22 -> 0 | F5: ='จัดสรร งปม.'!E22 -> 0 | G5: ='จัดสรร งปม.'!F22 -> 0 | H5: ='จัดสรร งปม.'!G22 -> 656837.45 | I5: ='จัดสรร งปม.'!H22 -> 0 | J5: ='จัดสรร งปม.'!I22 -> 0 | K5: ='จัดสรร งปม.'!J22 -> 0 | L5: ='จัดสรร งปม.'!K22 -> 0 | N5: ='จัดสรร งปม.'!L22 -> 0 | P5: ='จัดสรร งปม.'!N22 -> 0 | Q5: ='จัดสรร งปม.'!P22 -> 0 | R5: ='จัดสรร งปม.'!Q22 -> 0 | S5: ='จัดสรร งปม.'!R22 -> 656837.45
D6: ใช้ไปแล้ว | E6: =SUM(E11:E45) -> 0 | F6: =SUM(F11:F45) -> 0 | G6: =SUM(G11:G45) -> 0 | H6: =SUM(H11:H45) -> 656837.45 | I6: =SUM(I11:I45) -> 0 | J6: =SUM(J11:J45) -> 0 | K6: =SUM(K11:K45) -> 0 | L6: =SUM(L11:L45) -> 0 | N6: =SUM(N11:N45) -> 0 | P6: =SUM(P11:P45) -> 0 | Q6: =SUM(Q11:Q45) -> 0 | R6: =SUM(R11:R45) -> 0 | S6: =SUM(S11:S45) -> 656837.45
B7: งบดำเนินงาน (ค่าตอบแทน) | D7: เหลือ | E7: =E5-E6 -> 0 | F7: =F5-F6 -> 0 | G7: =G5-G6 -> 0 | H7: =H5-H6 -> 0 | I7: =I5-I6 -> 0 | J7: =J5-J6 -> 0 | K7: =K5-K6 -> 0 | L7: =L5-L6 -> 0 | N7: =N5-N6 -> 0 | P7: =P5-P6 -> 0 | Q7: =Q5-Q6 -> 0 | R7: =R5-R6 -> 0 | S7: =S5-S6 -> 0
B8: รหัสรายการจ่าย | C8: ='จัดสรร งปม.'!$B$22 -> 207
B9: รายการจ่าย | C9: ='จัดสรร งปม.'!$C$22 -> ค่าจ้างเจ้าหน้าที่รายเดือน
A10: รหัส | B10: วันที่ | C10: ชื่อผู้ขอใช้ | D10: แผนก/งาน | E10: ปวช. | F10: ปวส. | G10: ระยะสั้น | H10: =+H4 -> จัดการเรียน | I10: หนังสือ | J10: เครื่องแบบ | K10: กิจกรรม | L10: อุปกรณ์ | M10: เครื่องมือ | N10: ทั่วไป | O10: =+O4 -> โครงการ | P10: =+P4 -> เงินนอกงบ | Q10: เงินรายได้ | R10: เงินรับฝาก | S10: รวม
A11: 001 | B11: 8 ธ.ค. 64 | C11: นางอำโนญ พัฒนากสิกร | D11: การเงิน | H11: 171026.45 | S11: =SUM(E11:R11) -> 171026.45
A12: 002 | B12: 8 ธ.ค. 64 | C12: นางอำโนญ พัฒนากสิกร | D12: การเงิน | H12: 167120.67 | S12: =SUM(E12:R12) -> 167120.67
A13: 003 | B13: 9 ธ.ค. 64 | C13: นางอำโนญ พัฒนากสิกร | D13: การเงิน | H13: 169600.33 | S13: =SUM(E13:R13) -> 169600.33
A14: 004 | B14: 15 มี.ค. 65 | C14: นางอำโนญ พัฒนากสิกร | D14: การเงิน | H14: 149090 | S14: =SUM(E14:R14) -> 149090
A15: 005 | S15: =SUM(E15:R15) -> 0
A16: 006 | S16: =SUM(E16:R16) -> 0
A17: 007 | S17: =SUM(E17:R17) -> 0
A18: 008 | S18: =SUM(E18:R18) -> 0
A19: 009 | S19: =SUM(E19:R19) -> 0
A20: 010 | S20: =SUM(E20:R20) -> 0
A21: 011 | S21: =SUM(E21:R21) -> 0
A22: 012 | S22: =SUM(E22:R22) -> 0
A23: 013 | S23: =SUM(E23:R23) -> 0
A24: 014 | S24: =SUM(E24:R24) -> 0
A25: 015 | S25: =SUM(E25:R25) -> 0
A26: 016 | S26: =SUM(E26:R26) -> 0
... A45: 035 | S45: =SUM(E45:R45) -> 0

Sheet 208
A1: กลับไปที่หน้าจัดสรร งปม.
E2: =Note!$B$1 -> วิทยาลัยการอาชีพนวมินทราชินีแม่ฮ่องสอน
E3: เงินงบประมาณ | H3: เงินอุดหนุน | O3: งบรายจ่ายอื่น | Q3: เงิน บกศ. | S3: รวม
E4: ปวช. | F4: ปวส. | G4: ระยะสั้น | H4: จัดการเรียน | I4: หนังสือ | J4: เครื่องแบบ | K4: กิจกรรม | L4: อุปกรณ์ | M4: เครื่องมือ | N4: ทั่วไป | O4: โครงการ | P4: เงินนอกงบ | Q4: เงินรายได้ | R4: เงินรับฝาก
D5: ได้รับมา | E5: ='จัดสรร งปม.'!D23 -> 0 | F5: ='จัดสรร งปม.'!E23 -> 0 | G5: ='จัดสรร งปม.'!F23 -> 0 | H5: ='จัดสรร งปม.'!G23 -> 0 | I5: ='จัดสรร งปม.'!H23 -> 0 | J5: ='จัดสรร งปม.'!I23 -> 0 | K5: ='จัดสรร งปม.'!J23 -> 0 | L5: ='จัดสรร งปม.'!K23 -> 0 | N5: ='จัดสรร งปม.'!L23 -> 0 | P5: ='จัดสรร งปม.'!N23 -> 0 | Q5: ='จัดสรร งปม.'!P23 -> 0 | R5: ='จัดสรร งปม.'!Q23 -> 0 | S5: ='จัดสรร งปม.'!R23 -> 0
D6: ใช้ไปแล้ว | E6: =SUM(E11:E45) -> 0 | F6: =SUM(F11:F45) -> 0 | G6: =SUM(G11:G45) -> 0 | H6: =SUM(H11:H45) -> 0 | I6: =SUM(I11:I45) -> 0 | J6: =SUM(J11:J45) -> 0 | K6: =SUM(K11:K45) -> 0 | L6: =SUM(L11:L45) -> 0 | N6: =SUM(N11:N45) -> 0 | P6: =SUM(P11:P45) -> 0 | Q6: =SUM(Q11:Q45) -> 0 | R6: =SUM(R11:R45) -> 0 | S6: =SUM(S11:S45) -> 0
B7: งบดำเนินงาน (ค่าตอบแทน) | D7: เหลือ | E7: =E5-E6 -> 0 | F7: =F5-F6 -> 0 | G7: =G5-G6 -> 0 | H7: =H5-H6 -> 0 | I7: =I5-I6 -> 0 | J7: =J5-J6 -> 0 | K7: =K5-K6 -> 0 | L7: =L5-L6 -> 0 | N7: =N5-N6 -> 0 | P7: =P5-P6 -> 0 | Q7: =Q5-Q6 -> 0 | R7: =R5-R6 -> 0 | S7: =S5-S6 -> 0
B8: รหัสรายการจ่าย | C8: ='จัดสรร งปม.'!$B$23 -> 208
B9: รายการจ่าย | C9: ='จัดสรร งปม.'!$C$23 -> ค่าครองชีพครูรายเดือน
A10: รหัส | B10: วันที่ | C10: ชื่อผู้ขอใช้ | D10: แผนก/งาน | E10: ปวช. | F10: ปวส. | G10: ระยะสั้น | H10: อุดหนุน | I10: หนังสือ | J10: เครื่องแบบ | K10: กิจกรรม | L10: อุปกรณ์ | M10: เครื่องมือ | N10: ทั่วไป | O10: =+O4 -> โครงการ | P10: =+P4 -> เงินนอกงบ | Q10: เงินรายได้ | R10: เงินรับฝาก | S10: รวม
A11: 001 | S11: =SUM(E11:R11) -> 0
A12: 002 | S12: =SUM(E12:R12) -> 0
A13: 003 | S13: =SUM(E13:R13) -> 0
A14: 004 | S14: =SUM(E14:R14) -> 0
A15: 005 | S15: =SUM(E15:R15) -> 0
A16: 006 | S16: =SUM(E16:R16) -> 0
A17: 007 | S17: =SUM(E17:R17) -> 0
A18: 008 | S18: =SUM(E18:R18) -> 0
A19: 009 | S19: =SUM(E19:R19) -> 0
A20: 010 | S20: =SUM(E20:R20) -> 0
A21: 011 | S21: =SUM(E21:R21) -> 0
A22: 012 | S22: =SUM(E22:R22) -> 0
... A45: 035 | S45: =SUM(E45:R45) -> 0

Sheet 209
A1: กลับไปที่หน้าจัดสรร งปม.
E2: =Note!$B$1 -> วิทยาลัยการอาชีพนวมินทราชินีแม่ฮ่องสอน
E3: เงินงบประมาณ | H3: เงินอุดหนุน | O3: งบรายจ่ายอื่น | Q3: เงิน บกศ. | S3: รวม
E4: ปวช. | F4: ปวส. | G4: ระยะสั้น | H4: จัดการเรียน | I4: หนังสือ | J4: เครื่องแบบ | K4: กิจกรรม | L4: อุปกรณ์ | M4: เครื่องมือ | N4: ทั่วไป | O4: โครงการ | P4: เงินนอกงบ | Q4: เงินรายได้ | R4: เงินรับฝาก
D5: ได้รับมา | E5: ='จัดสรร งปม.'!D24 -> 0 | F5: ='จัดสรร งปม.'!E24 -> 0 | G5: ='จัดสรร งปม.'!F24 -> 0 | H5: ='จัดสรร งปม.'!G24 -> 0 | I5: ='จัดสรร งปม.'!H24 -> 0 | J5: ='จัดสรร งปม.'!I24 -> 0 | K5: ='จัดสรร งปม.'!J24 -> 0 | L5: ='จัดสรร งปม.'!K24 -> 0 | N5: ='จัดสรร งปม.'!L24 -> 0 | P5: ='จัดสรร งปม.'!N24 -> 0 | Q5: ='จัดสรร งปม.'!P24 -> 0 | R5: ='จัดสรร งปม.'!Q24 -> 0 | S5: ='จัดสรร งปม.'!R24 -> 0
D6: ใช้ไปแล้ว | E6: =SUM(E11:E45) -> 0 | F6: =SUM(F11:F45) -> 0 | G6: =SUM(G11:G45) -> 0 | H6: =SUM(H11:H45) -> 0 | I6: =SUM(I11:I45) -> 0 | J6: =SUM(J11:J45) -> 0 | K6: =SUM(K11:K45) -> 0 | L6: =SUM(L11:L45) -> 0 | N6: =SUM(N11:N45) -> 0 | P6: =SUM(P11:P45) -> 0 | Q6: =SUM(Q11:Q45) -> 0 | R6: =SUM(R11:R45) -> 0 | S6: =SUM(S11:S45) -> 0
B7: งบดำเนินงาน (ค่าตอบแทน) | D7: เหลือ | E7: =E5-E6 -> 0 | F7: =F5-F6 -> 0 | G7: =G5-G6 -> 0 | H7: =H5-H6 -> 0 | I7: =I5-I6 -> 0 | J7: =J5-J6 -> 0 | K7: =K5-K6 -> 0 | L7: =L5-L6 -> 0 | N7: =N5-N6 -> 0 | P7: =P5-P6 -> 0 | Q7: =Q5-Q6 -> 0 | R7: =R5-R6 -> 0 | S7: =S5-S6 -> 0
B8: รหัสรายการจ่าย | C8: ='จัดสรร งปม.'!$B$24 -> 209
B9: รายการจ่าย | C9: ='จัดสรร งปม.'!$C$24 -> ค่าครองชีพเจ้าหน้าที่รายเดือน
A10: รหัส | B10: วันที่ | C10: ชื่อผู้ขอใช้ | D10: แผนก/งาน | E10: ปวช. | F10: ปวส. | G10: ระยะสั้น | H10: อุดหนุน | I10: หนังสือ | J10: เครื่องแบบ | K10: กิจกรรม | L10: อุปกรณ์ | M10: เครื่องมือ | N10: ทั่วไป | O10: =+O4 -> โครงการ | P10: =+P4 -> เงินนอกงบ | Q10: เงินรายได้ | R10: เงินรับฝาก | S10: รวม
A11: 001 | S11: =SUM(E11:R11) -> 0
A12: 002 | S12: =SUM(E12:R12) -> 0
A13: 003 | S13: =SUM(E13:R13) -> 0
A14: 004 | S14: =SUM(E14:R14) -> 0
A15: 005 | S15: =SUM(E15:R15) -> 0
A16: 006 | S16: =SUM(E16:R16) -> 0
A17: 007 | S17: =SUM(E17:R17) -> 0
A18: 008 | S18: =SUM(E18:R18) -> 0
A19: 009 | S19: =SUM(E19:R19) -> 0
A20: 010 | S20: =SUM(E20:R20) -> 0
A21: 011 | S21: =SUM(E21:R21) -> 0
A22: 012 | S22: =SUM(E22:R22) -> 0
... A45: 035 | S45: =SUM(E45:R45) -> 0

Sheet 210
A1: กลับไปที่หน้าจัดสรร งปม.
E2: =Note!$B$1 -> วิทยาลัยการอาชีพนวมินทราชินีแม่ฮ่องสอน
E3: เงินงบประมาณ | H3: เงินอุดหนุน | O3: งบรายจ่ายอื่น | Q3: เงิน บกศ. | S3: รวม
E4: ปวช. | F4: ปวส. | G4: ระยะสั้น | H4: จัดการเรียน | I4: หนังสือ | J4: เครื่องแบบ | K4: กิจกรรม | L4: อุปกรณ์ | M4: เครื่องมือ | N4: ทั่วไป | O4: โครงการ | P4: เงินนอกงบ | Q4: เงินรายได้ | R4: เงินรับฝาก
D5: ได้รับมา | E5: ='จัดสรร งปม.'!D25 -> 0 | F5: ='จัดสรร งปม.'!E25 -> 0 | G5: ='จัดสรร งปม.'!F25 -> 0 | H5: ='จัดสรร งปม.'!G25 -> 0 | I5: ='จัดสรร งปม.'!H25 -> 0 | J5: ='จัดสรร งปม.'!I25 -> 0 | K5: ='จัดสรร งปม.'!J25 -> 0 | L5: ='จัดสรร งปม.'!K25 -> 0 | N5: ='จัดสรร งปม.'!L25 -> 0 | P5: ='จัดสรร งปม.'!N25 -> 0 | Q5: ='จัดสรร งปม.'!P25 -> 0 | R5: ='จัดสรร งปม.'!Q25 -> 0 | S5: ='จัดสรร งปม.'!R25 -> 0
D6: ใช้ไปแล้ว | E6: =SUM(E11:E45) -> 0 | F6: =SUM(F11:F45) -> 0 | G6: =SUM(G11:G45) -> 0 | H6: =SUM(H11:H45) -> 0 | I6: =SUM(I11:I45) -> 0 | J6: =SUM(J11:J45) -> 0 | K6: =SUM(K11:K45) -> 0 | L6: =SUM(L11:L45) -> 0 | N6: =SUM(N11:N45) -> 0 | P6: =SUM(P11:P45) -> 0 | Q6: =SUM(Q11:Q45) -> 0 | R6: =SUM(R11:R45) -> 0 | S6: =SUM(S11:S45) -> 0
B7: งบดำเนินงาน (ค่าตอบแทน) | D7: เหลือ | E7: =E5-E6 -> 0 | F7: =F5-F6 -> 0 | G7: =G5-G6 -> 0 | H7: =H5-H6 -> 0 | I7: =I5-I6 -> 0 | J7: =J5-J6 -> 0 | K7: =K5-K6 -> 0 | L7: =L5-L6 -> 0 | N7: =N5-N6 -> 0 | P7: =P5-P6 -> 0 | Q7: =Q5-Q6 -> 0 | R7: =R5-R6 -> 0 | S7: =S5-S6 -> 0
B8: รหัสรายการจ่าย | C8: ='จัดสรร งปม.'!$B$25 -> 210
B9: รายการจ่าย | C9: ='จัดสรร งปม.'!$C$25 -> สำรอง 1
A10: รหัส | B10: วันที่ | C10: ชื่อผู้ขอใช้ | D10: แผนก/งาน | E10: ปวช. | F10: ปวส. | G10: ระยะสั้น | H10: อุดหนุน | I10: หนังสือ | J10: เครื่องแบบ | K10: กิจกรรม | L10: อุปกรณ์ | M10: เครื่องมือ | N10: ทั่วไป | O10: =+O4 -> โครงการ | P10: =+P4 -> เงินนอกงบ | Q10: เงินรายได้ | R10: เงินรับฝาก | S10: รวม
A11: 001 | S11: =SUM(E11:R11) -> 0
A12: 002 | S12: =SUM(E12:R12) -> 0
A13: 003 | S13: =SUM(E13:R13) -> 0
A14: 004 | S14: =SUM(E14:R14) -> 0
A15: 005 | S15: =SUM(E15:R15) -> 0
A16: 006 | S16: =SUM(E16:R16) -> 0
A17: 007 | S17: =SUM(E17:R17) -> 0
A18: 008 | S18: =SUM(E18:R18) -> 0
A19: 009 | S19: =SUM(E19:R19) -> 0
A20: 010 | S20: =SUM(E20:R20) -> 0
A21: 011 | S21: =SUM(E21:R21) -> 0
A22: 012 | S22: =SUM(E22:R22) -> 0
... A45: 035 | S45: =SUM(E45:R45) -> 0

Sheet 211
A1: กลับไปที่หน้าจัดสรร งปม.
E2: =Note!$B$1 -> วิทยาลัยการอาชีพนวมินทราชินีแม่ฮ่องสอน
E3: เงินงบประมาณ | H3: เงินอุดหนุน | O3: งบรายจ่ายอื่น | Q3: เงิน บกศ. | S3: รวม
E4: ปวช. | F4: ปวส. | G4: ระยะสั้น | H4: จัดการเรียน | I4: หนังสือ | J4: เครื่องแบบ | K4: กิจกรรม | L4: อุปกรณ์ | M4: เครื่องมือ | N4: ทั่วไป | O4: โครงการ | P4: เงินนอกงบ | Q4: เงินรายได้ | R4: เงินรับฝาก
D5: ได้รับมา | E5: ='จัดสรร งปม.'!D26 -> 0 | F5: ='จัดสรร งปม.'!E26 -> 0 | G5: ='จัดสรร งปม.'!F26 -> 0 | H5: ='จัดสรร งปม.'!G26 -> 0 | I5: ='จัดสรร งปม.'!H26 -> 0 | J5: ='จัดสรร งปม.'!I26 -> 0 | K5: ='จัดสรร งปม.'!J26 -> 0 | L5: ='จัดสรร งปม.'!K26 -> 0 | N5: ='จัดสรร งปม.'!L26 -> 0 | P5: ='จัดสรร งปม.'!N26 -> 0 | Q5: ='จัดสรร งปม.'!P26 -> 0 | R5: ='จัดสรร งปม.'!Q26 -> 0 | S5: ='จัดสรร งปม.'!R26 -> 0
D6: ใช้ไปแล้ว | E6: =SUM(E11:E45) -> 0 | F6: =SUM(F11:F45) -> 0 | G6: =SUM(G11:G45) -> 0 | H6: =SUM(H11:H45) -> 0 | I6: =SUM(I11:I45) -> 0 | J6: =SUM(J11:J45) -> 0 | K6: =SUM(K11:K45) -> 0 | L6: =SUM(L11:L45) -> 0 | N6: =SUM(N11:N45) -> 0 | P6: =SUM(P11:P45) -> 0 | Q6: =SUM(Q11:Q45) -> 0 | R6: =SUM(R11:R45) -> 0 | S6: =SUM(S11:S45) -> 0
B7: งบดำเนินงาน (ค่าตอบแทน) | D7: เหลือ | E7: =E5-E6 -> 0 | F7: =F5-F6 -> 0 | G7: =G5-G6 -> 0 | H7: =H5-H6 -> 0 | I7: =I5-I6 -> 0 | J7: =J5-J6 -> 0 | K7: =K5-K6 -> 0 | L7: =L5-L6 -> 0 | N7: =N5-N6 -> 0 | P7: =P5-P6 -> 0 | Q7: =Q5-Q6 -> 0 | R7: =R5-R6 -> 0 | S7: =S5-S6 -> 0
B8: รหัสรายการจ่าย | C8: ='จัดสรร งปม.'!$B$26 -> 211
B9: รายการจ่าย | C9: ='จัดสรร งปม.'!$C$26 -> สำรอง 2
A10: รหัส | B10: วันที่ | C10: ชื่อผู้ขอใช้ | D10: แผนก/งาน | E10: ปวช. | F10: ปวส. | G10: ระยะสั้น | H10: อุดหนุน | I10: หนังสือ | J10: เครื่องแบบ | K10: กิจกรรม | L10: อุปกรณ์ | M10: เครื่องมือ | N10: ทั่วไป | O10: =+O4 -> โครงการ | P10: =+P4 -> เงินนอกงบ | Q10: เงินรายได้ | R10: เงินรับฝาก | S10: รวม
A11: 001 | S11: =SUM(E11:R11) -> 0
A12: 002 | S12: =SUM(E12:R12) -> 0
A13: 003 | S13: =SUM(E13:R13) -> 0
A14: 004 | S14: =SUM(E14:R14) -> 0
A15: 005 | S15: =SUM(E15:R15) -> 0
A16: 006 | S16: =SUM(E16:R16) -> 0
A17: 007 | S17: =SUM(E17:R17) -> 0
A18: 008 | S18: =SUM(E18:R18) -> 0
A19: 009 | S19: =SUM(E19:R19) -> 0
A20: 010 | S20: =SUM(E20:R20) -> 0
A21: 011 | S21: =SUM(E21:R21) -> 0
A22: 012 | S22: =SUM(E22:R22) -> 0
... A45: 035 | S45: =SUM(E45:R45) -> 0

Sheet 212
A1: กลับไปที่หน้าจัดสรร งปม.
E2: =Note!$B$1 -> วิทยาลัยการอาชีพนวมินทราชินีแม่ฮ่องสอน
E3: เงินงบประมาณ | H3: เงินอุดหนุน | O3: งบรายจ่ายอื่น | Q3: เงิน บกศ. | S3: รวม
E4: ปวช. | F4: ปวส. | G4: ระยะสั้น | H4: จัดการเรียน | I4: หนังสือ | J4: เครื่องแบบ | K4: กิจกรรม | L4: อุปกรณ์ | M4: เครื่องมือ | N4: ทั่วไป | O4: โครงการ | P4: เงินนอกงบ | Q4: เงินรายได้ | R4: เงินรับฝาก
D5: ได้รับมา | E5: ='จัดสรร งปม.'!D27 -> 0 | F5: ='จัดสรร งปม.'!E27 -> 0 | G5: ='จัดสรร งปม.'!F27 -> 0 | H5: ='จัดสรร งปม.'!G27 -> 0 | I5: ='จัดสรร งปม.'!H27 -> 0 | J5: ='จัดสรร งปม.'!I27 -> 0 | K5: ='จัดสรร งปม.'!J27 -> 0 | L5: ='จัดสรร งปม.'!K27 -> 0 | N5: ='จัดสรร งปม.'!L27 -> 0 | P5: ='จัดสรร งปม.'!N27 -> 0 | Q5: ='จัดสรร งปม.'!P27 -> 0 | R5: ='จัดสรร งปม.'!Q27 -> 0 | S5: ='จัดสรร งปม.'!R27 -> 0
D6: ใช้ไปแล้ว | E6: =SUM(E11:E45) -> 0 | F6: =SUM(F11:F45) -> 0 | G6: =SUM(G11:G45) -> 0 | H6: =SUM(H11:H45) -> 0 | I6: =SUM(I11:I45) -> 0 | J6: =SUM(J11:J45) -> 0 | K6: =SUM(K11:K45) -> 0 | L6: =SUM(L11:L45) -> 0 | N6: =SUM(N11:N45) -> 0 | P6: =SUM(P11:P45) -> 0 | Q6: =SUM(Q11:Q45) -> 0 | R6: =SUM(R11:R45) -> 0 | S6: =SUM(S11:S45) -> 0
B7: งบดำเนินงาน (ค่าตอบแทน) | D7: เหลือ | E7: =E5-E6 -> 0 | F7: =F5-F6 -> 0 | G7: =G5-G6 -> 0 | H7: =H5-H6 -> 0 | I7: =I5-I6 -> 0 | J7: =J5-J6 -> 0 | K7: =K5-K6 -> 0 | L7: =L5-L6 -> 0 | N7: =N5-N6 -> 0 | P7: =P5-P6 -> 0 | Q7: =Q5-Q6 -> 0 | R7: =R5-R6 -> 0 | S7: =S5-S6 -> 0
B8: รหัสรายการจ่าย | C8: ='จัดสรร งปม.'!$B$27 -> 212
B9: รายการจ่าย | C9: ='จัดสรร งปม.'!$C$27 -> สำรอง 3
A10: รหัส | B10: วันที่ | C10: ชื่อผู้ขอใช้ | D10: แผนก/งาน | E10: ปวช. | F10: ปวส. | G10: ระยะสั้น | H10: อุดหนุน | I10: หนังสือ | J10: เครื่องแบบ | K10: กิจกรรม | L10: อุปกรณ์ | M10: เครื่องมือ | N10: ทั่วไป | O10: =+O4 -> โครงการ | P10: =+P4 -> เงินนอกงบ | Q10: เงินรายได้ | R10: เงินรับฝาก | S10: รวม
A11: 001 | S11: =SUM(E11:R11) -> 0
A12: 002 | S12: =SUM(E12:R12) -> 0
A13: 003 | S13: =SUM(E13:R13) -> 0
A14: 004 | S14: =SUM(E14:R14) -> 0
A15: 005 | S15: =SUM(E15:R15) -> 0
A16: 006 | S16: =SUM(E16:R16) -> 0
A17: 007 | S17: =SUM(E17:R17) -> 0
A18: 008 | S18: =SUM(E18:R18) -> 0
A19: 009 | S19: =SUM(E19:R19) -> 0
A20: 010 | S20: =SUM(E20:R20) -> 0
A21: 011 | S21: =SUM(E21:R21) -> 0
A22: 012 | S22: =SUM(E22:R22) -> 0
... A45: 035 | S45: =SUM(E45:R45) -> 0

Sheet 213
A1: กลับไปที่หน้าจัดสรร งปม.
E2: =Note!$B$1 -> วิทยาลัยการอาชีพนวมินทราชินีแม่ฮ่องสอน
E3: เงินงบประมาณ | H3: เงินอุดหนุน | O3: งบรายจ่ายอื่น | Q3: เงิน บกศ. | S3: รวม
E4: ปวช. | F4: ปวส. | G4: ระยะสั้น | H4: จัดการเรียน | I4: หนังสือ | J4: เครื่องแบบ | K4: กิจกรรม | L4: อุปกรณ์ | M4: เครื่องมือ | N4: ทั่วไป | O4: โครงการ | P4: เงินนอกงบ | Q4: เงินรายได้ | R4: เงินรับฝาก
D5: ได้รับมา | E5: ='จัดสรร งปม.'!D28 -> 0 | F5: ='จัดสรร งปม.'!E28 -> 0 | G5: ='จัดสรร งปม.'!F28 -> 0 | H5: ='จัดสรร งปม.'!G28 -> 0 | I5: ='จัดสรร งปม.'!H28 -> 0 | J5: ='จัดสรร งปม.'!I28 -> 0 | K5: ='จัดสรร งปม.'!J28 -> 0 | L5: ='จัดสรร งปม.'!K28 -> 0 | N5: ='จัดสรร งปม.'!L28 -> 0 | P5: ='จัดสรร งปม.'!N28 -> 0 | Q5: ='จัดสรร งปม.'!P28 -> 0 | R5: ='จัดสรร งปม.'!Q28 -> 0 | S5: ='จัดสรร งปม.'!R28 -> 0
D6: ใช้ไปแล้ว | E6: =SUM(E11:E45) -> 0 | F6: =SUM(F11:F45) -> 0 | G6: =SUM(G11:G45) -> 0 | H6: =SUM(H11:H45) -> 0 | I6: =SUM(I11:I45) -> 0 | J6: =SUM(J11:J45) -> 0 | K6: =SUM(K11:K45) -> 0 | L6: =SUM(L11:L45) -> 0 | N6: =SUM(N11:N45) -> 0 | P6: =SUM(P11:P45) -> 0 | Q6: =SUM(Q11:Q45) -> 0 | R6: =SUM(R11:R45) -> 0 | S6: =SUM(S11:S45) -> 0
B7: งบดำเนินงาน (ค่าตอบแทน) | D7: เหลือ | E7: =E5-E6 -> 0 | F7: =F5-F6 -> 0 | G7: =G5-G6 -> 0 | H7: =H5-H6 -> 0 | I7: =I5-I6 -> 0 | J7: =J5-J6 -> 0 | K7: =K5-K6 -> 0 | L7: =L5-L6 -> 0 | N7: =N5-N6 -> 0 | P7: =P5-P6 -> 0 | Q7: =Q5-Q6 -> 0 | R7: =R5-R6 -> 0 | S7: =S5-S6 -> 0
B8: รหัสรายการจ่าย | C8: ='จัดสรร งปม.'!$B$28 -> 213
B9: รายการจ่าย | C9: ='จัดสรร งปม.'!$C$28 -> สำรอง 4
A10: รหัส | B10: วันที่ | C10: ชื่อผู้ขอใช้ | D10: แผนก/งาน | E10: ปวช. | F10: ปวส. | G10: ระยะสั้น | H10: อุดหนุน | I10: หนังสือ | J10: เครื่องแบบ | K10: กิจกรรม | L10: อุปกรณ์ | M10: เครื่องมือ | N10: ทั่วไป | O10: =+O4 -> โครงการ | P10: =+P4 -> เงินนอกงบ | Q10: เงินรายได้ | R10: เงินรับฝาก | S10: รวม
A11: 001 | S11: =SUM(E11:R11) -> 0
A12: 002 | S12: =SUM(E12:R12) -> 0
A13: 003 | S13: =SUM(E13:R13) -> 0
A14: 004 | S14: =SUM(E14:R14) -> 0
A15: 005 | S15: =SUM(E15:R15) -> 0
A16: 006 | S16: =SUM(E16:R16) -> 0
A17: 007 | S17: =SUM(E17:R17) -> 0
A18: 008 | S18: =SUM(E18:R18) -> 0
A19: 009 | S19: =SUM(E19:R19) -> 0
A20: 010 | S20: =SUM(E20:R20) -> 0
A21: 011 | S21: =SUM(E21:R21) -> 0
A22: 012 | S22: =SUM(E22:R22) -> 0
... A45: 035 | S45: =SUM(E45:R45) -> 0

Sheet 214
A1: กลับไปที่หน้าจัดสรร งปม.
E2: =Note!$B$1 -> วิทยาลัยการอาชีพนวมินทราชินีแม่ฮ่องสอน
E3: เงินงบประมาณ | H3: เงินอุดหนุน | O3: งบรายจ่ายอื่น | Q3: เงิน บกศ. | S3: รวม
E4: ปวช. | F4: ปวส. | G4: ระยะสั้น | H4: จัดการเรียน | I4: หนังสือ | J4: เครื่องแบบ | K4: กิจกรรม | L4: อุปกรณ์ | M4: เครื่องมือ | N4: ทั่วไป | O4: โครงการ | P4: เงินนอกงบ | Q4: เงินรายได้ | R4: เงินรับฝาก
D5: ได้รับมา | E5: ='จัดสรร งปม.'!D29 -> 0 | F5: ='จัดสรร งปม.'!E29 -> 0 | G5: ='จัดสรร งปม.'!F29 -> 0 | H5: ='จัดสรร งปม.'!G29 -> 0 | I5: ='จัดสรร งปม.'!H29 -> 0 | J5: ='จัดสรร งปม.'!I29 -> 0 | K5: ='จัดสรร งปม.'!J29 -> 0 | L5: ='จัดสรร งปม.'!K29 -> 0 | N5: ='จัดสรร งปม.'!L29 -> 0 | P5: ='จัดสรร งปม.'!N29 -> 0 | Q5: ='จัดสรร งปม.'!P29 -> 0 | R5: ='จัดสรร งปม.'!Q29 -> 0 | S5: ='จัดสรร งปม.'!R29 -> 0
D6: ใช้ไปแล้ว | E6: =SUM(E11:E45) -> 0 | F6: =SUM(F11:F45) -> 0 | G6: =SUM(G11:G45) -> 0 | H6: =SUM(H11:H45) -> 0 | I6: =SUM(I11:I45) -> 0 | J6: =SUM(J11:J45) -> 0 | K6: =SUM(K11:K45) -> 0 | L6: =SUM(L11:L45) -> 0 | N6: =SUM(N11:N45) -> 0 | P6: =SUM(P11:P45) -> 0 | Q6: =SUM(Q11:Q45) -> 0 | R6: =SUM(R11:R45) -> 0 | S6: =SUM(S11:S45) -> 0
B7: งบดำเนินงาน (ค่าตอบแทน) | D7: เหลือ | E7: =E5-E6 -> 0 | F7: =F5-F6 -> 0 | G7: =G5-G6 -> 0 | H7: =H5-H6 -> 0 | I7: =I5-I6 -> 0 | J7: =J5-J6 -> 0 | K7: =K5-K6 -> 0 | L7: =L5-L6 -> 0 | N7: =N5-N6 -> 0 | P7: =P5-P6 -> 0 | Q7: =Q5-Q6 -> 0 | R7: =R5-R6 -> 0 | S7: =S5-S6 -> 0
B8: รหัสรายการจ่าย | C8: ='จัดสรร งปม.'!$B$29 -> 214
B9: รายการจ่าย | C9: ='จัดสรร งปม.'!$C$29 -> สำรอง 5
A10: รหัส | B10: วันที่ | C10: ชื่อผู้ขอใช้ | D10: แผนก/งาน | E10: ปวช. | F10: ปวส. | G10: ระยะสั้น | H10: อุดหนุน | I10: หนังสือ | J10: เครื่องแบบ | K10: กิจกรรม | L10: อุปกรณ์ | M10: เครื่องมือ | N10: ทั่วไป | O10: =+O4 -> โครงการ | P10: =+P4 -> เงินนอกงบ | Q10: เงินรายได้ | R10: เงินรับฝาก | S10: รวม
A11: 001 | S11: =SUM(E11:R11) -> 0
A12: 002 | S12: =SUM(E12:R12) -> 0
A13: 003 | S13: =SUM(E13:R13) -> 0
A14: 004 | S14: =SUM(E14:R14) -> 0
A15: 005 | S15: =SUM(E15:R15) -> 0
A16: 006 | S16: =SUM(E16:R16) -> 0
A17: 007 | S17: =SUM(E17:R17) -> 0
A18: 008 | S18: =SUM(E18:R18) -> 0
A19: 009 | S19: =SUM(E19:R19) -> 0
A20: 010 | S20: =SUM(E20:R20) -> 0
A21: 011 | S21: =SUM(E21:R21) -> 0
A22: 012 | S22: =SUM(E22:R22) -> 0
... A45: 035 | S45: =SUM(E45:R45) -> 0

Sheet 301
A1: กลับไปที่หน้าจัดสรร งปม.
E2: =Note!$B$1 -> วิทยาลัยการอาชีพนวมินทราชินีแม่ฮ่องสอน
E3: เงินงบประมาณ | H3: เงินอุดหนุน | O3: งบรายจ่ายอื่น | Q3: เงิน บกศ. | S3: รวม
E4: ปวช. | F4: ปวส. | G4: ระยะสั้น | H4: จัดการเรียน | I4: หนังสือ | J4: เครื่องแบบ | K4: กิจกรรม | L4: อุปกรณ์ | M4: เครื่องมือ | N4: ทั่วไป | O4: โครงการ | P4: เงินนอกงบ | Q4: เงินรายได้ | R4: เงินรับฝาก
D5: ได้รับมา | E5: ='จัดสรร งปม.'!D31 -> 0 | F5: ='จัดสรร งปม.'!E31 -> 0 | G5: ='จัดสรร งปม.'!F31 -> 0 | H5: ='จัดสรร งปม.'!G31 -> 0 | I5: ='จัดสรร งปม.'!H31 -> 0 | J5: ='จัดสรร งปม.'!I31 -> 0 | K5: ='จัดสรร งปม.'!J31 -> 0 | L5: ='จัดสรร งปม.'!K31 -> 0 | N5: ='จัดสรร งปม.'!L31 -> 0 | P5: ='จัดสรร งปม.'!N31 -> 0 | Q5: ='จัดสรร งปม.'!P31 -> 0 | R5: ='จัดสรร งปม.'!Q31 -> 0 | S5: ='จัดสรร งปม.'!R31 -> 0
D6: ใช้ไปแล้ว | E6: =SUM(E11:E45) -> 10 | F6: =SUM(F11:F45) -> 0 | G6: =SUM(G11:G45) -> 0 | H6: =SUM(H11:H45) -> 0 | I6: =SUM(I11:I45) -> 0 | J6: =SUM(J11:J45) -> 0 | K6: =SUM(K11:K45) -> 0 | L6: =SUM(L11:L45) -> 0 | N6: =SUM(N11:N45) -> 0 | P6: =SUM(P11:P45) -> 0 | Q6: =SUM(Q11:Q45) -> 0 | R6: =SUM(R11:R45) -> 0 | S6: =SUM(S11:S45) -> 10
B7: งบดำเนินงาน (ค่าใช้สอย) | D7: เหลือ | E7: =E5-E6 -> -10 | F7: =F5-F6 -> 0 | G7: =G5-G6 -> 0 | H7: =H5-H6 -> 0 | I7: =I5-I6 -> 0 | J7: =J5-J6 -> 0 | K7: =K5-K6 -> 0 | L7: =L5-L6 -> 0 | N7: =N5-N6 -> 0 | P7: =P5-P6 -> 0 | Q7: =Q5-Q6 -> 0 | R7: =R5-R6 -> 0 | S7: =S5-S6 -> -10
B8: รหัสรายการจ่าย | C8: ='จัดสรร งปม.'!$B$31 -> 301
B9: รายการจ่าย | C9: ='จัดสรร งปม.'!$C$31 -> ค่าจ้างซ่อมครุภัณฑ์การศึกษาและสำนักงาน
A10: รหัส | B10: วันที่ | C10: ชื่อผู้ขอใช้ | D10: แผนก/งาน | E10: ปวช. | F10: ปวส. | G10: ระยะสั้น | H10: อุดหนุน | I10: หนังสือ | J10: เครื่องแบบ | K10: กิจกรรม | L10: อุปกรณ์ | M10: เครื่องมือ | N10: ทั่วไป | O10: =+O4 -> โครงการ | P10: =+P4 -> เงินนอกงบ | Q10: เงินรายได้ | R10: เงินรับฝาก | S10: รวม
A11: 001 | E11: 10 | S11: =SUM(E11:R11) -> 10
A12: 002 | S12: =SUM(E12:R12) -> 0
A13: 003 | S13: =SUM(E13:R13) -> 0
A14: 004 | S14: =SUM(E14:R14) -> 0
A15: 005 | S15: =SUM(E15:R15) -> 0
A16: 006 | S16: =SUM(E16:R16) -> 0
A17: 007 | S17: =SUM(E17:R17) -> 0
A18: 008 | S18: =SUM(E18:R18) -> 0
A19: 009 | S19: =SUM(E19:R19) -> 0
A20: 010 | S20: =SUM(E20:R20) -> 0
A21: 011 | S21: =SUM(E21:R21) -> 0
A22: 012 | S22: =SUM(E22:R22) -> 0
A23: 013 | S23: =SUM(E23:R23) -> 0
... A45: 035 | S45: =SUM(E45:R45) -> 0

Sheet 302
A1: กลับไปที่หน้าจัดสรร งปม.
E2: =Note!$B$1 -> วิทยาลัยการอาชีพนวมินทราชินีแม่ฮ่องสอน
E3: เงินงบประมาณ | H3: เงินอุดหนุน | O3: งบรายจ่ายอื่น | Q3: เงิน บกศ. | S3: รวม
E4: ปวช. | F4: ปวส. | G4: ระยะสั้น | H4: จัดการเรียน | I4: หนังสือ | J4: เครื่องแบบ | K4: กิจกรรม | L4: อุปกรณ์ | M4: เครื่องมือ | N4: ทั่วไป | O4: โครงการ | P4: เงินนอกงบ | Q4: เงินรายได้ | R4: เงินรับฝาก
D5: ได้รับมา | E5: ='จัดสรร งปม.'!D32 -> 0 | F5: ='จัดสรร งปม.'!E32 -> 0 | G5: ='จัดสรร งปม.'!F32 -> 4920 | H5: ='จัดสรร งปม.'!G32 -> 0 | I5: ='จัดสรร งปม.'!H32 -> 0 | J5: ='จัดสรร งปม.'!I32 -> 0 | K5: ='จัดสรร งปม.'!J32 -> 0 | L5: ='จัดสรร งปม.'!K32 -> 0 | N5: ='จัดสรร งปม.'!L32 -> 0 | P5: ='จัดสรร งปม.'!N32 -> 0 | Q5: ='จัดสรร งปม.'!P32 -> 0 | R5: ='จัดสรร งปม.'!Q32 -> 0 | S5: ='จัดสรร งปม.'!R32 -> 4920
D6: ใช้ไปแล้ว | E6: =SUM(E11:E45) -> 0 | F6: =SUM(F11:F45) -> 0 | G6: =SUM(G11:G45) -> 4920 | H6: =SUM(H11:H45) -> 0 | I6: =SUM(I11:I45) -> 0 | J6: =SUM(J11:J45) -> 0 | K6: =SUM(K11:K45) -> 0 | L6: =SUM(L11:L45) -> 0 | N6: =SUM(N11:N45) -> 0 | P6: =SUM(P11:P45) -> 0 | Q6: =SUM(Q11:Q45) -> 0 | R6: =SUM(R11:R45) -> 0 | S6: =SUM(S11:S45) -> 4920
B7: งบดำเนินงาน (ค่าใช้สอย) | D7: เหลือ | E7: =E5-E6 -> 0 | F7: =F5-F6 -> 0 | G7: =G5-G6 -> 0 | H7: =H5-H6 -> 0 | I7: =I5-I6 -> 0 | J7: =J5-J6 -> 0 | K7: =K5-K6 -> 0 | L7: =L5-L6 -> 0 | N7: =N5-N6 -> 0 | P7: =P5-P6 -> 0 | Q7: =Q5-Q6 -> 0 | R7: =R5-R6 -> 0 | S7: =S5-S6 -> 0
B8: รหัสรายการจ่าย | C8: ='จัดสรร งปม.'!$B$32 -> 302
B9: รายการจ่าย | C9: ='จัดสรร งปม.'!$C$32 -> ค่าซ่อมยานพาหนะ
A10: รหัส | B10: วันที่ | C10: ชื่อผู้ขอใช้ | D10: แผนก/งาน | E10: ปวช. | F10: ปวส. | G10: ระยะสั้น | H10: =+H4 -> จัดการเรียน | I10: หนังสือ | J10: เครื่องแบบ | K10: กิจกรรม | L10: อุปกรณ์ | M10: เครื่องมือ | N10: ทั่วไป | O10: =+O4 -> โครงการ | P10: =+P4 -> เงินนอกงบ | Q10: เงินรายได้ | R10: เงินรับฝาก | S10: รวม
A11: 001 | B11: 8 ก.พ. 65 | C11: นายคณิต ศิริมาเมือง | D11: พัสดุ | G11: 4920 | S11: =SUM(E11:R11) -> 4920
A12: 002 | S12: =SUM(E12:R12) -> 0
A13: 003 | S13: =SUM(E13:R13) -> 0
A14: 004 | S14: =SUM(E14:R14) -> 0
A15: 005 | S15: =SUM(E15:R15) -> 0
A16: 006 | S16: =SUM(E16:R16) -> 0
A17: 007 | S17: =SUM(E17:R17) -> 0
A18: 008 | S18: =SUM(E18:R18) -> 0
A19: 009 | S19: =SUM(E19:R19) -> 0
A20: 010 | S20: =SUM(E20:R20) -> 0
A21: 011 | S21: =SUM(E21:R21) -> 0
A22: 012 | S22: =SUM(E22:R22) -> 0
A23: 013 | S23: =SUM(E23:R23) -> 0
... A45: 035 | S45: =SUM(E45:R45) -> 0

Sheet 303
A1: กลับไปที่หน้าจัดสรร งปม.
E2: =Note!$B$1 -> วิทยาลัยการอาชีพนวมินทราชินีแม่ฮ่องสอน
E3: เงินงบประมาณ | H3: เงินอุดหนุน | O3: งบรายจ่ายอื่น | Q3: เงิน บกศ. | S3: รวม
E4: ปวช. | F4: ปวส. | G4: ระยะสั้น | H4: จัดการเรียน | I4: หนังสือ | J4: เครื่องแบบ | K4: กิจกรรม | L4: อุปกรณ์ | M4: เครื่องมือ | N4: ทั่วไป | O4: โครงการ | P4: เงินนอกงบ | Q4: เงินรายได้ | R4: เงินรับฝาก
D5: ได้รับมา | E5: ='จัดสรร งปม.'!D33 -> 0 | F5: ='จัดสรร งปม.'!E33 -> 0 | G5: ='จัดสรร งปม.'!F33 -> 0 | H5: ='จัดสรร งปม.'!G33 -> 0 | I5: ='จัดสรร งปม.'!H33 -> 0 | J5: ='จัดสรร งปม.'!I33 -> 0 | K5: ='จัดสรร งปม.'!J33 -> 0 | L5: ='จัดสรร งปม.'!K33 -> 0 | N5: ='จัดสรร งปม.'!L33 -> 0 | P5: ='จัดสรร งปม.'!N33 -> 0 | Q5: ='จัดสรร งปม.'!P33 -> 0 | R5: ='จัดสรร งปม.'!Q33 -> 0 | S5: ='จัดสรร งปม.'!R33 -> 0
D6: ใช้ไปแล้ว | E6: =SUM(E11:E45) -> 30 | F6: =SUM(F11:F45) -> 0 | G6: =SUM(G11:G45) -> 0 | H6: =SUM(H11:H45) -> 0 | I6: =SUM(I11:I45) -> 0 | J6: =SUM(J11:J45) -> 0 | K6: =SUM(K11:K45) -> 0 | L6: =SUM(L11:L45) -> 0 | N6: =SUM(N11:N45) -> 0 | P6: =SUM(P11:P45) -> 0 | Q6: =SUM(Q11:Q45) -> 0 | R6: =SUM(R11:R45) -> 0 | S6: =SUM(S11:S45) -> 30
B7: งบดำเนินงาน (ค่าใช้สอย) | D7: เหลือ | E7: =E5-E6 -> -30 | F7: =F5-F6 -> 0 | G7: =G5-G6 -> 0 | H7: =H5-H6 -> 0 | I7: =I5-I6 -> 0 | J7: =J5-J6 -> 0 | K7: =K5-K6 -> 0 | L7: =L5-L6 -> 0 | N7: =N5-N6 -> 0 | P7: =P5-P6 -> 0 | Q7: =Q5-Q6 -> 0 | R7: =R5-R6 -> 0 | S7: =S5-S6 -> -30
B8: รหัสรายการจ่าย | C8: ='จัดสรร งปม.'!$B$33 -> 303
B9: รายการจ่าย | C9: ='จัดสรร งปม.'!$C$33 -> ค่าจ้างติดตั้ง ซ่อมแซมระบบสาธารณูปโภค
A10: รหัส | B10: วันที่ | C10: ชื่อผู้ขอใช้ | D10: แผนก/งาน | E10: ปวช. | F10: ปวส. | G10: ระยะสั้น | H10: อุดหนุน | I10: หนังสือ | J10: เครื่องแบบ | K10: กิจกรรม | L10: อุปกรณ์ | M10: เครื่องมือ | N10: ทั่วไป | O10: =+O4 -> โครงการ | P10: =+P4 -> เงินนอกงบ | Q10: เงินรายได้ | R10: เงินรับฝาก | S10: รวม
A11: 001 | E11: 30 | S11: =SUM(E11:R11) -> 30
A12: 002 | S12: =SUM(E12:R12) -> 0
A13: 003 | S13: =SUM(E13:R13) -> 0
A14: 004 | S14: =SUM(E14:R14) -> 0
A15: 005 | S15: =SUM(E15:R15) -> 0
A16: 006 | S16: =SUM(E16:R16) -> 0
A17: 007 | S17: =SUM(E17:R17) -> 0
A18: 008 | S18: =SUM(E18:R18) -> 0
A19: 009 | S19: =SUM(E19:R19) -> 0
A20: 010 | S20: =SUM(E20:R20) -> 0
A21: 011 | S21: =SUM(E21:R21) -> 0
A22: 012 | S22: =SUM(E22:R22) -> 0
A23: 013 | S23: =SUM(E23:R23) -> 0
... A45: 035 | S45: =SUM(E45:R45) -> 0

Sheet 304
A1: กลับไปที่หน้าจัดสรร งปม.
E2: =Note!$B$1 -> วิทยาลัยการอาชีพนวมินทราชินีแม่ฮ่องสอน
E3: เงินงบประมาณ | H3: เงินอุดหนุน | O3: งบรายจ่ายอื่น | Q3: เงิน บกศ. | S3: รวม
E4: ปวช. | F4: ปวส. | G4: ระยะสั้น | H4: จัดการเรียน | I4: หนังสือ | J4: เครื่องแบบ | K4: กิจกรรม | L4: อุปกรณ์ | M4: เครื่องมือ | N4: ทั่วไป | O4: โครงการ | P4: เงินนอกงบ | Q4: เงินรายได้ | R4: เงินรับฝาก
D5: ได้รับมา | E5: ='จัดสรร งปม.'!D34 -> 0 | F5: ='จัดสรร งปม.'!E34 -> 0 | G5: ='จัดสรร งปม.'!F34 -> 48768.7 | H5: ='จัดสรร งปม.'!G34 -> 9670 | I5: ='จัดสรร งปม.'!H34 -> 0 | J5: ='จัดสรร งปม.'!I34 -> 0 | K5: ='จัดสรร งปม.'!J34 -> 0 | L5: ='จัดสรร งปม.'!K34 -> 0 | N5: ='จัดสรร งปม.'!L34 -> 0 | P5: ='จัดสรร งปม.'!N34 -> 0 | Q5: ='จัดสรร งปม.'!P34 -> 0 | R5: ='จัดสรร งปม.'!Q34 -> 0 | S5: ='จัดสรร งปม.'!R34 -> 58438.7
D6: ใช้ไปแล้ว | E6: =SUM(E11:E45) -> 0 | F6: =SUM(F11:F45) -> 0 | G6: =SUM(G11:G45) -> 48768.7 | H6: =SUM(H11:H45) -> 9670 | I6: =SUM(I11:I45) -> 0 | J6: =SUM(J11:J45) -> 0 | K6: =SUM(K11:K45) -> 0 | L6: =SUM(L11:L45) -> 0 | N6: =SUM(N11:N45) -> 0 | P6: =SUM(P11:P45) -> 0 | Q6: =SUM(Q11:Q45) -> 0 | R6: =SUM(R11:R45) -> 0 | S6: =SUM(S11:S45) -> 58438.7
B7: งบดำเนินงาน (ค่าใช้สอย) | D7: เหลือ | E7: =E5-E6 -> 0 | F7: =F5-F6 -> 0 | G7: =G5-G6 -> 0 | H7: =H5-H6 -> 0 | I7: =I5-I6 -> 0 | J7: =J5-J6 -> 0 | K7: =K5-K6 -> 0 | L7: =L5-L6 -> 0 | N7: =N5-N6 -> 0 | P7: =P5-P6 -> 0 | Q7: =Q5-Q6 -> 0 | R7: =R5-R6 -> 0 | S7: =S5-S6 -> 0
B8: รหัสรายการจ่าย | C8: ='จัดสรร งปม.'!$B$34 -> 304
B9: รายการจ่าย | C9: ='จัดสรร งปม.'!$C$34 -> ค่าจ้างซ่อมอาคารสถานที่/พัฒนาสิ่งแวดล้อม
A10: รหัส | B10: วันที่ | C10: ชื่อผู้ขอใช้ | D10: แผนก/งาน | E10: ปวช. | F10: ปวส. | G10: ระยะสั้น | H10: อุดหนุน | I10: หนังสือ | J10: เครื่องแบบ | K10: กิจกรรม | L10: อุปกรณ์ | M10: เครื่องมือ | N10: ทั่วไป | O10: =+O4 -> โครงการ | P10: =+P4 -> เงินนอกงบ | Q10: เงินรายได้ | R10: เงินรับฝาก | S10: รวม
A11: 001 | B11: 24 พ.ย.64 | C11: นายปัชชากร โนวรรณ | D11: อาคาร | G11: 26650 | S11: =SUM(E11:R11) -> 26650
A12: 002 | B12: 24 พ.ย.64 | C12: นายธาดา คงจรัสแสง | D12: อาคาร | G12: 3275 | S12: =SUM(E12:R12) -> 3275
A13: 003 | B13: 24 พ.ย.64 | C13: นายปัชชากร โนวรรณ | D13: อาคาร | G13: 4640 | H13: แก้ยอด | S13: =SUM(E13:R13) -> 4640
A14: 004 | B14: 13 ธ.ค.64 | C14: นายปัชชากร โนวรรณ | D14: อาคาร | G14: 12703.7 | S14: =SUM(E14:R14) -> 12703.7
A15: 005 | B15: 21 ธ.ค.64 | C15: นายปัชชากร โนวรรณ | D15: อาคาร | G15: 1500 | S15: =SUM(E15:R15) -> 1500
A16: 006 | B16: 21 ธ.ค.64 | C16: นายภูวิศ พัชรวิทิศโชติ | D16: อาคาร | H16: 9670 | S16: =SUM(E16:R16) -> 9670
A17: 007 | S17: =SUM(E17:R17) -> 0
A18: 008 | S18: =SUM(E18:R18) -> 0
A19: 009 | S19: =SUM(E19:R19) -> 0
A20: 010 | S20: =SUM(E20:R20) -> 0
A21: 011 | S21: =SUM(E21:R21) -> 0
A22: 012 | S22: =SUM(E22:R22) -> 0
A23: 013 | S23: =SUM(E23:R23) -> 0
A24: 014 | S24: =SUM(E24:R24) -> 0
A25: 015 | S25: =SUM(E25:R25) -> 0
A26: 016 | S26: =SUM(E26:R26) -> 0
A27: 017 | S27: =SUM(E27:R27) -> 0
A28: 018 | S28: =SUM(E28:R28) -> 0
... A45: 035 | S45: =SUM(E45:R45) -> 0

Sheet 305
A1: กลับไปที่หน้าจัดสรร งปม.
E2: =Note!$B$1 -> วิทยาลัยการอาชีพนวมินทราชินีแม่ฮ่องสอน
E3: เงินงบประมาณ | H3: เงินอุดหนุน | O3: งบรายจ่ายอื่น | Q3: เงิน บกศ. | S3: รวม
E4: ปวช. | F4: ปวส. | G4: ระยะสั้น | H4: จัดการเรียน | I4: หนังสือ | J4: เครื่องแบบ | K4: กิจกรรม | L4: อุปกรณ์ | M4: เครื่องมือ | N4: ทั่วไป | O4: โครงการ | P4: เงินนอกงบ | Q4: เงินรายได้ | R4: เงินรับฝาก
D5: ได้รับมา | E5: ='จัดสรร งปม.'!D35 -> 0 | F5: ='จัดสรร งปม.'!E35 -> 0 | G5: ='จัดสรร งปม.'!F35 -> 27400 | H5: ='จัดสรร งปม.'!G35 -> 7780 | I5: ='จัดสรร งปม.'!H35 -> 0 | J5: ='จัดสรร งปม.'!I35 -> 0 | K5: ='จัดสรร งปม.'!J35 -> 197698 | L5: ='จัดสรร งปม.'!K35 -> 0 | N5: ='จัดสรร งปม.'!L35 -> 0 | P5: ='จัดสรร งปม.'!N35 -> 0 | Q5: ='จัดสรร งปม.'!P35 -> 71780 | R5: ='จัดสรร งปม.'!Q35 -> 0 | S5: ='จัดสรร งปม.'!R35 -> 304658
D6: ใช้ไปแล้ว | E6: =SUM(E11:E45) -> 0 | F6: =SUM(F11:F45) -> 0 | G6: =SUM(G11:G45) -> 27400 | H6: =SUM(H11:H45) -> 7780 | I6: =SUM(I11:I45) -> 0 | J6: =SUM(J11:J45) -> 0 | K6: =SUM(K11:K45) -> 197698 | L6: =SUM(L11:L45) -> 0 | N6: =SUM(N11:N45) -> 0 | P6: =SUM(P11:P45) -> 0 | Q6: =SUM(Q11:Q45) -> 71780 | R6: =SUM(R11:R45) -> 0 | S6: =SUM(S11:S45) -> 304658
B7: งบดำเนินงาน (ค่าใช้สอย) | D7: เหลือ | E7: =E5-E6 -> 0 | F7: =F5-F6 -> 0 | G7: =G5-G6 -> 0 | H7: =H5-H6 -> 0 | I7: =I5-I6 -> 0 | J7: =J5-J6 -> 0 | K7: =K5-K6 -> 0 | L7: =L5-L6 -> 0 | N7: =N5-N6 -> 0 | P7: =P5-P6 -> 0 | Q7: =Q5-Q6 -> 0 | R7: =R5-R6 -> 0 | S7: =S5-S6 -> 0
B8: รหัสรายการจ่าย | C8: ='จัดสรร งปม.'!$B$35 -> 305
B9: รายการจ่าย | C9: ='จัดสรร งปม.'!$C$35 -> ค่าเบี้ยเลี้ยง พาหนะเดินทาง และที่พัก
A10: รหัส | B10: วันที่ | C10: ชื่อผู้ขอใช้ | D10: แผนก/งาน | E10: ปวช. | F10: ปวส. | G10: ระยะสั้น | H10: อุดหนุน | I10: หนังสือ | J10: เครื่องแบบ | K10: กิจกรรม | L10: อุปกรณ์ | M10: เครื่องมือ | N10: ทั่วไป | O10: =+O4 -> โครงการ | P10: =+P4 -> เงินนอกงบ | Q10: เงินรายได้ | R10: เงินรับฝาก | S10: รวม
A11: 001 | B11: 1 ธ.ค.64 | C11: นายศิวกร ทองพูลเจริญดี | D11: โครงการพิเศษ | G11: 27400 | S11: =SUM(E11:R11) -> 27400
A12: 002 | B12: 20 ธ.ค.64 | C12: นายสุทธิพันธ์ สุทธิแสน | D12: ช่างยนต์ | Q12: 63410 | S12: =SUM(E12:R12) -> 63410
A13: 003 | B13: 21 ธ.ค.64 | C13: นายคำสิงห์ ทองคำจักร | D13: พขร | Q13: 8370 | S13: =SUM(E13:R13) -> 8370
A14: 004 | B14: 27 ธ.ค. 64 | C14: นายชัชวาลย์ ขวาแซ้น | D14: สามัญ | K14: 27980 | S14: =SUM(E14:R14) -> 27980
A15: 005 | B15: 12 มค. 65 | C15: นายยศกร วิศรุตพงศ์ | D15: กิจกรรม | K15: 8880 | S15: =SUM(E15:R15) -> 8880
A16: 006 | B16: 12 มค. 65 | C16: นายประภาส แซ่ว้าง | D16: กิจกรรม | K16: 16440 | S16: =SUM(E16:R16) -> 16440
A17: 007 | B17: 8 ก.พ.65 | C17: นางดวงสมร สง่างาม | D17: รอง | H17: 2760 | S17: =SUM(E17:R17) -> 2760
A18: 008 | B18: 8 ก.พ.65 | C18: นายสาวนภัชชยา อุดมทวีโชติ | D18: กิจกรรม | H18: 5020 | S18: =SUM(E18:R18) -> 5020
A19: 009 | B19: 21 ก.พ.65 | C19: นายชัชวาลย์ ขวาแซ้น | D19: สามัญ | K19: 30040 | S19: =SUM(E19:R19) -> 30040
A20: 010 | B20: 21 ก.พ.65 | C20: นายสุทธิพันธ์ สุทธิแสน | D20: กิจกรรม | K20: 23500 | S20: =SUM(E20:R20) -> 23500
A21: 011 | B21: 21 ก.พ.65 | C21: นายเอกนรินทร์ กล้าแข็ง | D21: กิจกรรม | K21: 8740 | S21: =SUM(E21:R21) -> 8740
A22: 012 | B22: 21 ก.พ.65 | C22: นางสาวจุฑามาศ บัวขาว | D22: กิจกรรม | K22: 82118 | S22: =SUM(E22:R22) -> 82118
A23: 013 | S23: =SUM(E23:R23) -> 0
A24: 014 | S24: =SUM(E24:R24) -> 0
A25: 015 | S25: =SUM(E25:R25) -> 0
A26: 016 | S26: =SUM(E26:R26) -> 0
A27: 017 | S27: =SUM(E27:R27) -> 0
A28: 018 | S28: =SUM(E28:R28) -> 0
A29: 019 | S29: =SUM(E29:R29) -> 0
A30: 020 | S30: =SUM(E30:R30) -> 0
A31: 021 | S31: =SUM(E31:R31) -> 0
A32: 022 | S32: =SUM(E32:R32) -> 0
A33: 023 | S33: =SUM(E33:R33) -> 0
A34: 024 | S34: =SUM(E34:R34) -> 0
... A45: 035 | S45: =SUM(E45:R45) -> 0

Sheet 306
A1: กลับไปที่หน้าจัดสรร งปม.
E2: =Note!$B$1 -> วิทยาลัยการอาชีพนวมินทราชินีแม่ฮ่องสอน
E3: เงินงบประมาณ | H3: เงินอุดหนุน | O3: งบรายจ่ายอื่น | Q3: เงิน บกศ. | S3: รวม
E4: ปวช. | F4: ปวส. | G4: ระยะสั้น | H4: จัดการเรียน | I4: หนังสือ | J4: เครื่องแบบ | K4: กิจกรรม | L4: อุปกรณ์ | M4: เครื่องมือ | N4: ทั่วไป | O4: โครงการ | P4: เงินนอกงบ | Q4: เงินรายได้ | R4: เงินรับฝาก
D5: ได้รับมา | E5: ='จัดสรร งปม.'!D36 -> 24040 | F5: ='จัดสรร งปม.'!E36 -> 0 | G5: ='จัดสรร งปม.'!F36 -> 0 | H5: ='จัดสรร งปม.'!G36 -> 0 | I5: ='จัดสรร งปม.'!H36 -> 0 | J5: ='จัดสรร งปม.'!I36 -> 0 | K5: ='จัดสรร งปม.'!J36 -> 0 | L5: ='จัดสรร งปม.'!K36 -> 0 | N5: ='จัดสรร งปม.'!L36 -> 0 | P5: ='จัดสรร งปม.'!N36 -> 0 | Q5: ='จัดสรร งปม.'!P36 -> 0 | R5: ='จัดสรร งปม.'!Q36 -> 0 | S5: ='จัดสรร งปม.'!R36 -> 24040
D6: ใช้ไปแล้ว | E6: =SUM(E11:E45) -> 23450 | F6: =SUM(F11:F45) -> 0 | G6: =SUM(G11:G45) -> 0 | H6: =SUM(H11:H45) -> 0 | I6: =SUM(I11:I45) -> 0 | J6: =SUM(J11:J45) -> 0 | K6: =SUM(K11:K45) -> 0 | L6: =SUM(L11:L45) -> 0 | N6: =SUM(N11:N45) -> 0 | P6: =SUM(P11:P45) -> 0 | Q6: =SUM(Q11:Q45) -> 0 | R6: =SUM(R11:R45) -> 0 | S6: =SUM(S11:S45) -> 23450
B7: งบดำเนินงาน (ค่าใช้สอย) | D7: เหลือ | E7: =E5-E6 -> 590 | F7: =F5-F6 -> 0 | G7: =G5-G6 -> 0 | H7: =H5-H6 -> 0 | I7: =I5-I6 -> 0 | J7: =J5-J6 -> 0 | K7: =K5-K6 -> 0 | L7: =L5-L6 -> 0 | N7: =N5-N6 -> 0 | P7: =P5-P6 -> 0 | Q7: =Q5-Q6 -> 0 | R7: =R5-R6 -> 0 | S7: =S5-S6 -> 590
B8: รหัสรายการจ่าย | C8: ='จัดสรร งปม.'!$B$36 -> 306
B9: รายการจ่าย | C9: ='จัดสรร งปม.'!$C$36 -> ค่าสมทบประกันสังคม(พนักงานราชการ)
A10: รหัส | B10: วันที่ | C10: ชื่อผู้ขอใช้ | D10: แผนก/งาน | E10: ปวช. | F10: ปวส. | G10: ระยะสั้น | H10: อุดหนุน | I10: หนังสือ | J10: เครื่องแบบ | K10: กิจกรรม | L10: อุปกรณ์ | M10: เครื่องมือ | N10: ทั่วไป | O10: =+O4 -> โครงการ | P10: =+P4 -> เงินนอกงบ | Q10: เงินรายได้ | R10: เงินรับฝาก | S10: รวม
A11: 001 | B11: 17 พ.ย.64 | C11: นางอำโนญ พัฒนกสิกร | D11: การเงิน | E11: 2250 | S11: =SUM(E11:R11) -> 2250
A12: 002 | B12: 26 พ.ย.64 | C12: นางอำโนญ พัฒนกสิกร | D12: การเงิน | E12: 2250 | S12: =SUM(E12:R12) -> 2250
A13: 003 | B13: 9 ธ.ค.64 | C13: นางอำโนญ พัฒนกสิกร | D13: การเงิน | E13: 4500 | S13: =SUM(E13:R13) -> 4500
A14: 004 | B14: 13 ม.ค.65 | C14: นางอำโนญ พัฒนกสิกร | D14: การเงิน | E14: 980 | S14: =SUM(E14:R14) -> 980
A15: 005 | B15: 17 ม.ค.65 | C15: นางอำโนญ พัฒนกสิกร | D15: การเงิน | E15: 4500 | S15: =SUM(E15:R15) -> 4500
A16: 006 | B16: 18 ม.ค.65 | C16: นางอำโนญ พัฒนกสิกร | D16: การเงิน | E16: 490 | S16: =SUM(E16:R16) -> 490
A17: 007 | B17: 21 ก.พ.65 | C17: นางอำโนญ พัฒนกสิกร | D17: การเงิน | E17: 4500 | S17: =SUM(E17:R17) -> 4500
A18: 008 | B18: 21 ก.พ.65 | C18: นางอำโนญ พัฒนกสิกร | D18: การเงิน | E18: 490 | S18: =SUM(E18:R18) -> 490
A19: 009 | B19: 8 มี.ค.65 | C19: นางอำโนญ พัฒนกสิกร | D19: การเงิน | E19: 490 | S19: =SUM(E19:R19) -> 490
A20: 010 | B20: 8 มี.ค.65 | C20: นางอำโนญ พัฒนกสิกร | D20: การเงิน | E20: 750 | S20: =SUM(E20:R20) -> 750
A21: 011 | B21: 14 มี.ค.65 | C21: นางอำโนญ พัฒนกสิกร | D21: การเงิน | E21: 2250 | S21: =SUM(E21:R21) -> 2250
A22: 012 | S22: =SUM(E22:R22) -> 0
A23: 013 | S23: =SUM(E23:R23) -> 0
A24: 014 | S24: =SUM(E24:R24) -> 0
A25: 015 | S25: =SUM(E25:R25) -> 0
A26: 016 | S26: =SUM(E26:R26) -> 0
A27: 017 | S27: =SUM(E27:R27) -> 0
A28: 018 | S28: =SUM(E28:R28) -> 0
A29: 019 | S29: =SUM(E29:R29) -> 0
A30: 020 | S30: =SUM(E30:R30) -> 0
A31: 021 | S31: =SUM(E31:R31) -> 0
A32: 022 | S32: =SUM(E32:R32) -> 0
A33: 023 | S33: =SUM(E33:R33) -> 0
... A45: 035 | S45: =SUM(E45:R45) -> 0

Sheet 307
A1: กลับไปที่หน้าจัดสรร งปม.
E2: =Note!$B$1 -> วิทยาลัยการอาชีพนวมินทราชินีแม่ฮ่องสอน
E3: เงินงบประมาณ | H3: เงินอุดหนุน | O3: งบรายจ่ายอื่น | Q3: เงิน บกศ. | S3: รวม
E4: ปวช. | F4: ปวส. | G4: ระยะสั้น | H4: จัดการเรียน | I4: หนังสือ | J4: เครื่องแบบ | K4: กิจกรรม | L4: อุปกรณ์ | M4: เครื่องมือ | N4: ทั่วไป | O4: โครงการ | P4: เงินนอกงบ | Q4: เงินรายได้ | R4: เงินรับฝาก
D5: ได้รับมา | E5: ='จัดสรร งปม.'!D37 -> 0 | F5: ='จัดสรร งปม.'!E37 -> 0 | G5: ='จัดสรร งปม.'!F37 -> 0 | H5: ='จัดสรร งปม.'!G37 -> 64018 | I5: ='จัดสรร งปม.'!H37 -> 0 | J5: ='จัดสรร งปม.'!I37 -> 0 | K5: ='จัดสรร งปม.'!J37 -> 0 | L5: ='จัดสรร งปม.'!K37 -> 0 | N5: ='จัดสรร งปม.'!L37 -> 0 | P5: ='จัดสรร งปม.'!N37 -> 0 | Q5: ='จัดสรร งปม.'!P37 -> 0 | R5: ='จัดสรร งปม.'!Q37 -> 0 | S5: ='จัดสรร งปม.'!R37 -> 64018
D6: ใช้ไปแล้ว | E6: =SUM(E11:E45) -> 0 | F6: =SUM(F11:F45) -> 0 | G6: =SUM(G11:G45) -> 0 | H6: =SUM(H11:H45) -> 64018 | I6: =SUM(I11:I45) -> 0 | J6: =SUM(J11:J45) -> 0 | K6: =SUM(K11:K45) -> 0 | L6: =SUM(L11:L45) -> 0 | N6: =SUM(N11:N45) -> 0 | P6: =SUM(P11:P45) -> 0 | Q6: =SUM(Q11:Q45) -> 0 | R6: =SUM(R11:R45) -> 0 | S6: =SUM(S11:S45) -> 64018
B7: งบดำเนินงาน (ค่าใช้สอย) | D7: เหลือ | E7: =E5-E6 -> 0 | F7: =F5-F6 -> 0 | G7: =G5-G6 -> 0 | H7: =H5-H6 -> 0 | I7: =I5-I6 -> 0 | J7: =J5-J6 -> 0 | K7: =K5-K6 -> 0 | L7: =L5-L6 -> 0 | N7: =N5-N6 -> 0 | P7: =P5-P6 -> 0 | Q7: =Q5-Q6 -> 0 | R7: =R5-R6 -> 0 | S7: =S5-S6 -> 0
B8: รหัสรายการจ่าย | C8: ='จัดสรร งปม.'!$B$37 -> 307
B9: รายการจ่าย | C9: ='จัดสรร งปม.'!$C$37 -> ค่าสมทบประกันสังคม(ครูรายเดือน)
A10: รหัส | B10: วันที่ | C10: ชื่อผู้ขอใช้ | D10: แผนก/งาน | E10: ปวช. | F10: ปวส. | G10: ระยะสั้น | H10: =+H4 -> จัดการเรียน | I10: หนังสือ | J10: เครื่องแบบ | K10: กิจกรรม | L10: อุปกรณ์ | M10: เครื่องมือ | N10: ทั่วไป | O10: =+O4 -> โครงการ | P10: =+P4 -> เงินนอกงบ | Q10: เงินรายได้ | R10: เงินรับฝาก | S10: รวม
A11: 001 | B11: 8 ธ.ค.64 | C11: นางอำโนญ พัฒนากสิกร | D11: การเงิน | H11: 5963 | S11: =SUM(E11:R11) -> 5963
A12: 002 | B12: 8 ธ.ค.64 | C12: นางอำโนญ พัฒนากสิกร | D12: การเงิน | H12: 6522 | S12: =SUM(E12:R12) -> 6522
A13: 003 | B13: 9 ธ.ค.64 | C13: นางอำโนญ พัฒนากสิกร | D13: การเงิน | H13: 13027 | S13: =SUM(E13:R13) -> 13027
A14: 004 | B14: 18 ม.ค.65 | C14: นางอำโนญ พัฒนากสิกร | D14: การเงิน | H14: 13027 | S14: =SUM(E14:R14) -> 13027
A15: 005 | B15: 21 ก.พ.65 | C15: นางอำโนญ พัฒนากสิกร | D15: การเงิน | H15: 13027 | S15: =SUM(E15:R15) -> 13027
A16: 006 | B16: 15 มี.ค.65 | C16: นางอำโนญ พัฒนากสิกร | D16: การเงิน | H16: 12452 | S16: =SUM(E16:R16) -> 12452
A17: 007 | S17: =SUM(E17:R17) -> 0
A18: 008 | S18: =SUM(E18:R18) -> 0
A19: 009 | S19: =SUM(E19:R19) -> 0
A20: 010 | S20: =SUM(E20:R20) -> 0
A21: 011 | S21: =SUM(E21:R21) -> 0
A22: 012 | S22: =SUM(E22:R22) -> 0
A23: 013 | S23: =SUM(E23:R23) -> 0
A24: 014 | S24: =SUM(E24:R24) -> 0
A25: 015 | S25: =SUM(E25:R25) -> 0
A26: 016 | S26: =SUM(E26:R26) -> 0
A27: 017 | S27: =SUM(E27:R27) -> 0
A28: 018 | S28: =SUM(E28:R28) -> 0
... A45: 035 | S45: =SUM(E45:R45) -> 0

Sheet 308
A1: กลับไปที่หน้าจัดสรร งปม.
E2: =Note!$B$1 -> วิทยาลัยการอาชีพนวมินทราชินีแม่ฮ่องสอน
E3: เงินงบประมาณ | H3: เงินอุดหนุน | O3: งบรายจ่ายอื่น | Q3: เงิน บกศ. | S3: รวม
E4: ปวช. | F4: ปวส. | G4: ระยะสั้น | H4: จัดการเรียน | I4: หนังสือ | J4: เครื่องแบบ | K4: กิจกรรม | L4: อุปกรณ์ | M4: เครื่องมือ | N4: ทั่วไป | O4: โครงการ | P4: เงินนอกงบ | Q4: เงินรายได้ | R4: เงินรับฝาก
D5: ได้รับมา | E5: ='จัดสรร งปม.'!D38 -> 0 | F5: ='จัดสรร งปม.'!E38 -> 0 | G5: ='จัดสรร งปม.'!F38 -> 0 | H5: ='จัดสรร งปม.'!G38 -> 40178 | I5: ='จัดสรร งปม.'!H38 -> 0 | J5: ='จัดสรร งปม.'!I38 -> 0 | K5: ='จัดสรร งปม.'!J38 -> 0 | L5: ='จัดสรร งปม.'!K38 -> 0 | N5: ='จัดสรร งปม.'!L38 -> 0 | P5: ='จัดสรร งปม.'!N38 -> 0 | Q5: ='จัดสรร งปม.'!P38 -> 0 | R5: ='จัดสรร งปม.'!Q38 -> 0 | S5: ='จัดสรร งปม.'!R38 -> 40178
D6: ใช้ไปแล้ว | E6: =SUM(E11:E45) -> 0 | F6: =SUM(F11:F45) -> 0 | G6: =SUM(G11:G45) -> 0 | H6: =SUM(H11:H45) -> 40178 | I6: =SUM(I11:I45) -> 0 | J6: =SUM(J11:J45) -> 0 | K6: =SUM(K11:K45) -> 0 | L6: =SUM(L11:L45) -> 0 | N6: =SUM(N11:N45) -> 0 | P6: =SUM(P11:P45) -> 0 | Q6: =SUM(Q11:Q45) -> 0 | R6: =SUM(R11:R45) -> 0 | S6: =SUM(S11:S45) -> 40178
B7: งบดำเนินงาน (ค่าใช้สอย) | D7: เหลือ | E7: =E5-E6 -> 0 | F7: =F5-F6 -> 0 | G7: =G5-G6 -> 0 | H7: =H5-H6 -> 0 | I7: =I5-I6 -> 0 | J7: =J5-J6 -> 0 | K7: =K5-K6 -> 0 | L7: =L5-L6 -> 0 | N7: =N5-N6 -> 0 | P7: =P5-P6 -> 0 | Q7: =Q5-Q6 -> 0 | R7: =R5-R6 -> 0 | S7: =S5-S6 -> 0
B8: รหัสรายการจ่าย | C8: ='จัดสรร งปม.'!$B$38 -> 308
B9: รายการจ่าย | C9: ='จัดสรร งปม.'!$C$38 -> ค่าสมทบประกันสังคม(เจ้าหน้าที่รายเดือน)
A10: รหัส | B10: วันที่ | C10: ชื่อผู้ขอใช้ | D10: แผนก/งาน | E10: ปวช. | F10: ปวส. | G10: ระยะสั้น | H10: อุดหนุน | I10: หนังสือ | J10: เครื่องแบบ | K10: กิจกรรม | L10: อุปกรณ์ | M10: เครื่องมือ | N10: ทั่วไป | O10: =+O4 -> โครงการ | P10: =+P4 -> เงินนอกงบ | Q10: เงินรายได้ | R10: เงินรับฝาก | S10: รวม
A11: 001 | B11: 8 ธ.ค. 64 | C11: นางอำโนญ พัฒนกสิกร | D11: การเงิน | H11: 4278 | S11: =SUM(E11:R11) -> 4278
A12: 002 | B12: 8 ธ.ค. 64 | C12: นางอำโนญ พัฒนกสิกร | D12: การเงิน | H12: 4180 | S12: =SUM(E12:R12) -> 4180
A13: 003 | B13: 9 ธ.ค.64 | C13: นางอำโนญ พัฒนกสิกร | D13: การเงิน | H13: 8484 | S13: =SUM(E13:R13) -> 8484
A14: 004 | B14: 18 ม.ค. 65 | C14: นางอำโนญ พัฒนกสิกร | D14: การเงิน | H14: 7816 | S14: =SUM(E14:R14) -> 7816
A15: 005 | B15: 21 ก.พ.65 | C15: นางอำโนญ พัฒนกสิกร | D15: การเงิน | H15: 7962 | S15: =SUM(E15:R15) -> 7962
A16: 006 | B16: 15 มี.ค.65 | C16: นางอำโนญ พัฒนกสิกร | D16: การเงิน | H16: 7458 | S16: =SUM(E16:R16) -> 7458
A17: 007 | S17: =SUM(E17:R17) -> 0
A18: 008 | S18: =SUM(E18:R18) -> 0
A19: 009 | S19: =SUM(E19:R19) -> 0
A20: 010 | S20: =SUM(E20:R20) -> 0
A21: 011 | S21: =SUM(E21:R21) -> 0
A22: 012 | S22: =SUM(E22:R22) -> 0
A23: 013 | S23: =SUM(E23:R23) -> 0
A24: 014 | S24: =SUM(E24:R24) -> 0
A25: 015 | S25: =SUM(E25:R25) -> 0
A26: 016 | S26: =SUM(E26:R26) -> 0
A27: 017 | S27: =SUM(E27:R27) -> 0
A28: 018 | S28: =SUM(E28:R28) -> 0
... A45: 035 | S45: =SUM(E45:R45) -> 0

Sheet 309
A1: กลับไปที่หน้าจัดสรร งปม.
E2: =Note!$B$1 -> วิทยาลัยการอาชีพนวมินทราชินีแม่ฮ่องสอน
E3: เงินงบประมาณ | H3: เงินอุดหนุน | O3: งบรายจ่ายอื่น | Q3: เงิน บกศ. | S3: รวม
E4: ปวช. | F4: ปวส. | G4: ระยะสั้น | H4: จัดการเรียน | I4: หนังสือ | J4: เครื่องแบบ | K4: กิจกรรม | L4: อุปกรณ์ | M4: เครื่องมือ | N4: ทั่วไป | O4: โครงการ | P4: เงินนอกงบ | Q4: เงินรายได้ | R4: เงินรับฝาก
D5: ได้รับมา | E5: ='จัดสรร งปม.'!D39 -> 0 | F5: ='จัดสรร งปม.'!E39 -> 0 | G5: ='จัดสรร งปม.'!F39 -> 0 | H5: ='จัดสรร งปม.'!G39 -> 0 | I5: ='จัดสรร งปม.'!H39 -> 0 | J5: ='จัดสรร งปม.'!I39 -> 0 | K5: ='จัดสรร งปม.'!J39 -> 0 | L5: ='จัดสรร งปม.'!K39 -> 0 | N5: ='จัดสรร งปม.'!L39 -> 0 | P5: ='จัดสรร งปม.'!N39 -> 0 | Q5: ='จัดสรร งปม.'!P39 -> 0 | R5: ='จัดสรร งปม.'!Q39 -> 0 | S5: ='จัดสรร งปม.'!R39 -> 0
D6: ใช้ไปแล้ว | E6: =SUM(E11:E45) -> 90 | F6: =SUM(F11:F45) -> 0 | G6: =SUM(G11:G45) -> 0 | H6: =SUM(H11:H45) -> 0 | I6: =SUM(I11:I45) -> 0 | J6: =SUM(J11:J45) -> 0 | K6: =SUM(K11:K45) -> 0 | L6: =SUM(L11:L45) -> 0 | N6: =SUM(N11:N45) -> 0 | P6: =SUM(P11:P45) -> 0 | Q6: =SUM(Q11:Q45) -> 0 | R6: =SUM(R11:R45) -> 0 | S6: =SUM(S11:S45) -> 90
B7: งบดำเนินงาน (ค่าใช้สอย) | D7: เหลือ | E7: =E5-E6 -> -90 | F7: =F5-F6 -> 0 | G7: =G5-G6 -> 0 | H7: =H5-H6 -> 0 | I7: =I5-I6 -> 0 | J7: =J5-J6 -> 0 | K7: =K5-K6 -> 0 | L7: =L5-L6 -> 0 | N7: =N5-N6 -> 0 | P7: =P5-P6 -> 0 | Q7: =Q5-Q6 -> 0 | R7: =R5-R6 -> 0 | S7: =S5-S6 -> -90
B8: รหัสรายการจ่าย | C8: ='จัดสรร งปม.'!$B$39 -> 309
B9: รายการจ่าย | C9: ='จัดสรร งปม.'!$C$39 -> ค่าใช้สอยอื่นๆ(ไม่เกิน50,000/ครั้ง/รายการ)
A10: รหัส | B10: วันที่ | C10: ชื่อผู้ขอใช้ | D10: แผนก/งาน | E10: ปวช. | F10: ปวส. | G10: ระยะสั้น | H10: อุดหนุน | I10: หนังสือ | J10: เครื่องแบบ | K10: กิจกรรม | L10: อุปกรณ์ | M10: เครื่องมือ | N10: ทั่วไป | O10: =+O4 -> โครงการ | P10: =+P4 -> เงินนอกงบ | Q10: เงินรายได้ | R10: เงินรับฝาก | S10: รวม
A11: 001 | E11: 90 | S11: =SUM(E11:R11) -> 90
A12: 002 | S12: =SUM(E12:R12) -> 0
A13: 003 | S13: =SUM(E13:R13) -> 0
A14: 004 | S14: =SUM(E14:R14) -> 0
A15: 005 | S15: =SUM(E15:R15) -> 0
A16: 006 | S16: =SUM(E16:R16) -> 0
A17: 007 | S17: =SUM(E17:R17) -> 0
A18: 008 | S18: =SUM(E18:R18) -> 0
A19: 009 | S19: =SUM(E19:R19) -> 0
A20: 010 | S20: =SUM(E20:R20) -> 0
A21: 011 | S21: =SUM(E21:R21) -> 0
A22: 012 | S22: =SUM(E22:R22) -> 0
A23: 013 | S23: =SUM(E23:R23) -> 0
... A45: 035 | S45: =SUM(E45:R45) -> 0

Sheet 310
A1: กลับไปที่หน้าจัดสรร งปม.
E2: =Note!$B$1 -> วิทยาลัยการอาชีพนวมินทราชินีแม่ฮ่องสอน
E3: เงินงบประมาณ | H3: เงินอุดหนุน | O3: งบรายจ่ายอื่น | Q3: เงิน บกศ. | S3: รวม
E4: ปวช. | F4: ปวส. | G4: ระยะสั้น | H4: จัดการเรียน | I4: หนังสือ | J4: เครื่องแบบ | K4: กิจกรรม | L4: อุปกรณ์ | M4: เครื่องมือ | N4: ทั่วไป | O4: โครงการ | P4: เงินนอกงบ | Q4: เงินรายได้ | R4: เงินรับฝาก
D5: ได้รับมา | E5: ='จัดสรร งปม.'!D40 -> 0 | F5: ='จัดสรร งปม.'!E40 -> 0 | G5: ='จัดสรร งปม.'!F40 -> 21445.6 | H5: ='จัดสรร งปม.'!G40 -> 0 | I5: ='จัดสรร งปม.'!H40 -> 0 | J5: ='จัดสรร งปม.'!I40 -> 0 | K5: ='จัดสรร งปม.'!J40 -> 0 | L5: ='จัดสรร งปม.'!K40 -> 0 | ... S5: ='จัดสรร งปม.'!R40 -> 28051.1
D6: ใช้ไปแล้ว | E6: =SUM(E11:E45) -> 0 | F6: =SUM(F11:F45) -> 0 | G6: =SUM(G11:G45) -> 21445.6 | H6: =SUM(H11:H45) -> 0 | I6: =SUM(I11:I45) -> 0 | J6: =SUM(J11:J45) -> 0 | K6: =SUM(K11:K45) -> 0 | L6: =SUM(L11:L45) -> 0 | ... S6: =SUM(S11:S45) -> 28051.1
B7: งบดำเนินงาน (ค่าใช้สอย) | D7: เหลือ | E7: =E5-E6 -> 0 | F7: =F5-F6 -> 0 | G7: =G5-G6 -> 0 | H7: =H5-H6 -> 0 | I7: =I5-I6 -> 0 | J7: =J5-J6 -> 0 | K7: =K5-K6 -> 0 | L7: =L5-L6 -> 0 | ... S7: =S5-S6 -> 0
B8: รหัสรายการจ่าย | C8: ='จัดสรร งปม.'!$B$40 -> 310
B9: รายการจ่าย | C9: ='จัดสรร งปม.'!$C$40 -> ค่าน้ำมัน
A10: รหัส | B10: วันที่ | C10: ชื่อผู้ขอใช้ | D10: แผนก/งาน | E10: ปวช. | F10: ปวส. | G10: ระยะสั้น | H10: อุดหนุน | I10: หนังสือ | J10: เครื่องแบบ | K10: กิจกรรม | L10: อุปกรณ์ | M10: เครื่องมือ | N10: ทั่วไป | O10: =+O4 -> โครงการ | P10: =+P4 -> เงินนอกงบ | Q10: เงินรายได้ | R10: เงินรับฝาก | S10: รวม
A11: 001 | B11: 26 พ.ย.64 | C11: นางสาวณัจสิญาณ์ ฐากูล | D11: พัสดุ | G11: 1825.4 | S11: =SUM(E11:R11) -> 1825.4
A12: 002 | B12: 26 พ.ย.64 | C12: นางสาวกรรธิมา สุโคมุด | D12: พัสดุ | G12: 3060.8 | S12: =SUM(E12:R12) -> 3060.8
A13: 003 | B13: 20 ธ.ค.64 | C13: นางสาวณัจสิญาณ์ ฐากูล | D13: พัสดุ | G13: 6669.4 | S13: =SUM(E13:R13) -> 6669.4
A14: 004 | B14: 11 ม.ค.65 | C14: นางสาวณัฐสิญาณ์ ฐากูล | D14: พัสดุ | G14: 4000 | S14: =SUM(E14:R14) -> 4000
A15: 005 | B15: 19 ม.ค.65 | C15: นางสาวกรรธิมา สุโคมุด | D15: พัสดุ | G15: 5890 | S15: =SUM(E15:R15) -> 5890
A16: 006 | B16: 21 มี.ค.65 | C16: นางสาวณัฐสิญาณ์ ฐากูล | D16: พัสดุ | O16: 2464.5 | S16: =SUM(E16:R16) -> 2464.5
A17: 007 | B17: 21 มี.ค.65 | C17: นางสาวกรรธิมา สุโคมุด | D17: พัสดุ | O17: 4141 | S17: =SUM(E17:R17) -> 4141
A18: 008 | S18: =SUM(E18:R18) -> 0
A19: 009 | S19: =SUM(E19:R19) -> 0
A20: 010 | S20: =SUM(E20:R20) -> 0
A21: 011 | S21: =SUM(E21:R21) -> 0
A22: 012 | S22: =SUM(E22:R22) -> 0
A23: 013 | S23: =SUM(E23:R23) -> 0
A24: 014 | S24: =SUM(E24:R24) -> 0
A25: 015 | S25: =SUM(E25:R25) -> 0
A26: 016 | S26: =SUM(E26:R26) -> 0
A27: 017 | S27: =SUM(E27:R27) -> 0
A28: 018 | S28: =SUM(E28:R28) -> 0
A29: 019 | S29: =SUM(E29:R29) -> 0
... A45: 035 | S45: =SUM(E45:R45) -> 0

Sheet 311
A1: กลับไปที่หน้าจัดสรร งปม.
E2: =Note!$B$1 -> วิทยาลัยการอาชีพนวมินทราชินีแม่ฮ่องสอน
E3: เงินงบประมาณ | H3: เงินอุดหนุน | O3: งบรายจ่ายอื่น | Q3: เงิน บกศ. | S3: รวม
E4: ปวช. | F4: ปวส. | G4: ระยะสั้น | H4: จัดการเรียน | I4: หนังสือ | J4: เครื่องแบบ | K4: กิจกรรม | L4: อุปกรณ์ | M4: เครื่องมือ | N4: ทั่วไป | O4: โครงการ | P4: เงินนอกงบ | Q4: เงินรายได้ | R4: เงินรับฝาก
D5: ได้รับมา | E5: ='จัดสรร งปม.'!D41 -> 0 | F5: ='จัดสรร งปม.'!E41 -> 0 | G5: ='จัดสรร งปม.'!F41 -> 0 | H5: ='จัดสรร งปม.'!G41 -> 0 | I5: ='จัดสรร งปม.'!H41 -> 0 | J5: ='จัดสรร งปม.'!I41 -> 0 | K5: ='จัดสรร งปม.'!J41 -> 0 | L5: ='จัดสรร งปม.'!K41 -> 0 | N5: ='จัดสรร งปม.'!L41 -> 0 | P5: ='จัดสรร งปม.'!N41 -> 0 | Q5: ='จัดสรร งปม.'!P41 -> 6000 | R5: ='จัดสรร งปม.'!Q41 -> 0 | S5: ='จัดสรร งปม.'!R41 -> 6000
D6: ใช้ไปแล้ว | E6: =SUM(E11:E45) -> 0 | F6: =SUM(F11:F45) -> 0 | G6: =SUM(G11:G45) -> 0 | H6: =SUM(H11:H45) -> 0 | I6: =SUM(I11:I45) -> 0 | J6: =SUM(J11:J45) -> 0 | K6: =SUM(K11:K45) -> 0 | L6: =SUM(L11:L45) -> 0 | N6: =SUM(N11:N45) -> 0 | P6: =SUM(P11:P45) -> 0 | Q6: =SUM(Q11:Q45) -> 6000 | R6: =SUM(R11:R45) -> 0 | S6: =SUM(S11:S45) -> 6000
B7: งบดำเนินงาน (ค่าใช้สอย) | D7: เหลือ | E7: =E5-E6 -> 0 | F7: =F5-F6 -> 0 | G7: =G5-G6 -> 0 | H7: =H5-H6 -> 0 | I7: =I5-I6 -> 0 | J7: =J5-J6 -> 0 | K7: =K5-K6 -> 0 | L7: =L5-L6 -> 0 | N7: =N5-N6 -> 0 | P7: =P5-P6 -> 0 | Q7: =Q5-Q6 -> 0 | R7: =R5-R6 -> 0 | S7: =S5-S6 -> 0
B8: รหัสรายการจ่าย | C8: ='จัดสรร งปม.'!$B$41 -> 311
B9: รายการจ่าย | C9: ='จัดสรร งปม.'!$C$41 -> ค่าขยะมูลฝอย
A10: รหัส | B10: วันที่ | C10: ชื่อผู้ขอใช้ | D10: แผนก/งาน | E10: ปวช. | F10: ปวส. | G10: ระยะสั้น | H10: อุดหนุน | I10: หนังสือ | J10: เครื่องแบบ | K10: กิจกรรม | L10: อุปกรณ์ | M10: เครื่องมือ | N10: ทั่วไป | O10: =+O4 -> โครงการ | P10: =+P4 -> เงินนอกงบ | Q10: เงินรายได้ | R10: เงินรับฝาก | S10: รวม
A11: 001 | B11: 24 พ.ย.64 | C11: นางสาวณัจสิญาณ์ ฐากูล | D11: พัสดุ | Q11: 2000 | S11: =SUM(E11:R11) -> 2000
A12: 002 | B12: 27 ธ.ค.64 | C12: นางสาวกรรธิมา สุโคมุด | D12: พัสดุ | Q12: 1000 | S12: =SUM(E12:R12) -> 1000
A13: 003 | B13: 19 ม.ค.65 | C13: นางสาวณัจสิญาณ์ ฐากูล | D13: พัสดุ | Q13: 1000 | S13: =SUM(E13:R13) -> 1000
A14: 004 | B14: 23 ก.พ.65 | C14: นางสาวกรรธิมา สุโคมุด | D14: พัสดุ | Q14: 1000 | S14: =SUM(E14:R14) -> 1000
A15: 005 | B15: 25 มี.ค.65 | C15: นางสาวกรรธิมา สุโคมุด | D15: พัสดุ | Q15: 1000 | S15: =SUM(E15:R15) -> 1000
A16: 006 | S16: =SUM(E16:R16) -> 0
A17: 007 | S17: =SUM(E17:R17) -> 0
A18: 008 | S18: =SUM(E18:R18) -> 0
A19: 009 | S19: =SUM(E19:R19) -> 0
A20: 010 | S20: =SUM(E20:R20) -> 0
A21: 011 | S21: =SUM(E21:R21) -> 0
A22: 012 | S22: =SUM(E22:R22) -> 0
A23: 013 | S23: =SUM(E23:R23) -> 0
A24: 014 | S24: =SUM(E24:R24) -> 0
A25: 015 | S25: =SUM(E25:R25) -> 0
A26: 016 | S26: =SUM(E26:R26) -> 0
A27: 017 | S27: =SUM(E27:R27) -> 0
... A45: 035 | S45: =SUM(E45:R45) -> 0

Sheet 312
A1: กลับไปที่หน้าจัดสรร งปม.
E2: =Note!$B$1 -> วิทยาลัยการอาชีพนวมินทราชินีแม่ฮ่องสอน
E3: เงินงบประมาณ | H3: เงินอุดหนุน | O3: งบรายจ่ายอื่น | Q3: เงิน บกศ. | S3: รวม
E4: ปวช. | F4: ปวส. | G4: ระยะสั้น | H4: จัดการเรียน | I4: หนังสือ | J4: เครื่องแบบ | K4: กิจกรรม | L4: อุปกรณ์ | M4: เครื่องมือ | N4: ทั่วไป | O4: โครงการ | P4: เงินนอกงบ | Q4: เงินรายได้ | R4: เงินรับฝาก
D5: ได้รับมา | E5: ='จัดสรร งปม.'!D42 -> 0 | F5: ='จัดสรร งปม.'!E42 -> 0 | G5: ='จัดสรร งปม.'!F42 -> 0 | H5: ='จัดสรร งปม.'!G42 -> 0 | I5: ='จัดสรร งปม.'!H42 -> 0 | J5: ='จัดสรร งปม.'!I42 -> 0 | K5: ='จัดสรร งปม.'!J42 -> 0 | L5: ='จัดสรร งปม.'!K42 -> 0 | N5: ='จัดสรร งปม.'!L42 -> 0 | P5: ='จัดสรร งปม.'!N42 -> 0 | Q5: ='จัดสรร งปม.'!P42 -> 4013 | R5: ='จัดสรร งปม.'!Q42 -> 0 | S5: ='จัดสรร งปม.'!R42 -> 4013
D6: ใช้ไปแล้ว | E6: =SUM(E11:E45) -> 0 | F6: =SUM(F11:F45) -> 0 | G6: =SUM(G11:G45) -> 0 | H6: =SUM(H11:H45) -> 0 | I6: =SUM(I11:I45) -> 0 | J6: =SUM(J11:J45) -> 0 | K6: =SUM(K11:K45) -> 0 | L6: =SUM(L11:L45) -> 0 | N6: =SUM(N11:N45) -> 0 | P6: =SUM(P11:P45) -> 0 | Q6: =SUM(Q11:Q45) -> 4013 | R6: =SUM(R11:R45) -> 0 | S6: =SUM(S11:S45) -> 4013
B7: งบดำเนินงาน (ค่าใช้สอย) | D7: เหลือ | E7: =E5-E6 -> 0 | F7: =F5-F6 -> 0 | G7: =G5-G6 -> 0 | H7: =H5-H6 -> 0 | I7: =I5-I6 -> 0 | J7: =J5-J6 -> 0 | K7: =K5-K6 -> 0 | L7: =L5-L6 -> 0 | N7: =N5-N6 -> 0 | P7: =P5-P6 -> 0 | Q7: =Q5-Q6 -> 0 | R7: =R5-R6 -> 0 | S7: =S5-S6 -> 0
B8: รหัสรายการจ่าย | C8: ='จัดสรร งปม.'!$B$42 -> 312
B9: รายการจ่าย | C9: ='จัดสรร งปม.'!$C$42 -> ค่าโดเมนเนม
A10: รหัส | B10: วันที่ | C10: ชื่อผู้ขอใช้ | D10: แผนก/งาน | E10: ปวช. | F10: ปวส. | G10: ระยะสั้น | H10: อุดหนุน | I10: หนังสือ | J10: เครื่องแบบ | K10: กิจกรรม | L10: อุปกรณ์ | M10: เครื่องมือ | N10: ทั่วไป | O10: =+O4 -> โครงการ | P10: =+P4 -> เงินนอกงบ | Q10: เงินรายได้ | R10: เงินรับฝาก | S10: รวม
A11: 001 | B11: 1 พ.ย.64 | C11: นายยศกร วิศรุตพงศ์ | D11: ศูนย์ข้อมูล | Q11: 4013 | S11: =SUM(E11:R11) -> 4013
A12: 002 | S12: =SUM(E12:R12) -> 0
A13: 003 | S13: =SUM(E13:R13) -> 0
A14: 004 | S14: =SUM(E14:R14) -> 0
A15: 005 | S15: =SUM(E15:R15) -> 0
A16: 006 | S16: =SUM(E16:R16) -> 0
A17: 007 | S17: =SUM(E17:R17) -> 0
A18: 008 | S18: =SUM(E18:R18) -> 0
A19: 009 | S19: =SUM(E19:R19) -> 0
A20: 010 | S20: =SUM(E20:R20) -> 0
A21: 011 | S21: =SUM(E21:R21) -> 0
A22: 012 | S22: =SUM(E22:R22) -> 0
A23: 013 | S23: =SUM(E23:R23) -> 0
... A45: 035 | S45: =SUM(E45:R45) -> 0

Sheet 313
A1: กลับไปที่หน้าจัดสรร งปม.
E2: =Note!$B$1 -> วิทยาลัยการอาชีพนวมินทราชินีแม่ฮ่องสอน
E3: เงินงบประมาณ | H3: เงินอุดหนุน | O3: งบรายจ่ายอื่น | Q3: เงิน บกศ. | S3: รวม
E4: ปวช. | F4: ปวส. | G4: ระยะสั้น | H4: จัดการเรียน | I4: หนังสือ | J4: เครื่องแบบ | K4: กิจกรรม | L4: อุปกรณ์ | M4: เครื่องมือ | N4: ทั่วไป | O4: โครงการ | P4: เงินนอกงบ | Q4: เงินรายได้ | R4: เงินรับฝาก
D5: ได้รับมา | E5: ='จัดสรร งปม.'!D43 -> 0 | F5: ='จัดสรร งปม.'!E43 -> 0 | G5: ='จัดสรร งปม.'!F43 -> 0 | H5: ='จัดสรร งปม.'!G43 -> 0 | I5: ='จัดสรร งปม.'!H43 -> 0 | J5: ='จัดสรร งปม.'!I43 -> 0 | K5: ='จัดสรร งปม.'!J43 -> 0 | L5: ='จัดสรร งปม.'!K43 -> 0 | N5: ='จัดสรร งปม.'!L43 -> 0 | P5: ='จัดสรร งปม.'!N43 -> 0 | Q5: ='จัดสรร งปม.'!P43 -> 2352 | R5: ='จัดสรร งปม.'!Q43 -> 0 | S5: ='จัดสรร งปม.'!R43 -> 2352
D6: ใช้ไปแล้ว | E6: =SUM(E11:E45) -> 0 | F6: =SUM(F11:F45) -> 0 | G6: =SUM(G11:G45) -> 0 | H6: =SUM(H11:H45) -> 0 | I6: =SUM(I11:I45) -> 0 | J6: =SUM(J11:J45) -> 0 | K6: =SUM(K11:K45) -> 0 | L6: =SUM(L11:L45) -> 0 | N6: =SUM(N11:N45) -> 0 | P6: =SUM(P11:P45) -> 0 | Q6: =SUM(Q11:Q45) -> 2352 | R6: =SUM(R11:R45) -> 0 | S6: =SUM(S11:S45) -> 2352
B7: งบดำเนินงาน (ค่าใช้สอย) | D7: เหลือ | E7: =E5-E6 -> 0 | F7: =F5-F6 -> 0 | G7: =G5-G6 -> 0 | H7: =H5-H6 -> 0 | I7: =I5-I6 -> 0 | J7: =J5-J6 -> 0 | K7: =K5-K6 -> 0 | L7: =L5-L6 -> 0 | N7: =N5-N6 -> 0 | P7: =P5-P6 -> 0 | Q7: =Q5-Q6 -> 0 | R7: =R5-R6 -> 0 | S7: =S5-S6 -> 0
B8: รหัสรายการจ่าย | C8: ='จัดสรร งปม.'!$B$43 -> 313
B9: รายการจ่าย | C9: ='จัดสรร งปม.'!$C$43 -> เงินสมทบกองทุนเงินทดแทน
A10: รหัส | B10: วันที่ | C10: ชื่อผู้ขอใช้ | D10: แผนก/งาน | E10: ปวช. | F10: ปวส. | G10: ระยะสั้น | H10: อุดหนุน | I10: หนังสือ | J10: เครื่องแบบ | K10: กิจกรรม | L10: อุปกรณ์ | M10: เครื่องมือ | N10: ทั่วไป | O10: =+O4 -> โครงการ | P10: =+P4 -> เงินนอกงบ | Q10: เงินรายได้ | R10: เงินรับฝาก | S10: รวม
A11: 001 | B11: 8 มี.ค.64 | C11: นางอำโนญ พัฒนกสิกร | D11: การเงิน | Q11: 2352 | S11: =SUM(E11:R11) -> 2352
A12: 002 | S12: =SUM(E12:R12) -> 0
A13: 003 | S13: =SUM(E13:R13) -> 0
A14: 004 | S14: =SUM(E14:R14) -> 0
A15: 005 | S15: =SUM(E15:R15) -> 0
A16: 006 | S16: =SUM(E16:R16) -> 0
A17: 007 | S17: =SUM(E17:R17) -> 0
A18: 008 | S18: =SUM(E18:R18) -> 0
A19: 009 | S19: =SUM(E19:R19) -> 0
A20: 010 | S20: =SUM(E20:R20) -> 0
A21: 011 | S21: =SUM(E21:R21) -> 0
A22: 012 | S22: =SUM(E22:R22) -> 0
A23: 013 | S23: =SUM(E23:R23) -> 0
... A45: 035 | S45: =SUM(E45:R45) -> 0

Sheet 314
A1: กลับไปที่หน้าจัดสรร งปม.
E2: =Note!$B$1 -> วิทยาลัยการอาชีพนวมินทราชินีแม่ฮ่องสอน
E3: เงินงบประมาณ | H3: เงินอุดหนุน | O3: งบรายจ่ายอื่น | Q3: เงิน บกศ. | S3: รวม
E4: ปวช. | F4: ปวส. | G4: ระยะสั้น | H4: จัดการเรียน | I4: หนังสือ | J4: เครื่องแบบ | K4: กิจกรรม | L4: อุปกรณ์ | M4: เครื่องมือ | N4: ทั่วไป | O4: โครงการ | P4: เงินนอกงบ | Q4: เงินรายได้ | R4: เงินรับฝาก
D5: ได้รับมา | E5: ='จัดสรร งปม.'!D44 -> 0 | F5: ='จัดสรร งปม.'!E44 -> 0 | G5: ='จัดสรร งปม.'!F44 -> 0 | H5: ='จัดสรร งปม.'!G44 -> 0 | I5: ='จัดสรร งปม.'!H44 -> 0 | J5: ='จัดสรร งปม.'!I44 -> 0 | K5: ='จัดสรร งปม.'!J44 -> 0 | L5: ='จัดสรร งปม.'!K44 -> 0 | N5: ='จัดสรร งปม.'!L44 -> 0 | P5: ='จัดสรร งปม.'!N44 -> 0 | Q5: ='จัดสรร งปม.'!P44 -> 0 | R5: ='จัดสรร งปม.'!Q44 -> 0 | S5: ='จัดสรร งปม.'!R44 -> 0
D6: ใช้ไปแล้ว | E6: =SUM(E11:E45) -> 40 | F6: =SUM(F11:F45) -> 0 | G6: =SUM(G11:G45) -> 0 | H6: =SUM(H11:H45) -> 0 | I6: =SUM(I11:I45) -> 0 | J6: =SUM(J11:J45) -> 0 | K6: =SUM(K11:K45) -> 0 | L6: =SUM(L11:L45) -> 0 | N6: =SUM(N11:N45) -> 0 | P6: =SUM(P11:P45) -> 0 | Q6: =SUM(Q11:Q45) -> 0 | R6: =SUM(R11:R45) -> 0 | S6: =SUM(S11:S45) -> 40
B7: งบดำเนินงาน (ค่าใช้สอย) | D7: เหลือ | E7: =E5-E6 -> -40 | F7: =F5-F6 -> 0 | G7: =G5-G6 -> 0 | H7: =H5-H6 -> 0 | I7: =I5-I6 -> 0 | J7: =J5-J6 -> 0 | K7: =K5-K6 -> 0 | L7: =L5-L6 -> 0 | N7: =N5-N6 -> 0 | P7: =P5-P6 -> 0 | Q7: =Q5-Q6 -> 0 | R7: =R5-R6 -> 0 | S7: =S5-S6 -> -40
B8: รหัสรายการจ่าย | C8: ='จัดสรร งปม.'!$B$44 -> 314
B9: รายการจ่าย | C9: ='จัดสรร งปม.'!$C$44 -> สำรอง 5
A10: รหัส | B10: วันที่ | C10: ชื่อผู้ขอใช้ | D10: แผนก/งาน | E10: ปวช. | F10: ปวส. | G10: ระยะสั้น | H10: อุดหนุน | I10: หนังสือ | J10: เครื่องแบบ | K10: กิจกรรม | L10: อุปกรณ์ | M10: เครื่องมือ | N10: ทั่วไป | O10: =+O4 -> โครงการ | P10: =+P4 -> เงินนอกงบ | Q10: เงินรายได้ | R10: เงินรับฝาก | S10: รวม
A11: 001 | E11: 40 | S11: =SUM(E11:R11) -> 40
A12: 002 | S12: =SUM(E12:R12) -> 0
A13: 003 | S13: =SUM(E13:R13) -> 0
A14: 004 | S14: =SUM(E14:R14) -> 0
A15: 005 | S15: =SUM(E15:R15) -> 0
A16: 006 | S16: =SUM(E16:R16) -> 0
A17: 007 | S17: =SUM(E17:R17) -> 0
A18: 008 | S18: =SUM(E18:R18) -> 0
A19: 009 | S19: =SUM(E19:R19) -> 0
A20: 010 | S20: =SUM(E20:R20) -> 0
A21: 011 | S21: =SUM(E21:R21) -> 0
A22: 012 | S22: =SUM(E22:R22) -> 0
A23: 013 | S23: =SUM(E23:R23) -> 0
... A45: 035 | S45: =SUM(E45:R45) -> 0

Sheet 401
A1: กลับไปที่หน้าจัดสรร งปม.
E2: =Note!$B$1 -> วิทยาลัยการอาชีพนวมินทราชินีแม่ฮ่องสอน
E3: เงินงบประมาณ | H3: เงินอุดหนุน | O3: งบรายจ่ายอื่น | Q3: เงิน บกศ. | S3: รวม
E4: ปวช. | F4: ปวส. | G4: ระยะสั้น | H4: จัดการเรียน | I4: หนังสือ | J4: เครื่องแบบ | K4: กิจกรรม | L4: อุปกรณ์ | M4: เครื่องมือ | N4: ทั่วไป | O4: โครงการ | P4: เงินนอกงบ | Q4: เงินรายได้ | R4: เงินรับฝาก
D5: ได้รับมา | E5: ='จัดสรร งปม.'!D46 -> 35500 | F5: ='จัดสรร งปม.'!E46 -> 62000 | G5: ='จัดสรร งปม.'!F46 -> 15188 | H5: ='จัดสรร งปม.'!G46 -> 0 | I5: ='จัดสรร งปม.'!H46 -> 0 | J5: ='จัดสรร งปม.'!I46 -> 0 | K5: ='จัดสรร งปม.'!J46 -> 0 | L5: ='จัดสรร งปม.'!K46 -> 0 | N5: ='จัดสรร งปม.'!L46 -> 0 | P5: ='จัดสรร งปม.'!N46 -> 0 | Q5: ='จัดสรร งปม.'!P46 -> 2500 | R5: ='จัดสรร งปม.'!Q46 -> 0 | S5: ='จัดสรร งปม.'!R46 -> 115188
D6: ใช้ไปแล้ว | E6: =SUM(E11:E45) -> 35500 | F6: =SUM(F11:F45) -> 62000 | G6: =SUM(G11:G45) -> 15188 | H6: =SUM(H11:H45) -> 0 | I6: =SUM(I11:I45) -> 0 | J6: =SUM(J11:J45) -> 0 | K6: =SUM(K11:K45) -> 0 | L6: =SUM(L11:L45) -> 0 | N6: =SUM(N11:N45) -> 0 | P6: =SUM(P11:P45) -> 0 | Q6: =SUM(Q11:Q45) -> 2500 | R6: =SUM(R11:R45) -> 0 | S6: =SUM(S11:S45) -> 115188
B7: งบดำเนินงาน (ค่าวัสดุ) | D7: เหลือ | E7: =E5-E6 -> 0 | F7: =F5-F6 -> 0 | G7: =G5-G6 -> 0 | H7: =H5-H6 -> 0 | I7: =I5-I6 -> 0 | J7: =J5-J6 -> 0 | K7: =K5-K6 -> 0 | L7: =L5-L6 -> 0 | N7: =N5-N6 -> 0 | P7: =P5-P6 -> 0 | Q7: =Q5-Q6 -> 0 | R7: =R5-R6 -> 0 | S7: =S5-S6 -> 0
B8: รหัสรายการจ่าย | C8: ='จัดสรร งปม.'!$B$46 -> 401
B9: รายการจ่าย | C9: ='จัดสรร งปม.'!$C$46 -> แผนกวิชาช่างก่อสร้าง
A10: รหัส | B10: วันที่ | C10: ชื่อผู้ขอใช้ | D10: แผนก/งาน | E10: ปวช. | F10: ปวส. | G10: ระยะสั้น | H10: อุดหนุน | I10: หนังสือ | J10: เครื่องแบบ | K10: กิจกรรม | L10: อุปกรณ์ | M10: เครื่องมือ | N10: ทั่วไป | O10: =+O4 -> โครงการ | P10: =+P4 -> เงินนอกงบ | Q10: เงินรายได้ | R10: เงินรับฝาก | S10: รวม
A11: 001 | B11: 25 ต.ค64 | C11: นางสาวจุฑามาศ บัวขาว | D11: ก่อสร้าง | E11: 13000 | S11: =SUM(E11:R11) -> 13000
A12: 002 | B12: 25 ต.ค64 | C12: นางสาวจุฑามาศ บัวขาว | D12: ก่อสร้าง | E12: 10000 | S12: =SUM(E12:R12) -> 10000
A13: 003 | B13: 25 ต.ค64 | C13: นางสาวจุฑามาศ บัวขาว | D13: ก่อสร้าง | E13: 10000 | S13: =SUM(E13:R13) -> 10000
A14: 004 | B14: 25 ต.ค64 | C14: นายปัชชากร โนวรรณ | D14: ก่อสร้าง | E14: 2500 | S14: =SUM(E14:R14) -> 2500
A15: 005 | B15: 25 ต.ค64 | C15: นายปัชชากร โนวรรณ | D15: ก่อสร้าง | F15: 7500 | S15: =SUM(E15:R15) -> 7500
A16: 006 | B16: 25 ต.ค64 | C16: นายปัชชากร โนวรรณ | D16: ก่อสร้าง | F16: 7500 | S16: =SUM(E16:R16) -> 7500
A17: 007 | B17: 25 ต.ค64 | C17: นายปัชชากร โนวรรณ | D17: ก่อสร้าง | Q17: 2500 | S17: =SUM(E17:R17) -> 2500
A18: 008 | B18: 25 ต.ค64 | C18: นางสาวรสสุคนธ์ เยาวเรศ | D18: ก่อสร้าง | F18: 7000 | S18: =SUM(E18:R18) -> 7000
A19: 009 | B19: 25 ต.ค64 | C19: นางสาวรสสุคนธ์ เยาวเรศ | D19: ก่อสร้าง | F19: 6000 | S19: =SUM(E19:R19) -> 6000
A20: 010 | B20: 25 ต.ค64 | C20: นางสาวรสสุคนธ์ เยาวเรศ | D20: ก่อสร้าง | F20: 6000 | S20: =SUM(E20:R20) -> 6000
A21: 011 | B21: 25 ต.ค64 | C21: นางสาวรสสุคนธ์ เยาวเรศ | D21: ก่อสร้าง | F21: 10000 | S21: =SUM(E21:R21) -> 10000
A22: 012 | B22: 26 ต.ค64 | C22: นางสาวรสสุคนธ์ เยาวเรศ | D22: ก่อสร้าง | F22: 10000 | S22: =SUM(E22:R22) -> 10000
A23: 013 | B23: 27 ต.ค64 | C23: นางสาวรสสุคนธ์ เยาวเรศ | D23: ก่อสร้าง | F23: 8000 | S23: =SUM(E23:R23) -> 8000
A24: 014 | B24: 9 ธ.ค.64 | C24: นางสาวรสสุคนธ์ เยาวเรศ | D24: ก่อสร้าง | G24: 15188 | S24: =SUM(E24:R24) -> 15188
A25: 015 | S25: =SUM(E25:R25) -> 0
A26: 016 | S26: =SUM(E26:R26) -> 0
A27: 017 | S27: =SUM(E27:R27) -> 0
A28: 018 | S28: =SUM(E28:R28) -> 0
A29: 019 | S29: =SUM(E29:R29) -> 0
A30: 020 | S30: =SUM(E30:R30) -> 0
A31: 021 | S31: =SUM(E31:R31) -> 0
A32: 022 | S32: =SUM(E32:R32) -> 0
A33: 023 | S33: =SUM(E33:R33) -> 0
A34: 024 | S34: =SUM(E34:R34) -> 0
A35: 025 | S35: =SUM(E35:R35) -> 0
A36: 026 | S36: =SUM(E36:R36) -> 0
... A45: 035 | S45: =SUM(E45:R45) -> 0

Sheet 402
A1: กลับไปที่หน้าจัดสรร งปม.
E2: =Note!$B$1 -> วิทยาลัยการอาชีพนวมินทราชินีแม่ฮ่องสอน
E3: เงินงบประมาณ | H3: เงินอุดหนุน | O3: งบรายจ่ายอื่น | Q3: เงิน บกศ. | S3: รวม
E4: ปวช. | F4: ปวส. | G4: ระยะสั้น | H4: จัดการเรียน | I4: หนังสือ | J4: เครื่องแบบ | K4: กิจกรรม | L4: อุปกรณ์ | M4: เครื่องมือ | N4: ทั่วไป | O4: โครงการ | P4: เงินนอกงบ | Q4: เงินรายได้ | R4: เงินรับฝาก
D5: ได้รับมา | E5: ='จัดสรร งปม.'!D47 -> 13000 | F5: ='จัดสรร งปม.'!E47 -> 74000 | G5: ='จัดสรร งปม.'!F47 -> 2600 | H5: ='จัดสรร งปม.'!G47 -> 0 | I5: ='จัดสรร งปม.'!H47 -> 0 | J5: ='จัดสรร งปม.'!I47 -> 0 | K5: ='จัดสรร งปม.'!J47 -> 0 | L5: ='จัดสรร งปม.'!K47 -> 0 | N5: ='จัดสรร งปม.'!L47 -> 0 | P5: ='จัดสรร งปม.'!N47 -> 0 | Q5: ='จัดสรร งปม.'!P47 -> 13000 | R5: ='จัดสรร งปม.'!Q47 -> 0 | S5: ='จัดสรร งปม.'!R47 -> 102600
D6: ใช้ไปแล้ว | E6: =SUM(E11:E45) -> 13000 | F6: =SUM(F11:F45) -> 74000 | G6: =SUM(G11:G45) -> 2600 | H6: =SUM(H11:H45) -> 0 | I6: =SUM(I11:I45) -> 0 | J6: =SUM(J11:J45) -> 0 | K6: =SUM(K11:K45) -> 0 | L6: =SUM(L11:L45) -> 0 | N6: =SUM(N11:N45) -> 0 | P6: =SUM(P11:P45) -> 0 | Q6: =SUM(Q11:Q45) -> 13000 | R6: =SUM(R11:R45) -> 0 | S6: =SUM(S11:S45) -> 102600
B7: งบดำเนินงาน (ค่าวัสดุ) | D7: เหลือ | E7: =E5-E6 -> 0 | F7: =F5-F6 -> 0 | G7: =G5-G6 -> 0 | H7: =H5-H6 -> 0 | I7: =I5-I6 -> 0 | J7: =J5-J6 -> 0 | K7: =K5-K6 -> 0 | L7: =L5-L6 -> 0 | N7: =N5-N6 -> 0 | P7: =P5-P6 -> 0 | Q7: =Q5-Q6 -> 0 | R7: =R5-R6 -> 0 | S7: =S5-S6 -> 0
B8: รหัสรายการจ่าย | C8: ='จัดสรร งปม.'!$B$47 -> 402
B9: รายการจ่าย | C9: ='จัดสรร งปม.'!$C$47 -> แผนกวิชาช่างยนต์
A10: รหัส | B10: วันที่ | C10: ชื่อผู้ขอใช้ | D10: แผนก/งาน | E10: ปวช. | F10: ปวส. | G10: ระยะสั้น | H10: อุดหนุน | I10: หนังสือ | J10: เครื่องแบบ | K10: กิจกรรม | L10: อุปกรณ์ | M10: เครื่องมือ | N10: ทั่วไป | O10: =+O4 -> โครงการ | P10: =+P4 -> เงินนอกงบ | Q10: เงินรายได้ | R10: เงินรับฝาก | S10: รวม
A11: 001 | B11: 25 ต.ค.64 | C11: นายสุทธิพันธ์ สุทธิแสน | D11: ช่างยนต์ | F11: 10000 | S11: =SUM(E11:R11) -> 10000
A12: 002 | B12: 25 ต.ค.64 | C12: นายสุทธิพันธ์ สุทธิแสน | D12: ช่างยนต์ | E12: 13000 | S12: =SUM(E12:R12) -> 13000
A13: 003 | B13: 25 ต.ค.64 | C13: นายชนวีร์ วิหคเชษฐ์ชัย | D13: ช่างยนต์ | F13: 12000 | S13: =SUM(E13:R13) -> 12000
A14: 004 | B14: 25 ต.ค.64 | C14: นายชนวีร์ วิหคเชษฐ์ชัย | D14: ช่างยนต์ | Q14: 13000 | S14: =SUM(E14:R14) -> 13000
A15: 005 | B15: 25 ต.ค.64 | C15: นายปิยะพงษ์ ชื่นมงคล | D15: ช่างยนต์ | F15: 13000 | S15: =SUM(E15:R15) -> 13000
A16: 006 | B16: 25 ต.ค.64 | C16: นายคณิต ศิริมาเมือง | D16: ช่างยนต์ | F16: 13000 | S16: =SUM(E16:R16) -> 13000
A17: 007 | B17: 25 ต.ค.64 | C17: นายศิวกร ทองพูลเจริญดี | D17: ช่างยนต์ | F17: 13000 | S17: =SUM(E17:R17) -> 13000
A18: 008 | B18: 25 ต.ค.64 | C18: นายพงษ์ศักดิ์ ศิริมาเมือง | D18: ช่างยนต์ | F18: 13000 | S18: =SUM(E18:R18) -> 13000
A19: 009 | B19: 15 มี.ค.65 | C19: นายสุทธิพันธ์ สุทธิแสน | D19: ช่างยนต์ | G19: 800 | H19: แก้ยอด | S19: =SUM(E19:R19) -> 800
A20: 010 | B20: 15 มี.ค.65 | C20: นายเมธัส ไพศาลนิรันดร์กาล | D20: ช่างยนต์ | G20: 800 | H20: แก้ยอด | S20: =SUM(E20:R20) -> 800
A21: 011 | B21: 24 มี.ค.65 | C21: นายชนวีร์ วิหคเชษฐ์ชัย | D21: ช่างยนต์ | G21: 1000 | S21: =SUM(E21:R21) -> 1000
A22: 012 | S22: =SUM(E22:R22) -> 0
A23: 013 | S23: =SUM(E23:R23) -> 0
A24: 014 | S24: =SUM(E24:R24) -> 0
A25: 015 | S25: =SUM(E25:R25) -> 0
A26: 016 | S26: =SUM(E26:R26) -> 0
A27: 017 | S27: =SUM(E27:R27) -> 0
A28: 018 | S28: =SUM(E28:R28) -> 0
A29: 019 | S29: =SUM(E29:R29) -> 0
A30: 020 | S30: =SUM(E30:R30) -> 0
A31: 021 | S31: =SUM(E31:R31) -> 0
A32: 022 | S32: =SUM(E32:R32) -> 0
A33: 023 | S33: =SUM(E33:R33) -> 0
... A45: 035 | S45: =SUM(E45:R45) -> 0

Sheet 403
A1: กลับไปที่หน้าจัดสรร งปม.
E2: =Note!$B$1 -> วิทยาลัยการอาชีพนวมินทราชินีแม่ฮ่องสอน
E3: เงินงบประมาณ | H3: เงินอุดหนุน | O3: งบรายจ่ายอื่น | Q3: เงิน บกศ. | S3: รวม
E4: ปวช. | F4: ปวส. | G4: ระยะสั้น | H4: จัดการเรียน | I4: หนังสือ | J4: เครื่องแบบ | K4: กิจกรรม | L4: อุปกรณ์ | M4: เครื่องมือ | N4: ทั่วไป | O4: โครงการ | P4: เงินนอกงบ | Q4: เงินรายได้ | R4: เงินรับฝาก
D5: ได้รับมา | E5: ='จัดสรร งปม.'!D48 -> 0 | F5: ='จัดสรร งปม.'!E48 -> 69710 | G5: ='จัดสรร งปม.'!F48 -> 500 | H5: ='จัดสรร งปม.'!G48 -> 0 | I5: ='จัดสรร งปม.'!H48 -> 0 | J5: ='จัดสรร งปม.'!I48 -> 0 | K5: ='จัดสรร งปม.'!J48 -> 0 | L5: ='จัดสรร งปม.'!K48 -> 0 | N5: ='จัดสรร งปม.'!L48 -> 0 | P5: ='จัดสรร งปม.'!N48 -> 0 | Q5: ='จัดสรร งปม.'!P48 -> 30290 | R5: ='จัดสรร งปม.'!Q48 -> 0 | S5: ='จัดสรร งปม.'!R48 -> 100500
D6: ใช้ไปแล้ว | E6: =SUM(E11:E45) -> 0 | F6: =SUM(F11:F45) -> 69710 | G6: =SUM(G11:G45) -> 500 | H6: =SUM(H11:H45) -> 0 | I6: =SUM(I11:I45) -> 0 | J6: =SUM(J11:J45) -> 0 | K6: =SUM(K11:K45) -> 0 | L6: =SUM(L11:L45) -> 0 | N6: =SUM(N11:N45) -> 0 | P6: =SUM(P11:P45) -> 0 | Q6: =SUM(Q11:Q45) -> 30290 | R6: =SUM(R11:R45) -> 0 | S6: =SUM(S11:S45) -> 100500
B7: งบดำเนินงาน (ค่าวัสดุ) | D7: เหลือ | E7: =E5-E6 -> 0 | F7: =F5-F6 -> 0 | G7: =G5-G6 -> 0 | H7: =H5-H6 -> 0 | I7: =I5-I6 -> 0 | J7: =J5-J6 -> 0 | K7: =K5-K6 -> 0 | L7: =L5-L6 -> 0 | N7: =N5-N6 -> 0 | P7: =P5-P6 -> 0 | Q7: =Q5-Q6 -> 0 | R7: =R5-R6 -> 0 | S7: =S5-S6 -> 0
B8: รหัสรายการจ่าย | C8: ='จัดสรร งปม.'!$B$48 -> 403
B9: รายการจ่าย | C9: ='จัดสรร งปม.'!$C$48 -> แผนกวิชาช่างไฟฟ้ากำลัง
A10: รหัส | B10: วันที่ | C10: ชื่อผู้ขอใช้ | D10: แผนก/งาน | E10: ปวช. | F10: ปวส. | G10: ระยะสั้น | H10: อุดหนุน | I10: หนังสือ | J10: เครื่องแบบ | K10: กิจกรรม | L10: อุปกรณ์ | M10: เครื่องมือ | N10: ทั่วไป | O10: =+O4 -> โครงการ | P10: =+P4 -> เงินนอกงบ | Q10: เงินรายได้ | R10: เงินรับฝาก | S10: รวม
A11: 001 | B11: 1 พ.ย. 64 | C11: นายชยานนท์ มงคลเทพ | D11: ช่างไฟฟ้า | Q11: 15290 | S11: =SUM(E11:R11) -> 15290
A12: 002 | B12: 1 พ.ย. 64 | C12: นายเอกนรินทร์ กล้าแข็ง | D12: ช่างไฟฟ้า | F12: 10000 | S12: =SUM(E12:R12) -> 10000
A13: 003 | B13: 1 พ.ย. 64 | C13: นายเอกนรินทร์ กล้าแข็ง | D13: ช่างไฟฟ้า | Q13: 15000 | S13: =SUM(E13:R13) -> 15000
A14: 004 | B14: 1 พ.ย. 64 | C14: นายภูวิศ พัชรวิทิศโชติ | D14: ช่างไฟฟ้า | F14: 10000 | S14: =SUM(E14:R14) -> 10000
A15: 005 | B15: 1 พ.ย. 64 | C15: นายชยานนท์ มงคลเทพ | D15: ช่างไฟฟ้า | F15: 9710 | S15: =SUM(E15:R15) -> 9710
A16: 006 | B16: 1 พ.ย. 64 | C16: นายกฤษณะ ศิริพัฒนศักดิ์ | D16: ช่างไฟฟ้า | F16: 25000 | S16: =SUM(E16:R16) -> 25000
A17: 007 | B17: 1 พ.ย. 64 | C17: นายภูวิศ พัชรวิทิศโชติ | D17: ช่างไฟฟ้า | F17: 15000 | S17: =SUM(E17:R17) -> 15000
A18: 008 | B18: 15 มี.ค. 65 | C18: นายเอกนรินทร์ กล้าแข็ง | D18: ช่างไฟฟ้า | G18: 500 | H18: แก้ยอด | S18: =SUM(E18:R18) -> 500
A19: 009 | S19: =SUM(E19:R19) -> 0
A20: 010 | S20: =SUM(E20:R20) -> 0
A21: 011 | S21: =SUM(E21:R21) -> 0
A22: 012 | S22: =SUM(E22:R22) -> 0
A23: 013 | S23: =SUM(E23:R23) -> 0
A24: 014 | S24: =SUM(E24:R24) -> 0
A25: 015 | S25: =SUM(E25:R25) -> 0
A26: 016 | S26: =SUM(E26:R26) -> 0
A27: 017 | S27: =SUM(E27:R27) -> 0
A28: 018 | S28: =SUM(E28:R28) -> 0
A29: 019 | S29: =SUM(E29:R29) -> 0
A30: 020 | S30: =SUM(E30:R30) -> 0
... A45: 035 | S45: =SUM(E45:R45) -> 0

Sheet 404
A1: กลับไปที่หน้าจัดสรร งปม.
E2: =Note!$B$1 -> วิทยาลัยการอาชีพนวมินทราชินีแม่ฮ่องสอน
E3: เงินงบประมาณ | H3: เงินอุดหนุน | O3: งบรายจ่ายอื่น | Q3: เงิน บกศ. | S3: รวม
E4: ปวช. | F4: ปวส. | G4: ระยะสั้น | H4: จัดการเรียน | I4: หนังสือ | J4: เครื่องแบบ | K4: กิจกรรม | L4: อุปกรณ์ | M4: เครื่องมือ | N4: ทั่วไป | O4: โครงการ | P4: เงินนอกงบ | Q4: เงินรายได้ | R4: เงินรับฝาก
D5: ได้รับมา | E5: ='จัดสรร งปม.'!D49 -> 30000 | F5: ='จัดสรร งปม.'!E49 -> 20000 | G5: ='จัดสรร งปม.'!F49 -> 4000 | H5: ='จัดสรร งปม.'!G49 -> 0 | I5: ='จัดสรร งปม.'!H49 -> 0 | J5: ='จัดสรร งปม.'!I49 -> 0 | K5: ='จัดสรร งปม.'!J49 -> 0 | L5: ='จัดสรร งปม.'!K49 -> 0 | N5: ='จัดสรร งปม.'!L49 -> 0 | P5: ='จัดสรร งปม.'!N49 -> 0 | Q5: ='จัดสรร งปม.'!P49 -> 0 | R5: ='จัดสรร งปม.'!Q49 -> 0 | S5: ='จัดสรร งปม.'!R49 -> 54000
D6: ใช้ไปแล้ว | E6: =SUM(E11:E45) -> 30000 | F6: =SUM(F11:F45) -> 20000 | G6: =SUM(G11:G45) -> 4000 | H6: =SUM(H11:H45) -> 0 | I6: =SUM(I11:I45) -> 0 | J6: =SUM(J11:J45) -> 0 | K6: =SUM(K11:K45) -> 0 | L6: =SUM(L11:L45) -> 0 | N6: =SUM(N11:N45) -> 0 | P6: =SUM(P11:P45) -> 0 | Q6: =SUM(Q11:Q45) -> 0 | R6: =SUM(R11:R45) -> 0 | S6: =SUM(S11:S45) -> 54000
B7: งบดำเนินงาน (ค่าวัสดุ) | D7: เหลือ | E7: =E5-E6 -> 0 | F7: =F5-F6 -> 0 | G7: =G5-G6 -> 0 | H7: =H5-H6 -> 0 | I7: =I5-I6 -> 0 | J7: =J5-J6 -> 0 | K7: =K5-K6 -> 0 | L7: =L5-L6 -> 0 | N7: =N5-N6 -> 0 | P7: =P5-P6 -> 0 | Q7: =Q5-Q6 -> 0 | R7: =R5-R6 -> 0 | S7: =S5-S6 -> 0
B8: รหัสรายการจ่าย | C8: ='จัดสรร งปม.'!$B$49 -> 404
B9: รายการจ่าย | C9: ='จัดสรร งปม.'!$C$49 -> แผนกวิชาช่างอิเล็กทรอนิกส์
A10: รหัส | B10: วันที่ | C10: ชื่อผู้ขอใช้ | D10: แผนก/งาน | E10: ปวช. | F10: ปวส. | G10: ระยะสั้น | H10: อุดหนุน | I10: หนังสือ | J10: เครื่องแบบ | K10: กิจกรรม | L10: อุปกรณ์ | M10: เครื่องมือ | N10: ทั่วไป | O10: =+O4 -> โครงการ | P10: =+P4 -> เงินนอกงบ | Q10: เงินรายได้ | R10: เงินรับฝาก | S10: รวม
A11: 001 | B11: 25 ต.ค.64 | C11: นายปัณณทัต ใจหล้า | D11: อิเล็กทรอนิกส์ | E11: 15000 | S11: =SUM(E11:R11) -> 15000
A12: 002 | B12: 25 ต.ค.64 | C12: นายธาดา คงจรัสแสง | D12: อิเล็กทรอนิกส์ | E12: 15000 | S12: =SUM(E12:R12) -> 15000
A13: 003 | B13: 25 ต.ค.64 | C13: นายประภาส แซ่ว้าง | D13: อิเล็กทรอนิกส์ | F13: 15000 | S13: =SUM(E13:R13) -> 15000
A14: 004 | B14: 25 ต.ค.64 | C14: นายประภาส แซ่ว้าง | D14: อิเล็กทรอนิกส์ | F14: 5000 | S14: =SUM(E14:R14) -> 5000
A15: 005 | B15: 17 มี.ค.65 | C15: นายประภาส แซ่ว้าง | D15: อิเล็กทรอนิกส์ | G15: 2000 | S15: =SUM(E15:R15) -> 2000
A16: 006 | B16: 17 มี.ค.65 | C16: นายธาดา คงจรัสแสง | D16: อิเล็กทรอนิกส์ | G16: 2000 | S16: =SUM(E16:R16) -> 2000
A17: 007 | S17: =SUM(E17:R17) -> 0
A18: 008 | S18: =SUM(E18:R18) -> 0
A19: 009 | S19: =SUM(E19:R19) -> 0
A20: 010 | S20: =SUM(E20:R20) -> 0
A21: 011 | S21: =SUM(E21:R21) -> 0
A22: 012 | S22: =SUM(E22:R22) -> 0
A23: 013 | S23: =SUM(E23:R23) -> 0
A24: 014 | S24: =SUM(E24:R24) -> 0
A25: 015 | S25: =SUM(E25:R25) -> 0
A26: 016 | S26: =SUM(E26:R26) -> 0
A27: 017 | S27: =SUM(E27:R27) -> 0
A28: 018 | S28: =SUM(E28:R28) -> 0
... A45: 035 | S45: =SUM(E45:R45) -> 0

Sheet 405
A1: กลับไปที่หน้าจัดสรร งปม.
E2: =Note!$B$1 -> วิทยาลัยการอาชีพนวมินทราชินีแม่ฮ่องสอน
E3: เงินงบประมาณ | H3: เงินอุดหนุน | O3: งบรายจ่ายอื่น | Q3: เงิน บกศ. | S3: รวม
E4: ปวช. | F4: ปวส. | G4: ระยะสั้น | H4: จัดการเรียน | I4: หนังสือ | J4: เครื่องแบบ | K4: กิจกรรม | L4: อุปกรณ์ | M4: เครื่องมือ | N4: ทั่วไป | O4: โครงการ | P4: เงินนอกงบ | Q4: เงินรายได้ | R4: เงินรับฝาก
D5: ได้รับมา | E5: ='จัดสรร งปม.'!D50 -> 4942 | F5: ='จัดสรร งปม.'!E50 -> 45058 | G5: ='จัดสรร งปม.'!F50 -> 0 | H5: ='จัดสรร งปม.'!G50 -> 0 | I5: ='จัดสรร งปม.'!H50 -> 0 | J5: ='จัดสรร งปม.'!I50 -> 0 | K5: ='จัดสรร งปม.'!J50 -> 0 | L5: ='จัดสรร งปม.'!K50 -> 0 | N5: ='จัดสรร งปม.'!L50 -> 0 | P5: ='จัดสรร งปม.'!N50 -> 0 | Q5: ='จัดสรร งปม.'!P50 -> 0 | R5: ='จัดสรร งปม.'!Q50 -> 0 | S5: ='จัดสรร งปม.'!R50 -> 50000
D6: ใช้ไปแล้ว | E6: =SUM(E11:E45) -> 4942 | F6: =SUM(F11:F45) -> 45058 | G6: =SUM(G11:G45) -> 0 | H6: =SUM(H11:H45) -> 0 | I6: =SUM(I11:I45) -> 0 | J6: =SUM(J11:J45) -> 0 | K6: =SUM(K11:K45) -> 0 | L6: =SUM(L11:L45) -> 0 | N6: =SUM(N11:N45) -> 0 | P6: =SUM(P11:P45) -> 0 | Q6: =SUM(Q11:Q45) -> 0 | R6: =SUM(R11:R45) -> 0 | S6: =SUM(S11:S45) -> 50000
B7: งบดำเนินงาน (ค่าวัสดุ) | D7: เหลือ | E7: =E5-E6 -> 0 | F7: =F5-F6 -> 0 | G7: =G5-G6 -> 0 | H7: =H5-H6 -> 0 | I7: =I5-I6 -> 0 | J7: =J5-J6 -> 0 | K7: =K5-K6 -> 0 | L7: =L5-L6 -> 0 | N7: =N5-N6 -> 0 | P7: =P5-P6 -> 0 | Q7: =Q5-Q6 -> 0 | R7: =R5-R6 -> 0 | S7: =S5-S6 -> 0
B8: รหัสรายการจ่าย | C8: ='จัดสรร งปม.'!$B$50 -> 405
B9: รายการจ่าย | C9: ='จัดสรร งปม.'!$C$50 -> แผนกวิชาการบัญชี
A10: รหัส | B10: วันที่ | C10: ชื่อผู้ขอใช้ | D10: แผนก/งาน | E10: ปวช. | F10: ปวส. | G10: ระยะสั้น | H10: อุดหนุน | I10: หนังสือ | J10: เครื่องแบบ | K10: กิจกรรม | L10: อุปกรณ์ | M10: เครื่องมือ | N10: ทั่วไป | O10: =+O4 -> โครงการ | P10: =+P4 -> เงินนอกงบ | Q10: เงินรายได้ | R10: เงินรับฝาก | S10: รวม
A11: 001 | B11: 26 ต.ค. 64 | C11: นางสางวรุ่งนภา มณีจันทร์ | D11: บัญชี | F11: 11850 | S11: =SUM(E11:R11) -> 11850
A12: 002 | B12: 26 ต.ค. 64 | C12: นางสาวอรทัย ตาคำ | D12: บัญชี | E12: 2106 | S12: =SUM(E12:R12) -> 2106
A13: 003 | B13: 26 ต.ค. 64 | C13: นางสาวอรทัย ตาคำ | D13: บัญชี | E13: 2836 | S13: =SUM(E13:R13) -> 2836
A14: 004 | B14: 26 ต.ค. 64 | C14: นางสาวอรทัย ตาคำ | D14: บัญชี | F14: 12440 | S14: =SUM(E14:R14) -> 12440
A15: 005 | B15: 26 ต.ค. 64 | C15: นายสาวอาทิตยา การเพียร | D15: บัญชี | F15: 20768 | S15: =SUM(E15:R15) -> 20768
A16: 006 | S16: =SUM(E16:R16) -> 0
A17: 007 | S17: =SUM(E17:R17) -> 0
A18: 008 | S18: =SUM(E18:R18) -> 0
A19: 009 | S19: =SUM(E19:R19) -> 0
A20: 010 | S20: =SUM(E20:R20) -> 0
A21: 011 | S21: =SUM(E21:R21) -> 0
A22: 012 | S22: =SUM(E22:R22) -> 0
A23: 013 | S23: =SUM(E23:R23) -> 0
A24: 014 | S24: =SUM(E24:R24) -> 0
A25: 015 | S25: =SUM(E25:R25) -> 0
A26: 016 | S26: =SUM(E26:R26) -> 0
A27: 017 | S27: =SUM(E27:R27) -> 0
... A45: 035 | S45: =SUM(E45:R45) -> 0

Sheet 406
A1: กลับไปที่หน้าจัดสรร งปม.
E2: =Note!$B$1 -> วิทยาลัยการอาชีพนวมินทราชินีแม่ฮ่องสอน
E3: เงินงบประมาณ | H3: เงินอุดหนุน | O3: งบรายจ่ายอื่น | Q3: เงิน บกศ. | S3: รวม
E4: ปวช. | F4: ปวส. | G4: ระยะสั้น | H4: จัดการเรียน | I4: หนังสือ | J4: เครื่องแบบ | K4: กิจกรรม | L4: อุปกรณ์ | M4: เครื่องมือ | N4: ทั่วไป | O4: โครงการ | P4: เงินนอกงบ | Q4: เงินรายได้ | R4: เงินรับฝาก
D5: ได้รับมา | E5: ='จัดสรร งปม.'!D51 -> 30000 | F5: ='จัดสรร งปม.'!E51 -> 20000 | G5: ='จัดสรร งปม.'!F51 -> 13500 | H5: ='จัดสรร งปม.'!G51 -> 0 | I5: ='จัดสรร งปม.'!H51 -> 0 | J5: ='จัดสรร งปม.'!I51 -> 0 | K5: ='จัดสรร งปม.'!J51 -> 0 | L5: ='จัดสรร งปม.'!K51 -> 0 | N5: ='จัดสรร งปม.'!L51 -> 0 | P5: ='จัดสรร งปม.'!N51 -> 0 | Q5: ='จัดสรร งปม.'!P51 -> 0 | R5: ='จัดสรร งปม.'!Q51 -> 0 | S5: ='จัดสรร งปม.'!R51 -> 63500
D6: ใช้ไปแล้ว | E6: =SUM(E11:E45) -> 30000 | F6: =SUM(F11:F45) -> 20000 | G6: =SUM(G11:G45) -> 13500 | H6: =SUM(H11:H45) -> 0 | I6: =SUM(I11:I45) -> 0 | J6: =SUM(J11:J45) -> 0 | K6: =SUM(K11:K45) -> 0 | L6: =SUM(L11:L45) -> 0 | N6: =SUM(N11:N45) -> 0 | P6: =SUM(P11:P45) -> 0 | Q6: =SUM(Q11:Q45) -> 0 | R6: =SUM(R11:R45) -> 0 | S6: =SUM(S11:S45) -> 63500
B7: งบดำเนินงาน (ค่าวัสดุ) | D7: เหลือ | E7: =E5-E6 -> 0 | F7: =F5-F6 -> 0 | G7: =G5-G6 -> 0 | H7: =H5-H6 -> 0 | I7: =I5-I6 -> 0 | J7: =J5-J6 -> 0 | K7: =K5-K6 -> 0 | L7: =L5-L6 -> 0 | N7: =N5-N6 -> 0 | P7: =P5-P6 -> 0 | Q7: =Q5-Q6 -> 0 | R7: =R5-R6 -> 0 | S7: =S5-S6 -> 0
B8: รหัสรายการจ่าย | C8: ='จัดสรร งปม.'!$B$51 -> 406
B9: รายการจ่าย | C9: ='จัดสรร งปม.'!$C$51 -> แผนกวิชาเทคโนโลยีสารสนเทศ
A10: รหัส | B10: วันที่ | C10: ชื่อผู้ขอใช้ | D10: แผนก/งาน | E10: ปวช. | F10: ปวส. | G10: ระยะสั้น | H10: อุดหนุน | I10: หนังสือ | J10: เครื่องแบบ | K10: กิจกรรม | L10: อุปกรณ์ | M10: เครื่องมือ | N10: ทั่วไป | O10: =+O4 -> โครงการ | P10: =+P4 -> เงินนอกงบ | Q10: เงินรายได้ | R10: เงินรับฝาก | S10: รวม
A11: 001 | B11: 25 ต.ค.64 | C11: นายยศกร วิศรุตพงศ์ | D11: สารสนเทศ | E11: 30000 | S11: =SUM(E11:R11) -> 30000
A12: 002 | B12: 25 ต.ค.64 | C12: นายยศกร วิศรุตพงศ์ | D12: สารสนเทศ | F12: 20000 | S12: =SUM(E12:R12) -> 20000
A13: 003 | B13: 24 ธ.ค.64 | C13: นางสาวจรรยาศิริ บุญมาลา | D13: สารสนเทศ | G13: 10500 | S13: =SUM(E13:R13) -> 10500
A14: 004 | B14: 1 ก.พ.65 | C14: นางสาวจรรยาศิริ บุญมาลา | D14: สารสนเทศ | G14: 3000 | S14: =SUM(E14:R14) -> 3000
A15: 005 | S15: =SUM(E15:R15) -> 0
A16: 006 | S16: =SUM(E16:R16) -> 0
A17: 007 | S17: =SUM(E17:R17) -> 0
A18: 008 | S18: =SUM(E18:R18) -> 0
A19: 009 | S19: =SUM(E19:R19) -> 0
A20: 010 | S20: =SUM(E20:R20) -> 0
A21: 011 | S21: =SUM(E21:R21) -> 0
A22: 012 | S22: =SUM(E22:R22) -> 0
A23: 013 | S23: =SUM(E23:R23) -> 0
A24: 014 | S24: =SUM(E24:R24) -> 0
A25: 015 | S25: =SUM(E25:R25) -> 0
A26: 016 | S26: =SUM(E26:R26) -> 0
... A45: 035 | S45: =SUM(E45:R45) -> 0

Sheet 407
A1: กลับไปที่หน้าจัดสรร งปม.
E2: =Note!$B$1 -> วิทยาลัยการอาชีพนวมินทราชินีแม่ฮ่องสอน
E3: เงินงบประมาณ | H3: เงินอุดหนุน | O3: งบรายจ่ายอื่น | Q3: เงิน บกศ. | S3: รวม
E4: ปวช. | F4: ปวส. | G4: ระยะสั้น | H4: จัดการเรียน | I4: หนังสือ | J4: เครื่องแบบ | K4: กิจกรรม | L4: อุปกรณ์ | M4: เครื่องมือ | N4: ทั่วไป | O4: โครงการ | P4: เงินนอกงบ | Q4: เงินรายได้ | R4: เงินรับฝาก
D5: ได้รับมา | E5: ='จัดสรร งปม.'!D52 -> 62605 | F5: ='จัดสรร งปม.'!E52 -> 0 | G5: ='จัดสรร งปม.'!F52 -> 4930 | H5: ='จัดสรร งปม.'!G52 -> 0 | I5: ='จัดสรร งปม.'!H52 -> 0 | J5: ='จัดสรร งปม.'!I52 -> 0 | K5: ='จัดสรร งปม.'!J52 -> 0 | L5: ='จัดสรร งปม.'!K52 -> 0 | N5: ='จัดสรร งปม.'!L52 -> 0 | P5: ='จัดสรร งปม.'!N52 -> 0 | Q5: ='จัดสรร งปม.'!P52 -> 7395 | R5: ='จัดสรร งปม.'!Q52 -> 0 | S5: ='จัดสรร งปม.'!R52 -> 74930
D6: ใช้ไปแล้ว | E6: =SUM(E11:E45) -> 62605 | F6: =SUM(F11:F45) -> 0 | G6: =SUM(G11:G45) -> 4930 | H6: =SUM(H11:H45) -> 0 | I6: =SUM(I11:I45) -> 0 | J6: =SUM(J11:J45) -> 0 | K6: =SUM(K11:K45) -> 0 | L6: =SUM(L11:L45) -> 0 | N6: =SUM(N11:N45) -> 0 | P6: =SUM(P11:P45) -> 0 | Q6: =SUM(Q11:Q45) -> 7395 | R6: =SUM(R11:R45) -> 0 | S6: =SUM(S11:S45) -> 74930
B7: งบดำเนินงาน (ค่าวัสดุ) | D7: เหลือ | E7: =E5-E6 -> 0 | F7: =F5-F6 -> 0 | G7: =G5-G6 -> 0 | H7: =H5-H6 -> 0 | I7: =I5-I6 -> 0 | J7: =J5-J6 -> 0 | K7: =K5-K6 -> 0 | L7: =L5-L6 -> 0 | N7: =N5-N6 -> 0 | P7: =P5-P6 -> 0 | Q7: =Q5-Q6 -> 0 | R7: =R5-R6 -> 0 | S7: =S5-S6 -> 0
B8: รหัสรายการจ่าย | C8: ='จัดสรร งปม.'!$B$52 -> 407
B9: รายการจ่าย | C9: ='จัดสรร งปม.'!$C$52 -> แผนกวิชาเทคนิคพื้นฐาน
A10: รหัส | B10: วันที่ | C10: ชื่อผู้ขอใช้ | D10: แผนก/งาน | E10: ปวช. | F10: ปวส. | G10: ระยะสั้น | H10: อุดหนุน | I10: หนังสือ | J10: เครื่องแบบ | K10: กิจกรรม | L10: อุปกรณ์ | M10: เครื่องมือ | N10: ทั่วไป | O10: =+O4 -> โครงการ | P10: =+P4 -> เงินนอกงบ | Q10: เงินรายได้ | R10: เงินรับฝาก | S10: รวม
A11: 001 | B11: 25 ต.ค.64 | C11: นายบวร วรรณเรือน | D11: พื้นฐาน | E11: 5485 | S11: =SUM(E11:R11) -> 5485
A12: 002 | B12: 25 ต.ค.64 | C12: นายณัฐนนท์ สมภารจันทร์ | D12: พื้นฐาน | E12: 57120 | S12: =SUM(E12:R12) -> 57120
A13: 003 | B13: 3 มี.ค.65 | C13: นายบวร วรรณเรือน | D13: พื้นฐาน | Q13: 7395 | S13: =SUM(E13:R13) -> 7395
A14: 004 | B14: 22 มี.ค.65 | C14: นายบวร วรรณเรือน | D14: พื้นฐาน | G14: 4930 | S14: =SUM(E14:R14) -> 4930
A15: 005 | S15: =SUM(E15:R15) -> 0
A16: 006 | S16: =SUM(E16:R16) -> 0
A17: 007 | S17: =SUM(E17:R17) -> 0
A18: 008 | S18: =SUM(E18:R18) -> 0
A19: 009 | S19: =SUM(E19:R19) -> 0
A20: 010 | S20: =SUM(E20:R20) -> 0
A21: 011 | S21: =SUM(E21:R21) -> 0
A22: 012 | S22: =SUM(E22:R22) -> 0
A23: 013 | S23: =SUM(E23:R23) -> 0
A24: 014 | S24: =SUM(E24:R24) -> 0
A25: 015 | S25: =SUM(E25:R25) -> 0
A26: 016 | S26: =SUM(E26:R26) -> 0
... A45: 035 | S45: =SUM(E45:R45) -> 0

Sheet 408
A1: กลับไปที่หน้าจัดสรร งปม.
E2: =Note!$B$1 -> วิทยาลัยการอาชีพนวมินทราชินีแม่ฮ่องสอน
E3: เงินงบประมาณ | H3: เงินอุดหนุน | O3: งบรายจ่ายอื่น | Q3: เงิน บกศ. | S3: รวม
E4: ปวช. | F4: ปวส. | G4: ระยะสั้น | H4: จัดการเรียน | I4: หนังสือ | J4: เครื่องแบบ | K4: กิจกรรม | L4: อุปกรณ์ | M4: เครื่องมือ | N4: ทั่วไป | O4: โครงการ | P4: เงินนอกงบ | Q4: เงินรายได้ | R4: เงินรับฝาก
D5: ได้รับมา | E5: ='จัดสรร งปม.'!D53 -> 0 | F5: ='จัดสรร งปม.'!E53 -> 20000 | G5: ='จัดสรร งปม.'!F53 -> 0 | H5: ='จัดสรร งปม.'!G53 -> 0 | I5: ='จัดสรร งปม.'!H53 -> 0 | J5: ='จัดสรร งปม.'!I53 -> 0 | K5: ='จัดสรร งปม.'!J53 -> 0 | L5: ='จัดสรร งปม.'!K53 -> 0 | N5: ='จัดสรร งปม.'!L53 -> 0 | P5: ='จัดสรร งปม.'!N53 -> 0 | Q5: ='จัดสรร งปม.'!P53 -> 50000 | R5: ='จัดสรร งปม.'!Q53 -> 0 | S5: ='จัดสรร งปม.'!R53 -> 70000
D6: ใช้ไปแล้ว | E6: =SUM(E11:E45) -> 0 | F6: =SUM(F11:F45) -> 20000 | G6: =SUM(G11:G45) -> 0 | H6: =SUM(H11:H45) -> 0 | I6: =SUM(I11:I45) -> 0 | J6: =SUM(J11:J45) -> 0 | K6: =SUM(K11:K45) -> 0 | L6: =SUM(L11:L45) -> 0 | N6: =SUM(N11:N45) -> 0 | P6: =SUM(P11:P45) -> 0 | Q6: =SUM(Q11:Q45) -> 30000 | R6: =SUM(R11:R45) -> 0 | S6: =SUM(S11:S45) -> 50000
B7: งบดำเนินงาน (ค่าวัสดุ) | D7: เหลือ | E7: =E5-E6 -> 0 | F7: =F5-F6 -> 0 | G7: =G5-G6 -> 0 | H7: =H5-H6 -> 0 | I7: =I5-I6 -> 0 | J7: =J5-J6 -> 0 | K7: =K5-K6 -> 0 | L7: =L5-L6 -> 0 | N7: =N5-N6 -> 0 | P7: =P5-P6 -> 0 | Q7: =Q5-Q6 -> 20000 | R7: =R5-R6 -> 0 | S7: =S5-S6 -> 20000
B8: รหัสรายการจ่าย | C8: ='จัดสรร งปม.'!$B$53 -> 408
B9: รายการจ่าย | C9: ='จัดสรร งปม.'!$C$53 -> แผนกวิชาสามัญสัมพันธ์
A10: รหัส | B10: วันที่ | C10: ชื่อผู้ขอใช้ | D10: แผนก/งาน | E10: ปวช. | F10: ปวส. | G10: ระยะสั้น | H10: อุดหนุน | I10: หนังสือ | J10: เครื่องแบบ | K10: กิจกรรม | L10: อุปกรณ์ | M10: เครื่องมือ | N10: ทั่วไป | O10: =+O4 -> โครงการ | P10: =+P4 -> เงินนอกงบ | Q10: เงินรายได้ | R10: เงินรับฝาก | S10: รวม
A11: 001 | B11: 27 ต.ค.64 | C11: นางกานดา เอี่ยมกระสินธ์ | D11: สามัญ | Q11: 30000 | S11: =SUM(E11:R11) -> 30000
A12: 002 | B12: 27 ต.ค.64 | C12: นางกานดา เอี่ยมกระสินธ์ | D12: สามัญ | F12: 20000 | S12: =SUM(E12:R12) -> 20000
A13: 003 | S13: =SUM(E13:R13) -> 0
A14: 004 | S14: =SUM(E14:R14) -> 0
A15: 005 | S15: =SUM(E15:R15) -> 0
A16: 006 | S16: =SUM(E16:R16) -> 0
A17: 007 | S17: =SUM(E17:R17) -> 0
A18: 008 | S18: =SUM(E18:R18) -> 0
A19: 009 | S19: =SUM(E19:R19) -> 0
A20: 010 | S20: =SUM(E20:R20) -> 0
A21: 011 | S21: =SUM(E21:R21) -> 0
A22: 012 | S22: =SUM(E22:R22) -> 0
A23: 013 | S23: =SUM(E23:R23) -> 0
A24: 014 | S24: =SUM(E24:R24) -> 0
... A45: 035 | S45: =SUM(E45:R45) -> 0

Sheet 409
A1: กลับไปที่หน้าจัดสรร งปม.
E2: =Note!$B$1 -> วิทยาลัยการอาชีพนวมินทราชินีแม่ฮ่องสอน
E3: เงินงบประมาณ | H3: เงินอุดหนุน | O3: งบรายจ่ายอื่น | Q3: เงิน บกศ. | S3: รวม
E4: ปวช. | F4: ปวส. | G4: ระยะสั้น | H4: จัดการเรียน | I4: หนังสือ | J4: เครื่องแบบ | K4: กิจกรรม | L4: อุปกรณ์ | M4: เครื่องมือ | N4: ทั่วไป | O4: โครงการ | P4: เงินนอกงบ | Q4: เงินรายได้ | R4: เงินรับฝาก
D5: ได้รับมา | E5: ='จัดสรร งปม.'!D54 -> 0 | F5: ='จัดสรร งปม.'!E54 -> 0 | G5: ='จัดสรร งปม.'!F54 -> 0 | H5: ='จัดสรร งปม.'!G54 -> 0 | I5: ='จัดสรร งปม.'!H54 -> 0 | J5: ='จัดสรร งปม.'!I54 -> 0 | K5: ='จัดสรร งปม.'!J54 -> 0 | L5: ='จัดสรร งปม.'!K54 -> 0 | N5: ='จัดสรร งปม.'!L54 -> 0 | P5: ='จัดสรร งปม.'!N54 -> 3000 | Q5: ='จัดสรร งปม.'!P54 -> 0 | R5: ='จัดสรร งปม.'!Q54 -> 0 | S5: ='จัดสรร งปม.'!R54 -> 3000
D6: ใช้ไปแล้ว | E6: =SUM(E11:E45) -> 0 | F6: =SUM(F11:F45) -> 0 | G6: =SUM(G11:G45) -> 0 | H6: =SUM(H11:H45) -> 0 | I6: =SUM(I11:I45) -> 0 | J6: =SUM(J11:J45) -> 0 | K6: =SUM(K11:K45) -> 0 | L6: =SUM(L11:L45) -> 0 | N6: =SUM(N11:N45) -> 0 | P6: =SUM(P11:P45) -> 3000 | Q6: =SUM(Q11:Q45) -> 0 | R6: =SUM(R11:R45) -> 0 | S6: =SUM(S11:S45) -> 3000
B7: งบดำเนินงาน (ค่าวัสดุ) | D7: เหลือ | E7: =E5-E6 -> 0 | F7: =F5-F6 -> 0 | G7: =G5-G6 -> 0 | H7: =H5-H6 -> 0 | I7: =I5-I6 -> 0 | J7: =J5-J6 -> 0 | K7: =K5-K6 -> 0 | L7: =L5-L6 -> 0 | N7: =N5-N6 -> 0 | P7: =P5-P6 -> 0 | Q7: =Q5-Q6 -> 0 | R7: =R5-R6 -> 0 | S7: =S5-S6 -> 0
B8: รหัสรายการจ่าย | C8: ='จัดสรร งปม.'!$B$54 -> 409
B9: รายการจ่าย | C9: ='จัดสรร งปม.'!$C$54 -> ฝ่ายวิชาการ
A10: รหัส | B10: วันที่ | C10: ชื่อผู้ขอใช้ | D10: แผนก/งาน | E10: ปวช. | F10: ปวส. | G10: ระยะสั้น | H10: อุดหนุน | I10: หนังสือ | J10: เครื่องแบบ | K10: กิจกรรม | L10: อุปกรณ์ | M10: เครื่องมือ | N10: ทั่วไป | O10: =+O4 -> โครงการ | P10: =+P4 -> เงินนอกงบ | Q10: เงินรายได้ | R10: เงินรับฝาก | S10: รวม
A11: 001 | B11: 25 ก.พ.65 | C11: นางสาวริศรา หน้างาม | D11: วิชาการ | P11: 3000 | S11: =SUM(E11:R11) -> 3000
A12: 002 | S12: =SUM(E12:R12) -> 0
A13: 003 | S13: =SUM(E13:R13) -> 0
A14: 004 | S14: =SUM(E14:R14) -> 0
A15: 005 | S15: =SUM(E15:R15) -> 0
A16: 006 | S16: =SUM(E16:R16) -> 0
A17: 007 | S17: =SUM(E17:R17) -> 0
A18: 008 | S18: =SUM(E18:R18) -> 0
A19: 009 | S19: =SUM(E19:R19) -> 0
A20: 010 | S20: =SUM(E20:R20) -> 0
A21: 011 | S21: =SUM(E21:R21) -> 0
A22: 012 | S22: =SUM(E22:R22) -> 0
A23: 013 | S23: =SUM(E23:R23) -> 0
... A45: 035 | S45: =SUM(E45:R45) -> 0

Sheet 410
A1: กลับไปที่หน้าจัดสรร งปม.
E2: =Note!$B$1 -> วิทยาลัยการอาชีพนวมินทราชินีแม่ฮ่องสอน
E3: เงินงบประมาณ | H3: เงินอุดหนุน | O3: งบรายจ่ายอื่น | Q3: เงิน บกศ. | S3: รวม
E4: ปวช. | F4: ปวส. | G4: ระยะสั้น | H4: จัดการเรียน | I4: หนังสือ | J4: เครื่องแบบ | K4: กิจกรรม | L4: อุปกรณ์ | M4: เครื่องมือ | N4: ทั่วไป | O4: โครงการ | P4: เงินนอกงบ | Q4: เงินรายได้ | R4: เงินรับฝาก
D5: ได้รับมา | E5: ='จัดสรร งปม.'!D55 -> 0 | F5: ='จัดสรร งปม.'!E55 -> 0 | G5: ='จัดสรร งปม.'!F55 -> 8300 | H5: ='จัดสรร งปม.'!G55 -> 0 | I5: ='จัดสรร งปม.'!H55 -> 0 | J5: ='จัดสรร งปม.'!I55 -> 0 | K5: ='จัดสรร งปม.'!J55 -> 0 | L5: ='จัดสรร งปม.'!K55 -> 0 | N5: ='จัดสรร งปม.'!L55 -> 0 | P5: ='จัดสรร งปม.'!N55 -> 0 | Q5: ='จัดสรร งปม.'!P55 -> 77400 | R5: ='จัดสรร งปม.'!Q55 -> 0 | S5: ='จัดสรร งปม.'!R55 -> 85700
D6: ใช้ไปแล้ว | E6: =SUM(E11:E45) -> 0 | F6: =SUM(F11:F45) -> 0 | G6: =SUM(G11:G45) -> 8300 | H6: =SUM(H11:H45) -> 0 | I6: =SUM(I11:I45) -> 0 | J6: =SUM(J11:J45) -> 0 | K6: =SUM(K11:K45) -> 0 | L6: =SUM(L11:L45) -> 0 | N6: =SUM(N11:N45) -> 0 | P6: =SUM(P11:P45) -> 0 | Q6: =SUM(Q11:Q45) -> 77400 | R6: =SUM(R11:R45) -> 0 | S6: =SUM(S11:S45) -> 85700
B7: งบดำเนินงาน (ค่าวัสดุ) | D7: เหลือ | E7: =E5-E6 -> 0 | F7: =F5-F6 -> 0 | G7: =G5-G6 -> 0 | H7: =H5-H6 -> 0 | I7: =I5-I6 -> 0 | J7: =J5-J6 -> 0 | K7: =K5-K6 -> 0 | L7: =L5-L6 -> 0 | N7: =N5-N6 -> 0 | P7: =P5-P6 -> 0 | Q7: =Q5-Q6 -> 0 | R7: =R5-R6 -> 0 | S7: =S5-S6 -> 0
B8: รหัสรายการจ่าย | C8: ='จัดสรร งปม.'!$B$55 -> 410
B9: รายการจ่าย | C9: ='จัดสรร งปม.'!$C$55 -> ฝ่ายพัฒนากิจการนักเรียนนักศึกษา
A10: รหัส | B10: วันที่ | C10: ชื่อผู้ขอใช้ | D10: แผนก/งาน | E10: ปวช. | F10: ปวส. | G10: ระยะสั้น | H10: อุดหนุน | I10: หนังสือ | J10: เครื่องแบบ | K10: กิจกรรม | L10: อุปกรณ์ | M10: เครื่องมือ | N10: ทั่วไป | O10: =+O4 -> โครงการ | P10: =+P4 -> เงินนอกงบ | Q10: เงินรายได้ | R10: เงินรับฝาก | S10: รวม
A11: 001 | B11: 24 พ.ย.64 | C11: นางธนพร แสงนูญ | D11: สวัสดิการ | G11: 8300 | S11: =SUM(E11:R11) -> 8300
A12: 002 | B12: 18 ม.ค.64 | C12: นางธนพร แสงนูญ | D12: สวัสดิการ | Q12: 77400 | S12: =SUM(E12:R12) -> 77400
A13: 003 | S13: =SUM(E13:R13) -> 0
A14: 004 | S14: =SUM(E14:R14) -> 0
A15: 005 | S15: =SUM(E15:R15) -> 0
A16: 006 | S16: =SUM(E16:R16) -> 0
A17: 007 | S17: =SUM(E17:R17) -> 0
A18: 008 | S18: =SUM(E18:R18) -> 0
A19: 009 | S19: =SUM(E19:R19) -> 0
A20: 010 | S20: =SUM(E20:R20) -> 0
A21: 011 | S21: =SUM(E21:R21) -> 0
A22: 012 | S22: =SUM(E22:R22) -> 0
A23: 013 | S23: =SUM(E23:R23) -> 0
A24: 014 | S24: =SUM(E24:R24) -> 0
... A45: 035 | S45: =SUM(E45:R45) -> 0

Sheet 411
A1: กลับไปที่หน้าจัดสรร งปม.
E2: =Note!$B$1 -> วิทยาลัยการอาชีพนวมินทราชินีแม่ฮ่องสอน
E3: เงินงบประมาณ | H3: เงินอุดหนุน | O3: งบรายจ่ายอื่น | Q3: เงิน บกศ. | S3: รวม
E4: ปวช. | F4: ปวส. | G4: ระยะสั้น | H4: จัดการเรียน | I4: หนังสือ | J4: เครื่องแบบ | K4: กิจกรรม | L4: อุปกรณ์ | M4: เครื่องมือ | N4: ทั่วไป | O4: โครงการ | P4: เงินนอกงบ | Q4: เงินรายได้ | R4: เงินรับฝาก
D5: ได้รับมา | E5: ='จัดสรร งปม.'!D56 -> 0 | F5: ='จัดสรร งปม.'!E56 -> 0 | G5: ='จัดสรร งปม.'!F56 -> 1350 | H5: ='จัดสรร งปม.'!G56 -> 0 | I5: ='จัดสรร งปม.'!H56 -> 0 | J5: ='จัดสรร งปม.'!I56 -> 0 | K5: ='จัดสรร งปม.'!J56 -> 0 | L5: ='จัดสรร งปม.'!K56 -> 0 | N5: ='จัดสรร งปม.'!L56 -> 0 | P5: ='จัดสรร งปม.'!N56 -> 0 | Q5: ='จัดสรร งปม.'!P56 -> 0 | R5: ='จัดสรร งปม.'!Q56 -> 0 | S5: ='จัดสรร งปม.'!R56 -> 1350
D6: ใช้ไปแล้ว | E6: =SUM(E11:E45) -> 0 | F6: =SUM(F11:F45) -> 0 | G6: =SUM(G11:G45) -> 1350 | H6: =SUM(H11:H45) -> 0 | I6: =SUM(I11:I45) -> 0 | J6: =SUM(J11:J45) -> 0 | K6: =SUM(K11:K45) -> 0 | L6: =SUM(L11:L45) -> 0 | N6: =SUM(N11:N45) -> 0 | P6: =SUM(P11:P45) -> 0 | Q6: =SUM(Q11:Q45) -> 0 | R6: =SUM(R11:R45) -> 0 | S6: =SUM(S11:S45) -> 1350
B7: งบดำเนินงาน (ค่าวัสดุ) | D7: เหลือ | E7: =E5-E6 -> 0 | F7: =F5-F6 -> 0 | G7: =G5-G6 -> 0 | H7: =H5-H6 -> 0 | I7: =I5-I6 -> 0 | J7: =J5-J6 -> 0 | K7: =K5-K6 -> 0 | L7: =L5-L6 -> 0 | N7: =N5-N6 -> 0 | P7: =P5-P6 -> 0 | Q7: =Q5-Q6 -> 0 | R7: =R5-R6 -> 0 | S7: =S5-S6 -> 0
B8: รหัสรายการจ่าย | C8: ='จัดสรร งปม.'!$B$56 -> 411
B9: รายการจ่าย | C9: ='จัดสรร งปม.'!$C$56 -> ฝ่ายแผนงานและความร่วมมือ
A10: รหัส | B10: วันที่ | C10: ชื่อผู้ขอใช้ | D10: แผนก/งาน | E10: ปวช. | F10: ปวส. | G10: ระยะสั้น | H10: อุดหนุน | I10: หนังสือ | J10: เครื่องแบบ | K10: กิจกรรม | L10: อุปกรณ์ | M10: เครื่องมือ | N10: ทั่วไป | O10: =+O4 -> โครงการ | P10: =+P4 -> เงินนอกงบ | Q10: เงินรายได้ | R10: เงินรับฝาก | S10: รวม
A11: 001 | B11: 8 ก.พ.65 | C11: นางสาวสุภาพร หลงฤทธิ์ | D11: งานวางแผน | G11: 1350 | S11: =SUM(E11:R11) -> 1350
A12: 002 | S12: =SUM(E12:R12) -> 0
A13: 003 | S13: =SUM(E13:R13) -> 0
A14: 004 | S14: =SUM(E14:R14) -> 0
A15: 005 | S15: =SUM(E15:R15) -> 0
A16: 006 | S16: =SUM(E16:R16) -> 0
A17: 007 | S17: =SUM(E17:R17) -> 0
A18: 008 | S18: =SUM(E18:R18) -> 0
A19: 009 | S19: =SUM(E19:R19) -> 0
A20: 010 | S20: =SUM(E20:R20) -> 0
A21: 011 | S21: =SUM(E21:R21) -> 0
A22: 012 | S22: =SUM(E22:R22) -> 0
A23: 013 | S23: =SUM(E23:R23) -> 0
... A45: 035 | S45: =SUM(E45:R45) -> 0

Sheet 412
A1: กลับไปที่หน้าจัดสรร งปม.
E2: =Note!$B$1 -> วิทยาลัยการอาชีพนวมินทราชินีแม่ฮ่องสอน
E3: เงินงบประมาณ | H3: เงินอุดหนุน | O3: งบรายจ่ายอื่น | Q3: เงิน บกศ. | S3: รวม
E4: ปวช. | F4: ปวส. | G4: ระยะสั้น | H4: จัดการเรียน | I4: หนังสือ | J4: เครื่องแบบ | K4: กิจกรรม | L4: อุปกรณ์ | M4: เครื่องมือ | N4: ทั่วไป | O4: โครงการ | P4: เงินนอกงบ | Q4: เงินรายได้ | R4: เงินรับฝาก
D5: ได้รับมา | E5: ='จัดสรร งปม.'!D57 -> 0 | F5: ='จัดสรร งปม.'!E57 -> 0 | G5: ='จัดสรร งปม.'!F57 -> 5445 | H5: ='จัดสรร งปม.'!G57 -> 900 | I5: ='จัดสรร งปม.'!H57 -> 0 | J5: ='จัดสรร งปม.'!I57 -> 0 | K5: ='จัดสรร งปม.'!J57 -> 0 | L5: ='จัดสรร งปม.'!K57 -> 0 | ... S5: ='จัดสรร งปม.'!R57 -> 55745
D6: ใช้ไปแล้ว | E6: =SUM(E11:E45) -> 0 | F6: =SUM(F11:F45) -> 0 | G6: =SUM(G11:G45) -> 5445 | H6: =SUM(H11:H45) -> 900 | I6: =SUM(I11:I45) -> 0 | J6: =SUM(J11:J45) -> 0 | K6: =SUM(K11:K45) -> 0 | L6: =SUM(L11:L45) -> 0 | ... S6: =SUM(S11:S45) -> 55745
B7: งบดำเนินงาน (ค่าวัสดุ) | D7: เหลือ | E7: =E5-E6 -> 0 | F7: =F5-F6 -> 0 | G7: =G5-G6 -> 0 | H7: =H5-H6 -> 0 | I7: =I5-I6 -> 0 | J7: =J5-J6 -> 0 | K7: =K5-K6 -> 0 | L7: =L5-L6 -> 0 | ... S7: =S5-S6 -> 0
B8: รหัสรายการจ่าย | C8: ='จัดสรร งปม.'!$B$57 -> 412
B9: รายการจ่าย | C9: ='จัดสรร งปม.'!$C$57 -> ฝ่ายบริหารทรัพยากร
A10: รหัส | B10: วันที่ | C10: ชื่อผู้ขอใช้ | D10: แผนก/งาน | E10: ปวช. | F10: ปวส. | G10: ระยะสั้น | H10: อุดหนุน | I10: หนังสือ | J10: เครื่องแบบ | K10: กิจกรรม | L10: อุปกรณ์ | M10: เครื่องมือ | N10: ทั่วไป | O10: =+O4 -> โครงการ | P10: =+P4 -> เงินนอกงบ | Q10: เงินรายได้ | R10: เงินรับฝาก | S10: รวม
A11: 001 | B11: 8 ก.พ. 65 | C11: นางสาวจันทร์เพ็ญ แคว้นประจิม | D11: งานวัดผล | H11: 900 | S11: =SUM(E11:R11) -> 900
A12: 002 | B12: 8 ก.พ. 65 | C12: นางสาวกรรธิมา สุโคมุด | D12: พัสดุ | G12: 300 | S12: =SUM(E12:R12) -> 300
A13: 003 | B13: 7 มี.ค.65 | C13: นางสาวจรรยาศิริ บุญมาลา | D13: ทะเบียน | Q13: 7050 | S13: =SUM(E13:R13) -> 7050
A14: 004 | B14: 7 มี.ค.65 | C14: นางฐิตานันท์ ชมพูวีรกุล | D14: ทะเบียน | Q14: 37200 | S14: =SUM(E14:R14) -> 37200
A15: 005 | B15: 14 มี.ค.65 | C15: นางสาวพรรพี สอาดจิตต์ | D15: บริหาร | G15: 1500 | S15: =SUM(E15:R15) -> 1500
A16: 006 | B16: 15 มี.ค.65 | C16: นางสาวณัจสิญาณ์ ฐากูล | D16: พัสดุ | G16: 1500 | S16: =SUM(E16:R16) -> 1500
A17: 007 | B17: 21 มี.ค.65 | C17: นางสาวกรรธิมา สุโคมุด | D17: พัสดุ | G17: 2145 | S17: =SUM(E17:R17) -> 2145
A18: 008 | B18: 24 มี.ค. 65 | C18: นางฐิตานันท์ ชมพูวีรกุล | D18: ทะเบียน | Q18: 5150 | S18: =SUM(E18:R18) -> 5150
A19: 009 | S19: =SUM(E19:R19) -> 0
A20: 010 | S20: =SUM(E20:R20) -> 0
A21: 011 | S21: =SUM(E21:R21) -> 0
A22: 012 | S22: =SUM(E22:R22) -> 0
A23: 013 | S23: =SUM(E23:R23) -> 0
A24: 014 | S24: =SUM(E24:R24) -> 0
A25: 015 | S25: =SUM(E25:R25) -> 0
A26: 016 | S26: =SUM(E26:R26) -> 0
A27: 017 | S27: =SUM(E27:R27) -> 0
A28: 018 | S28: =SUM(E28:R28) -> 0
A29: 019 | S29: =SUM(E29:R29) -> 0
A30: 020 | S30: =SUM(E30:R30) -> 0
... A45: 035 | S45: =SUM(E45:R45) -> 0

Sheet 413
A1: กลับไปที่หน้าจัดสรร งปม.
E2: =Note!$B$1 -> วิทยาลัยการอาชีพนวมินทราชินีแม่ฮ่องสอน
E3: เงินงบประมาณ | H3: เงินอุดหนุน | O3: งบรายจ่ายอื่น | Q3: เงิน บกศ. | S3: รวม
E4: ปวช. | F4: ปวส. | G4: ระยะสั้น | H4: จัดการเรียน | I4: หนังสือ | J4: เครื่องแบบ | K4: กิจกรรม | L4: อุปกรณ์ | M4: เครื่องมือ | N4: ทั่วไป | O4: โครงการ | P4: เงินนอกงบ | Q4: เงินรายได้ | R4: เงินรับฝาก
D5: ได้รับมา | E5: ='จัดสรร งปม.'!D58 -> 0 | F5: ='จัดสรร งปม.'!E58 -> 0 | G5: ='จัดสรร งปม.'!F58 -> 0 | H5: ='จัดสรร งปม.'!G58 -> 0 | I5: ='จัดสรร งปม.'!H58 -> 0 | J5: ='จัดสรร งปม.'!I58 -> 0 | K5: ='จัดสรร งปม.'!J58 -> 0 | L5: ='จัดสรร งปม.'!K58 -> 0 | N5: ='จัดสรร งปม.'!L58 -> 0 | P5: ='จัดสรร งปม.'!N58 -> 0 | Q5: ='จัดสรร งปม.'!P58 -> 0 | R5: ='จัดสรร งปม.'!Q58 -> 0 | S5: ='จัดสรร งปม.'!R58 -> 0
D6: ใช้ไปแล้ว | E6: =SUM(E11:E45) -> 30 | F6: =SUM(F11:F45) -> 0 | G6: =SUM(G11:G45) -> 0 | H6: =SUM(H11:H45) -> 0 | I6: =SUM(I11:I45) -> 0 | J6: =SUM(J11:J45) -> 0 | K6: =SUM(K11:K45) -> 0 | L6: =SUM(L11:L45) -> 0 | N6: =SUM(N11:N45) -> 0 | P6: =SUM(P11:P45) -> 0 | Q6: =SUM(Q11:Q45) -> 0 | R6: =SUM(R11:R45) -> 0 | S6: =SUM(S11:S45) -> 30
B7: งบดำเนินงาน (ค่าวัสดุ) | D7: เหลือ | E7: =E5-E6 -> -30 | F7: =F5-F6 -> 0 | G7: =G5-G6 -> 0 | H7: =H5-H6 -> 0 | I7: =I5-I6 -> 0 | J7: =J5-J6 -> 0 | K7: =K5-K6 -> 0 | L7: =L5-L6 -> 0 | N7: =N5-N6 -> 0 | P7: =P5-P6 -> 0 | Q7: =Q5-Q6 -> 0 | R7: =R5-R6 -> 0 | S7: =S5-S6 -> -30
B8: รหัสรายการจ่าย | C8: ='จัดสรร งปม.'!$B$58 -> 413
B9: รายการจ่าย | C9: ='จัดสรร งปม.'!$C$58 -> สำรอง 1
A10: รหัส | B10: วันที่ | C10: ชื่อผู้ขอใช้ | D10: แผนก/งาน | E10: ปวช. | F10: ปวส. | G10: ระยะสั้น | H10: อุดหนุน | I10: หนังสือ | J10: เครื่องแบบ | K10: กิจกรรม | L10: อุปกรณ์ | M10: เครื่องมือ | N10: ทั่วไป | O10: =+O4 -> โครงการ | P10: =+P4 -> เงินนอกงบ | Q10: เงินรายได้ | R10: เงินรับฝาก | S10: รวม
A11: 001 | E11: 30 | S11: =SUM(E11:R11) -> 30
A12: 002 | S12: =SUM(E12:R12) -> 0
A13: 003 | S13: =SUM(E13:R13) -> 0
A14: 004 | S14: =SUM(E14:R14) -> 0
A15: 005 | S15: =SUM(E15:R15) -> 0
A16: 006 | S16: =SUM(E16:R16) -> 0
A17: 007 | S17: =SUM(E17:R17) -> 0
A18: 008 | S18: =SUM(E18:R18) -> 0
A19: 009 | S19: =SUM(E19:R19) -> 0
A20: 010 | S20: =SUM(E20:R20) -> 0
A21: 011 | S21: =SUM(E21:R21) -> 0
A22: 012 | S22: =SUM(E22:R22) -> 0
A23: 013 | S23: =SUM(E23:R23) -> 0
... A45: 035 | S45: =SUM(E45:R45) -> 0

Sheet 414
A1: กลับไปที่หน้าจัดสรร งปม.
E2: =Note!$B$1 -> วิทยาลัยการอาชีพนวมินทราชินีแม่ฮ่องสอน
E3: เงินงบประมาณ | H3: เงินอุดหนุน | O3: งบรายจ่ายอื่น | Q3: เงิน บกศ. | S3: รวม
E4: ปวช. | F4: ปวส. | G4: ระยะสั้น | H4: จัดการเรียน | I4: หนังสือ | J4: เครื่องแบบ | K4: กิจกรรม | L4: อุปกรณ์ | M4: เครื่องมือ | N4: ทั่วไป | O4: โครงการ | P4: เงินนอกงบ | Q4: เงินรายได้ | R4: เงินรับฝาก
D5: ได้รับมา | E5: ='จัดสรร งปม.'!D59 -> 0 | F5: ='จัดสรร งปม.'!E59 -> 0 | G5: ='จัดสรร งปม.'!F59 -> 0 | H5: ='จัดสรร งปม.'!G59 -> 0 | I5: ='จัดสรร งปม.'!H59 -> 0 | J5: ='จัดสรร งปม.'!I59 -> 0 | K5: ='จัดสรร งปม.'!J59 -> 0 | L5: ='จัดสรร งปม.'!K59 -> 0 | N5: ='จัดสรร งปม.'!L59 -> 0 | P5: ='จัดสรร งปม.'!N59 -> 0 | Q5: ='จัดสรร งปม.'!P59 -> 0 | R5: ='จัดสรร งปม.'!Q59 -> 0 | S5: ='จัดสรร งปม.'!R59 -> 0
D6: ใช้ไปแล้ว | E6: =SUM(E11:E45) -> 40 | F6: =SUM(F11:F45) -> 0 | G6: =SUM(G11:G45) -> 0 | H6: =SUM(H11:H45) -> 0 | I6: =SUM(I11:I45) -> 0 | J6: =SUM(J11:J45) -> 0 | K6: =SUM(K11:K45) -> 0 | L6: =SUM(L11:L45) -> 0 | N6: =SUM(N11:N45) -> 0 | P6: =SUM(P11:P45) -> 0 | Q6: =SUM(Q11:Q45) -> 0 | R6: =SUM(R11:R45) -> 0 | S6: =SUM(S11:S45) -> 40
B7: งบดำเนินงาน (ค่าวัสดุ) | D7: เหลือ | E7: =E5-E6 -> -40 | F7: =F5-F6 -> 0 | G7: =G5-G6 -> 0 | H7: =H5-H6 -> 0 | I7: =I5-I6 -> 0 | J7: =J5-J6 -> 0 | K7: =K5-K6 -> 0 | L7: =L5-L6 -> 0 | N7: =N5-N6 -> 0 | P7: =P5-P6 -> 0 | Q7: =Q5-Q6 -> 0 | R7: =R5-R6 -> 0 | S7: =S5-S6 -> -40
B8: รหัสรายการจ่าย | C8: ='จัดสรร งปม.'!$B$59 -> 414
B9: รายการจ่าย | C9: ='จัดสรร งปม.'!$C$59 -> สำรอง 2
A10: รหัส | B10: วันที่ | C10: ชื่อผู้ขอใช้ | D10: แผนก/งาน | E10: ปวช. | F10: ปวส. | G10: ระยะสั้น | H10: อุดหนุน | I10: หนังสือ | J10: เครื่องแบบ | K10: กิจกรรม | L10: อุปกรณ์ | M10: เครื่องมือ | N10: ทั่วไป | O10: =+O4 -> โครงการ | P10: =+P4 -> เงินนอกงบ | Q10: เงินรายได้ | R10: เงินรับฝาก | S10: รวม
A11: 001 | E11: 40 | S11: =SUM(E11:R11) -> 40
A12: 002 | S12: =SUM(E12:R12) -> 0
A13: 003 | S13: =SUM(E13:R13) -> 0
A14: 004 | S14: =SUM(E14:R14) -> 0
A15: 005 | S15: =SUM(E15:R15) -> 0
A16: 006 | S16: =SUM(E16:R16) -> 0
A17: 007 | S17: =SUM(E17:R17) -> 0
A18: 008 | S18: =SUM(E18:R18) -> 0
A19: 009 | S19: =SUM(E19:R19) -> 0
A20: 010 | S20: =SUM(E20:R20) -> 0
A21: 011 | S21: =SUM(E21:R21) -> 0
A22: 012 | S22: =SUM(E22:R22) -> 0
A23: 013 | S23: =SUM(E23:R23) -> 0
... A45: 035 | S45: =SUM(E45:R45) -> 0

Sheet 415
A1: กลับไปที่หน้าจัดสรร งปม.
E2: =Note!$B$1 -> วิทยาลัยการอาชีพนวมินทราชินีแม่ฮ่องสอน
E3: เงินงบประมาณ | H3: เงินอุดหนุน | O3: งบรายจ่ายอื่น | Q3: เงิน บกศ. | S3: รวม
E4: ปวช. | F4: ปวส. | G4: ระยะสั้น | H4: จัดการเรียน | I4: หนังสือ | J4: เครื่องแบบ | K4: กิจกรรม | L4: อุปกรณ์ | M4: เครื่องมือ | N4: ทั่วไป | O4: โครงการ | P4: เงินนอกงบ | Q4: เงินรายได้ | R4: เงินรับฝาก
D5: ได้รับมา | E5: ='จัดสรร งปม.'!D60 -> 0 | F5: ='จัดสรร งปม.'!E60 -> 0 | G5: ='จัดสรร งปม.'!F60 -> 0 | H5: ='จัดสรร งปม.'!G60 -> 0 | I5: ='จัดสรร งปม.'!H60 -> 0 | J5: ='จัดสรร งปม.'!I60 -> 0 | K5: ='จัดสรร งปม.'!J60 -> 0 | L5: ='จัดสรร งปม.'!K60 -> 0 | N5: ='จัดสรร งปม.'!L60 -> 0 | P5: ='จัดสรร งปม.'!N60 -> 0 | Q5: ='จัดสรร งปม.'!P60 -> 0 | R5: ='จัดสรร งปม.'!Q60 -> 0 | S5: ='จัดสรร งปม.'!R60 -> 0
D6: ใช้ไปแล้ว | E6: =SUM(E11:E45) -> 50 | F6: =SUM(F11:F45) -> 0 | G6: =SUM(G11:G45) -> 0 | H6: =SUM(H11:H45) -> 0 | I6: =SUM(I11:I45) -> 0 | J6: =SUM(J11:J45) -> 0 | K6: =SUM(K11:K45) -> 0 | L6: =SUM(L11:L45) -> 0 | N6: =SUM(N11:N45) -> 0 | P6: =SUM(P11:P45) -> 0 | Q6: =SUM(Q11:Q45) -> 0 | R6: =SUM(R11:R45) -> 0 | S6: =SUM(S11:S45) -> 50
B7: งบดำเนินงาน (ค่าวัสดุ) | D7: เหลือ | E7: =E5-E6 -> -50 | F7: =F5-F6 -> 0 | G7: =G5-G6 -> 0 | H7: =H5-H6 -> 0 | I7: =I5-I6 -> 0 | J7: =J5-J6 -> 0 | K7: =K5-K6 -> 0 | L7: =L5-L6 -> 0 | N7: =N5-N6 -> 0 | P7: =P5-P6 -> 0 | Q7: =Q5-Q6 -> 0 | R7: =R5-R6 -> 0 | S7: =S5-S6 -> -50
B8: รหัสรายการจ่าย | C8: ='จัดสรร งปม.'!$B$60 -> 415
B9: รายการจ่าย | C9: ='จัดสรร งปม.'!$C$60 -> สำรอง 3
A10: รหัส | B10: วันที่ | C10: ชื่อผู้ขอใช้ | D10: แผนก/งาน | E10: ปวช. | F10: ปวส. | G10: ระยะสั้น | H10: อุดหนุน | I10: หนังสือ | J10: เครื่องแบบ | K10: กิจกรรม | L10: อุปกรณ์ | M10: เครื่องมือ | N10: ทั่วไป | O10: =+O4 -> โครงการ | P10: =+P4 -> เงินนอกงบ | Q10: เงินรายได้ | R10: เงินรับฝาก | S10: รวม
A11: 001 | E11: 50 | S11: =SUM(E11:R11) -> 50
A12: 002 | S12: =SUM(E12:R12) -> 0
A13: 003 | S13: =SUM(E13:R13) -> 0
A14: 004 | S14: =SUM(E14:R14) -> 0
A15: 005 | S15: =SUM(E15:R15) -> 0
A16: 006 | S16: =SUM(E16:R16) -> 0
A17: 007 | S17: =SUM(E17:R17) -> 0
A18: 008 | S18: =SUM(E18:R18) -> 0
A19: 009 | S19: =SUM(E19:R19) -> 0
A20: 010 | S20: =SUM(E20:R20) -> 0
A21: 011 | S21: =SUM(E21:R21) -> 0
A22: 012 | S22: =SUM(E22:R22) -> 0
A23: 013 | S23: =SUM(E23:R23) -> 0
... A45: 035 | S45: =SUM(E45:R45) -> 0

Sheet 416
A1: กลับไปที่หน้าจัดสรร งปม.
E2: =Note!$B$1 -> วิทยาลัยการอาชีพนวมินทราชินีแม่ฮ่องสอน
E3: เงินงบประมาณ | H3: เงินอุดหนุน | O3: งบรายจ่ายอื่น | Q3: เงิน บกศ. | S3: รวม
E4: ปวช. | F4: ปวส. | G4: ระยะสั้น | H4: จัดการเรียน | I4: หนังสือ | J4: เครื่องแบบ | K4: กิจกรรม | L4: อุปกรณ์ | M4: เครื่องมือ | N4: ทั่วไป | O4: โครงการ | P4: เงินนอกงบ | Q4: เงินรายได้ | R4: เงินรับฝาก
D5: ได้รับมา | E5: ='จัดสรร งปม.'!D61 -> 0 | F5: ='จัดสรร งปม.'!E61 -> 0 | G5: ='จัดสรร งปม.'!F61 -> 0 | H5: ='จัดสรร งปม.'!G61 -> 0 | I5: ='จัดสรร งปม.'!H61 -> 0 | J5: ='จัดสรร งปม.'!I61 -> 0 | K5: ='จัดสรร งปม.'!J61 -> 0 | L5: ='จัดสรร งปม.'!K61 -> 0 | N5: ='จัดสรร งปม.'!L61 -> 0 | P5: ='จัดสรร งปม.'!N61 -> 0 | Q5: ='จัดสรร งปม.'!P61 -> 0 | R5: ='จัดสรร งปม.'!Q61 -> 0 | S5: ='จัดสรร งปม.'!R61 -> 0
D6: ใช้ไปแล้ว | E6: =SUM(E11:E45) -> 60 | F6: =SUM(F11:F45) -> 0 | G6: =SUM(G11:G45) -> 0 | H6: =SUM(H11:H45) -> 0 | I6: =SUM(I11:I45) -> 0 | J6: =SUM(J11:J45) -> 0 | K6: =SUM(K11:K45) -> 0 | L6: =SUM(L11:L45) -> 0 | N6: =SUM(N11:N45) -> 0 | P6: =SUM(P11:P45) -> 0 | Q6: =SUM(Q11:Q45) -> 0 | R6: =SUM(R11:R45) -> 0 | S6: =SUM(S11:S45) -> 60
B7: งบดำเนินงาน (ค่าวัสดุ) | D7: เหลือ | E7: =E5-E6 -> -60 | F7: =F5-F6 -> 0 | G7: =G5-G6 -> 0 | H7: =H5-H6 -> 0 | I7: =I5-I6 -> 0 | J7: =J5-J6 -> 0 | K7: =K5-K6 -> 0 | L7: =L5-L6 -> 0 | N7: =N5-N6 -> 0 | P7: =P5-P6 -> 0 | Q7: =Q5-Q6 -> 0 | R7: =R5-R6 -> 0 | S7: =S5-S6 -> -60
B8: รหัสรายการจ่าย | C8: ='จัดสรร งปม.'!$B$61 -> 416
B9: รายการจ่าย | C9: ='จัดสรร งปม.'!$C$61 -> สำรอง 4
A10: รหัส | B10: วันที่ | C10: ชื่อผู้ขอใช้ | D10: แผนก/งาน | E10: ปวช. | F10: ปวส. | G10: ระยะสั้น | H10: อุดหนุน | I10: หนังสือ | J10: เครื่องแบบ | K10: กิจกรรม | L10: อุปกรณ์ | M10: เครื่องมือ | N10: ทั่วไป | O10: =+O4 -> โครงการ | P10: =+P4 -> เงินนอกงบ | Q10: เงินรายได้ | R10: เงินรับฝาก | S10: รวม
A11: 001 | E11: 60 | S11: =SUM(E11:R11) -> 60
A12: 002 | S12: =SUM(E12:R12) -> 0
A13: 003 | S13: =SUM(E13:R13) -> 0
A14: 004 | S14: =SUM(E14:R14) -> 0
A15: 005 | S15: =SUM(E15:R15) -> 0
A16: 006 | S16: =SUM(E16:R16) -> 0
A17: 007 | S17: =SUM(E17:R17) -> 0
A18: 008 | S18: =SUM(E18:R18) -> 0
A19: 009 | S19: =SUM(E19:R19) -> 0
A20: 010 | S20: =SUM(E20:R20) -> 0
A21: 011 | S21: =SUM(E21:R21) -> 0
A22: 012 | S22: =SUM(E22:R22) -> 0
A23: 013 | S23: =SUM(E23:R23) -> 0
... A45: 035 | S45: =SUM(E45:R45) -> 0

Sheet 417
A1: กลับไปที่หน้าจัดสรร งปม.
E2: =Note!$B$1 -> วิทยาลัยการอาชีพนวมินทราชินีแม่ฮ่องสอน
E3: เงินงบประมาณ | H3: เงินอุดหนุน | O3: งบรายจ่ายอื่น | Q3: เงิน บกศ. | S3: รวม
E4: ปวช. | F4: ปวส. | G4: ระยะสั้น | H4: จัดการเรียน | I4: หนังสือ | J4: เครื่องแบบ | K4: กิจกรรม | L4: อุปกรณ์ | M4: เครื่องมือ | N4: ทั่วไป | O4: โครงการ | P4: เงินนอกงบ | Q4: เงินรายได้ | R4: เงินรับฝาก
D5: ได้รับมา | E5: ='จัดสรร งปม.'!D62 -> 0 | F5: ='จัดสรร งปม.'!E62 -> 0 | G5: ='จัดสรร งปม.'!F62 -> 0 | H5: ='จัดสรร งปม.'!G62 -> 0 | I5: ='จัดสรร งปม.'!H62 -> 0 | J5: ='จัดสรร งปม.'!I62 -> 0 | K5: ='จัดสรร งปม.'!J62 -> 0 | L5: ='จัดสรร งปม.'!K62 -> 0 | N5: ='จัดสรร งปม.'!L62 -> 0 | P5: ='จัดสรร งปม.'!N62 -> 0 | Q5: ='จัดสรร งปม.'!P62 -> 0 | R5: ='จัดสรร งปม.'!Q62 -> 0 | S5: ='จัดสรร งปม.'!R62 -> 0
D6: ใช้ไปแล้ว | E6: =SUM(E11:E45) -> 70 | F6: =SUM(F11:F45) -> 0 | G6: =SUM(G11:G45) -> 0 | H6: =SUM(H11:H45) -> 0 | I6: =SUM(I11:I45) -> 0 | J6: =SUM(J11:J45) -> 0 | K6: =SUM(K11:K45) -> 0 | L6: =SUM(L11:L45) -> 0 | N6: =SUM(N11:N45) -> 0 | P6: =SUM(P11:P45) -> 0 | Q6: =SUM(Q11:Q45) -> 0 | R6: =SUM(R11:R45) -> 0 | S6: =SUM(S11:S45) -> 70
B7: งบดำเนินงาน (ค่าวัสดุ) | D7: เหลือ | E7: =E5-E6 -> -70 | F7: =F5-F6 -> 0 | G7: =G5-G6 -> 0 | H7: =H5-H6 -> 0 | I7: =I5-I6 -> 0 | J7: =J5-J6 -> 0 | K7: =K5-K6 -> 0 | L7: =L5-L6 -> 0 | N7: =N5-N6 -> 0 | P7: =P5-P6 -> 0 | Q7: =Q5-Q6 -> 0 | R7: =R5-R6 -> 0 | S7: =S5-S6 -> -70
B8: รหัสรายการจ่าย | C8: ='จัดสรร งปม.'!$B$62 -> 417
B9: รายการจ่าย | C9: ='จัดสรร งปม.'!$C$62 -> สำรอง 5 (ผู้อำนวยการ)
A10: รหัส | B10: วันที่ | C10: ชื่อผู้ขอใช้ | D10: แผนก/งาน | E10: ปวช. | F10: ปวส. | G10: ระยะสั้น | H10: อุดหนุน | I10: หนังสือ | J10: เครื่องแบบ | K10: กิจกรรม | L10: อุปกรณ์ | M10: เครื่องมือ | N10: ทั่วไป | O10: =+O4 -> โครงการ | P10: =+P4 -> เงินนอกงบ | Q10: เงินรายได้ | R10: เงินรับฝาก | S10: รวม
A11: 001 | E11: 70 | S11: =SUM(E11:R11) -> 70
A12: 002 | S12: =SUM(E12:R12) -> 0
A13: 003 | S13: =SUM(E13:R13) -> 0
A14: 004 | S14: =SUM(E14:R14) -> 0
A15: 005 | S15: =SUM(E15:R15) -> 0
A16: 006 | S16: =SUM(E16:R16) -> 0
A17: 007 | S17: =SUM(E17:R17) -> 0
A18: 008 | S18: =SUM(E18:R18) -> 0
A19: 009 | S19: =SUM(E19:R19) -> 0
A20: 010 | S20: =SUM(E20:R20) -> 0
A21: 011 | S21: =SUM(E21:R21) -> 0
A22: 012 | S22: =SUM(E22:R22) -> 0
A23: 013 | S23: =SUM(E23:R23) -> 0
... A45: 035 | S45: =SUM(E45:R45) -> 0

Sheet 501
A1: กลับไปที่หน้าจัดสรร งปม.
E2: =Note!$B$1 -> วิทยาลัยการอาชีพนวมินทราชินีแม่ฮ่องสอน
E3: เงินงบประมาณ | H3: เงินอุดหนุน | O3: งบรายจ่ายอื่น | Q3: เงิน บกศ. | S3: รวม
E4: ปวช. | F4: ปวส. | G4: ระยะสั้น | H4: จัดการเรียน | I4: หนังสือ | J4: เครื่องแบบ | K4: กิจกรรม | L4: อุปกรณ์ | M4: เครื่องมือ | N4: ทั่วไป | O4: โครงการ | P4: เงินนอกงบ | Q4: เงินรายได้ | R4: เงินรับฝาก
D5: ได้รับมา | E5: ='จัดสรร งปม.'!D64 -> 125109.46 | F5: ='จัดสรร งปม.'!E64 -> 0 | G5: ='จัดสรร งปม.'!F64 -> 0 | H5: ='จัดสรร งปม.'!G64 -> 0 | I5: ='จัดสรร งปม.'!H64 -> 0 | J5: ='จัดสรร งปม.'!I64 -> 0 | K5: ='จัดสรร งปม.'!J64 -> 0 | L5: ='จัดสรร งปม.'!K64 -> 0 | N5: ='จัดสรร งปม.'!L64 -> 0 | P5: ='จัดสรร งปม.'!O64 -> 1280.81 | Q5: ='จัดสรร งปม.'!P64 -> 0 | R5: ='จัดสรร งปม.'!Q64 -> 0 | S5: ='จัดสรร งปม.'!R64 -> 126390.27
D6: ใช้ไปแล้ว | E6: =SUM(E11:E45) -> 125109.46 | F6: =SUM(F11:F45) -> 0 | G6: =SUM(G11:G45) -> 0 | H6: =SUM(H11:H45) -> 0 | I6: =SUM(I11:I45) -> 0 | J6: =SUM(J11:J45) -> 0 | K6: =SUM(K11:K45) -> 0 | L6: =SUM(L11:L45) -> 0 | N6: =SUM(N11:N45) -> 0 | P6: =SUM(P11:P45) -> 1280.81 | Q6: =SUM(Q11:Q45) -> 0 | R6: =SUM(R11:R45) -> 0 | S6: =SUM(S11:S45) -> 126390.27
B7: งบดำเนินงาน (ค่าสาธารณูปโภค) | D7: เหลือ | E7: =E5-E6 -> 0 | F7: =F5-F6 -> 0 | G7: =G5-G6 -> 0 | H7: =H5-H6 -> 0 | I7: =I5-I6 -> 0 | J7: =J5-J6 -> 0 | K7: =K5-K6 -> 0 | L7: =L5-L6 -> 0 | N7: =N5-N6 -> 0 | P7: =P5-P6 -> 0 | Q7: =Q5-Q6 -> 0 | R7: =R5-R6 -> 0 | S7: =S5-S6 -> 0
B8: รหัสรายการจ่าย | C8: ='จัดสรร งปม.'!$B$64 -> 501
B9: รายการจ่าย | C9: ='จัดสรร งปม.'!$C$64 -> ค่าไฟฟ้า
A10: รหัส | B10: วันที่ | C10: ชื่อผู้ขอใช้ | D10: แผนก/งาน | E10: ปวช. | F10: ปวส. | G10: ระยะสั้น | H10: อุดหนุน | I10: หนังสือ | J10: เครื่องแบบ | K10: กิจกรรม | L10: อุปกรณ์ | M10: เครื่องมือ | N10: ทั่วไป | O10: =+O4 -> โครงการ | P10: =+P4 -> เงินนอกงบ | Q10: เงินรายได้ | R10: เงินรับฝาก | S10: รวม
A11: 001 | B11: 24 พ.ย.64 | C11: นางสาวน้ำทิพย์ ฐิติอุดมศรี | D11: พัสดุ | E11: 64377.36 | S11: =SUM(E11:R11) -> 64377.36
A12: 002 | B12: 26 พ.ย.64 | C12: นางสาวณัจสิญาณ์ ฐากูล | D12: พัสดุ | E12: 60732.1 | S12: =SUM(E12:R12) -> 60732.1
A13: 003 | B13: 3 ธ.ค.64 | C13: นางสาวณัจสิญาณ์ ฐากูล | D13: พัสดุ | P13: 612.41 | S13: =SUM(E13:R13) -> 612.41
A14: 004 | B14: 12 ม.ค.65 | C14: นางสาวณัจสิญาณ์ ฐากูล | D14: พัสดุ | P14: 323.85 | S14: =SUM(E14:R14) -> 323.85
A15: 005 | B15: 7 มี.ค.65 | C15: นางสาวณัจสิญาณ์ ฐากูล | D15: พัสดุ | P15: 344.55 | S15: =SUM(E15:R15) -> 344.55
A16: 006 | S16: =SUM(E16:R16) -> 0
A17: 007 | S17: =SUM(E17:R17) -> 0
A18: 008 | S18: =SUM(E18:R18) -> 0
A19: 009 | S19: =SUM(E19:R19) -> 0
A20: 010 | S20: =SUM(E20:R20) -> 0
A21: 011 | S21: =SUM(E21:R21) -> 0
A22: 012 | S22: =SUM(E22:R22) -> 0
A23: 013 | S23: =SUM(E23:R23) -> 0
A24: 014 | S24: =SUM(E24:R24) -> 0
A25: 015 | S25: =SUM(E25:R25) -> 0
A26: 016 | S26: =SUM(E26:R26) -> 0
A27: 017 | S27: =SUM(E27:R27) -> 0
... A45: 035 | S45: =SUM(E45:R45) -> 0

Sheet 502
A1: กลับไปที่หน้าจัดสรร งปม.
E2: =Note!$B$1 -> วิทยาลัยการอาชีพนวมินทราชินีแม่ฮ่องสอน
E3: เงินงบประมาณ | H3: เงินอุดหนุน | O3: งบรายจ่ายอื่น | Q3: เงิน บกศ. | S3: รวม
E4: ปวช. | F4: ปวส. | G4: ระยะสั้น | H4: จัดการเรียน | I4: หนังสือ | J4: เครื่องแบบ | K4: กิจกรรม | L4: อุปกรณ์ | M4: เครื่องมือ | N4: ทั่วไป | O4: โครงการ | P4: เงินนอกงบ | Q4: เงินรายได้ | R4: เงินรับฝาก
D5: ได้รับมา | E5: ='จัดสรร งปม.'!D65 -> 81141 | F5: ='จัดสรร งปม.'!E65 -> 0 | G5: ='จัดสรร งปม.'!F65 -> 0 | H5: ='จัดสรร งปม.'!G65 -> 0 | I5: ='จัดสรร งปม.'!H65 -> 0 | J5: ='จัดสรร งปม.'!I65 -> 0 | K5: ='จัดสรร งปม.'!J65 -> 0 | L5: ='จัดสรร งปม.'!K65 -> 0 | N5: ='จัดสรร งปม.'!L65 -> 0 | P5: ='จัดสรร งปม.'!O65 -> 977.11 | Q5: ='จัดสรร งปม.'!P65 -> 0 | R5: ='จัดสรร งปม.'!Q65 -> 0 | S5: ='จัดสรร งปม.'!R65 -> 82118.11
D6: ใช้ไปแล้ว | E6: =SUM(E11:E45) -> 81141.05 | F6: =SUM(F11:F45) -> 0 | G6: =SUM(G11:G45) -> 0 | H6: =SUM(H11:H45) -> 0 | I6: =SUM(I11:I45) -> 0 | J6: =SUM(J11:J45) -> 0 | K6: =SUM(K11:K45) -> 0 | L6: =SUM(L11:L45) -> 0 | N6: =SUM(N11:N45) -> 0 | P6: =SUM(P11:P45) -> 977.11 | Q6: =SUM(Q11:Q45) -> 0 | R6: =SUM(R11:R45) -> 0 | S6: =SUM(S11:S45) -> 82118.16
B7: งบดำเนินงาน (ค่าสาธารณูปโภค) | D7: เหลือ | E7: =E5-E6 -> -0.05 | F7: =F5-F6 -> 0 | G7: =G5-G6 -> 0 | H7: =H5-H6 -> 0 | I7: =I5-I6 -> 0 | J7: =J5-J6 -> 0 | K7: =K5-K6 -> 0 | L7: =L5-L6 -> 0 | N7: =N5-N6 -> 0 | P7: =P5-P6 -> 0 | Q7: =Q5-Q6 -> 0 | R7: =R5-R6 -> 0 | S7: =S5-S6 -> -0.05
B8: รหัสรายการจ่าย | C8: ='จัดสรร งปม.'!$B$65 -> 502
B9: รายการจ่าย | C9: ='จัดสรร งปม.'!$C$65 -> ค่าประปา
A10: รหัส | B10: วันที่ | C10: ชื่อผู้ขอใช้ | D10: แผนก/งาน | E10: ปวช. | F10: ปวส. | G10: ระยะสั้น | H10: อุดหนุน | I10: หนังสือ | J10: เครื่องแบบ | K10: กิจกรรม | L10: อุปกรณ์ | M10: เครื่องมือ | N10: ทั่วไป | O10: =+O4 -> โครงการ | P10: =+P4 -> เงินนอกงบ | Q10: เงินรายได้ | R10: เงินรับฝาก | S10: รวม
A11: 001 | B11: 24 พ.ย.64 | C11: นางสาวณัจสิญาณ์ ฐากูล | D11: พัสดุ | P11: 150.22 | S11: =SUM(E11:R11) -> 150.22
A12: 002 | B12: 24 พ.ย.64 | C12: นางสาวณัจสิญาณ์ ฐากูล | D12: พัสดุ | E12: 16020.58 | S12: =SUM(E12:R12) -> 16020.58
A13: 003 | B13: 24 พ.ย.64 | C13: นางสาวน้ำทิพย์ ฐิติอุดมศรี | D13: พัสดุ | E13: 19581.27 | S13: =SUM(E13:R13) -> 19581.27
A14: 004 | B14: 3 ธ.ค.64 | C14: นางสาวณัจสิญาณ์ ฐากูล | D14: พัสดุ | P14: 64.2 | S14: =SUM(E14:R14) -> 64.2
A15: 005 | B15: 20 ธ.ค.64 | C15: นางสาวณัจสิญาณ์ ฐากูล | D15: พัสดุ | E15: 22676.51 | S15: =SUM(E15:R15) -> 22676.51
A16: 006 | B16: 17 ม.ค.65 | C16: นางสาวณัจสิญาณ์ ฐากูล | D16: พัสดุ | E16: 22862.69 | S16: =SUM(E16:R16) -> 22862.69
A17: 007 | B17: 17 ม.ค.65 | C17: นางสาวกรรธิมา สุโคมุด | D17: พัสดุ | P17: 398.04 | S17: =SUM(E17:R17) -> 398.04
A18: 008 | B18: 15 มี.ค.65 | C18: นางสาวกรรธิมา สุโคมุด | D18: พัสดุ | P18: 364.65 | S18: =SUM(E18:R18) -> 364.65
A19: 009 | S19: =SUM(E19:R19) -> 0
A20: 010 | S20: =SUM(E20:R20) -> 0
A21: 011 | S21: =SUM(E21:R21) -> 0
A22: 012 | S22: =SUM(E22:R22) -> 0
A23: 013 | S23: =SUM(E23:R23) -> 0
A24: 014 | S24: =SUM(E24:R24) -> 0
A25: 015 | S25: =SUM(E25:R25) -> 0
A26: 016 | S26: =SUM(E26:R26) -> 0
A27: 017 | S27: =SUM(E27:R27) -> 0
A28: 018 | S28: =SUM(E28:R28) -> 0
A29: 019 | S29: =SUM(E29:R29) -> 0
A30: 020 | S30: =SUM(E30:R30) -> 0
... A45: 035 | S45: =SUM(E45:R45) -> 0

Sheet 503
A1: กลับไปที่หน้าจัดสรร งปม.
E2: =Note!$B$1 -> วิทยาลัยการอาชีพนวมินทราชินีแม่ฮ่องสอน
E3: เงินงบประมาณ | H3: เงินอุดหนุน | O3: งบรายจ่ายอื่น | Q3: เงิน บกศ. | S3: รวม
E4: ปวช. | F4: ปวส. | G4: ระยะสั้น | H4: จัดการเรียน | I4: หนังสือ | J4: เครื่องแบบ | K4: กิจกรรม | L4: อุปกรณ์ | M4: เครื่องมือ | N4: ทั่วไป | O4: โครงการ | P4: เงินนอกงบ | Q4: เงินรายได้ | R4: เงินรับฝาก
D5: ได้รับมา | E5: ='จัดสรร งปม.'!D66 -> 5325.77 | F5: ='จัดสรร งปม.'!E66 -> 0 | G5: ='จัดสรร งปม.'!F66 -> 0 | H5: ='จัดสรร งปม.'!G66 -> 0 | I5: ='จัดสรร งปม.'!H66 -> 0 | J5: ='จัดสรร งปม.'!I66 -> 0 | K5: ='จัดสรร งปม.'!J66 -> 0 | L5: ='จัดสรร งปม.'!K66 -> 0 | N5: ='จัดสรร งปม.'!L66 -> 0 | P5: ='จัดสรร งปม.'!N66 -> 0 | Q5: ='จัดสรร งปม.'!P66 -> 1379.98 | R5: ='จัดสรร งปม.'!Q66 -> 0 | S5: ='จัดสรร งปม.'!R66 -> 6705.75
D6: ใช้ไปแล้ว | E6: =SUM(E11:E45) -> 5325.77 | F6: =SUM(F11:F45) -> 0 | G6: =SUM(G11:G45) -> 0 | H6: =SUM(H11:H45) -> 0 | I6: =SUM(I11:I45) -> 0 | J6: =SUM(J11:J45) -> 0 | K6: =SUM(K11:K45) -> 0 | L6: =SUM(L11:L45) -> 0 | N6: =SUM(N11:N45) -> 0 | P6: =SUM(P11:P45) -> 0 | Q6: =SUM(Q11:Q45) -> 1379.98 | R6: =SUM(R11:R45) -> 0 | S6: =SUM(S11:S45) -> 6705.75
B7: งบดำเนินงาน (ค่าสาธารณูปโภค) | D7: เหลือ | E7: =E5-E6 -> 0 | F7: =F5-F6 -> 0 | G7: =G5-G6 -> 0 | H7: =H5-H6 -> 0 | I7: =I5-I6 -> 0 | J7: =J5-J6 -> 0 | K7: =K5-K6 -> 0 | L7: =L5-L6 -> 0 | N7: =N5-N6 -> 0 | P7: =P5-P6 -> 0 | Q7: =Q5-Q6 -> 0 | R7: =R5-R6 -> 0 | S7: =S5-S6 -> 0
B8: รหัสรายการจ่าย | C8: ='จัดสรร งปม.'!$B$66 -> 503
B9: รายการจ่าย | C9: ='จัดสรร งปม.'!$C$66 -> ค่าโทรศัพท์
A10: รหัส | B10: วันที่ | C10: ชื่อผู้ขอใช้ | D10: แผนก/งาน | E10: ปวช. | F10: ปวส. | G10: ระยะสั้น | H10: อุดหนุน | I10: หนังสือ | J10: เครื่องแบบ | K10: กิจกรรม | L10: อุปกรณ์ | M10: เครื่องมือ | N10: ทั่วไป | O10: =+O4 -> โครงการ | P10: =+P4 -> เงินนอกงบ | Q10: เงินรายได้ | R10: เงินรับฝาก | S10: รวม
A11: 001 | B11: 24 พ.ย.64 | C11: นางสาวณัจสิญาณ์ ฐากูร | D11: พัสดุ | Q11: 1379.98 | S11: =SUM(E11:R11) -> 1379.98
A12: 002 | B12: 26 พ.ย.64 | C12: นางสาวณัจสิญาณ์ ฐากูร | D12: พัสดุ | E12: 1272.23 | S12: =SUM(E12:R12) -> 1272.23
A13: 003 | B13: 11 ม.ค.65 | C13: นางสาวกรรธิมา สุโคมุด | D13: พัสดุ | E13: 1396.24 | F13: แก้ยอด | S13: =SUM(E13:R13) -> 1396.24
A14: 004 | B14: 1 ก.พ.65 | C14: นางสาวกรรธิมา สุโคมุด | D14: พัสดุ | E14: 1273.25 | S14: =SUM(E14:R14) -> 1273.25
A15: 005 | B15: 7 มี.ค. 65 | C15: นางสาวกรรธิมา สุโคมุด | D15: พัสดุ | E15: 1384.05 | S15: =SUM(E15:R15) -> 1384.05
A16: 006 | S16: =SUM(E16:R16) -> 0
A17: 007 | S17: =SUM(E17:R17) -> 0
A18: 008 | S18: =SUM(E18:R18) -> 0
A19: 009 | S19: =SUM(E19:R19) -> 0
A20: 010 | S20: =SUM(E20:R20) -> 0
A21: 011 | S21: =SUM(E21:R21) -> 0
A22: 012 | S22: =SUM(E22:R22) -> 0
A23: 013 | S23: =SUM(E23:R23) -> 0
A24: 014 | S24: =SUM(E24:R24) -> 0
A25: 015 | S25: =SUM(E25:R25) -> 0
A26: 016 | S26: =SUM(E26:R26) -> 0
A27: 017 | S27: =SUM(E27:R27) -> 0
... A45: 035 | S45: =SUM(E45:R45) -> 0

Sheet 504
A1: กลับไปที่หน้าจัดสรร งปม.
E2: =Note!$B$1 -> วิทยาลัยการอาชีพนวมินทราชินีแม่ฮ่องสอน
E3: เงินงบประมาณ | H3: เงินอุดหนุน | O3: งบรายจ่ายอื่น | Q3: เงิน บกศ. | S3: รวม
E4: ปวช. | F4: ปวส. | G4: ระยะสั้น | H4: จัดการเรียน | I4: หนังสือ | J4: เครื่องแบบ | K4: กิจกรรม | L4: อุปกรณ์ | M4: เครื่องมือ | N4: ทั่วไป | O4: โครงการ | P4: เงินนอกงบ | Q4: เงินรายได้ | R4: เงินรับฝาก
D5: ได้รับมา | E5: ='จัดสรร งปม.'!D67 -> 6712 | F5: ='จัดสรร งปม.'!E67 -> 0 | G5: ='จัดสรร งปม.'!F67 -> 0 | H5: ='จัดสรร งปม.'!G67 -> 0 | I5: ='จัดสรร งปม.'!H67 -> 0 | J5: ='จัดสรร งปม.'!I67 -> 0 | K5: ='จัดสรร งปม.'!J67 -> 0 | L5: ='จัดสรร งปม.'!K67 -> 0 | N5: ='จัดสรร งปม.'!L67 -> 0 | P5: ='จัดสรร งปม.'!N67 -> 0 | Q5: ='จัดสรร งปม.'!P67 -> 1007 | R5: ='จัดสรร งปม.'!Q67 -> 0 | S5: ='จัดสรร งปม.'!R67 -> 7719
D6: ใช้ไปแล้ว | E6: =SUM(E11:E45) -> 6712 | F6: =SUM(F11:F45) -> 0 | G6: =SUM(G11:G45) -> 0 | H6: =SUM(H11:H45) -> 0 | I6: =SUM(I11:I45) -> 0 | J6: =SUM(J11:J45) -> 0 | K6: =SUM(K11:K45) -> 0 | L6: =SUM(L11:L45) -> 0 | N6: =SUM(N11:N45) -> 0 | P6: =SUM(P11:P45) -> 0 | Q6: =SUM(Q11:Q45) -> 1007 | R6: =SUM(R11:R45) -> 0 | S6: =SUM(S11:S45) -> 7719
B7: งบดำเนินงาน (ค่าสาธารณูปโภค) | D7: เหลือ | E7: =E5-E6 -> 0 | F7: =F5-F6 -> 0 | G7: =G5-G6 -> 0 | H7: =H5-H6 -> 0 | I7: =I5-I6 -> 0 | J7: =J5-J6 -> 0 | K7: =K5-K6 -> 0 | L7: =L5-L6 -> 0 | N7: =N5-N6 -> 0 | P7: =P5-P6 -> 0 | Q7: =Q5-Q6 -> 0 | R7: =R5-R6 -> 0 | S7: =S5-S6 -> 0
B8: รหัสรายการจ่าย | C8: ='จัดสรร งปม.'!$B$67 -> 504
B9: รายการจ่าย | C9: ='จัดสรร งปม.'!$C$67 -> ค่าไปรษณีย์
A10: รหัส | B10: วันที่ | C10: ชื่อผู้ขอใช้ | D10: แผนก/งาน | E10: ปวช. | F10: ปวส. | G10: ระยะสั้น | H10: อุดหนุน | I10: หนังสือ | J10: เครื่องแบบ | K10: กิจกรรม | L10: อุปกรณ์ | M10: เครื่องมือ | N10: ทั่วไป | O10: =+O4 -> โครงการ | P10: =+P4 -> เงินนอกงบ | Q10: เงินรายได้ | R10: เงินรับฝาก | S10: รวม
A11: 001 | B11: 24 พ.ย.64 | C11: นางสาวน้ำทิพย์ ฐิติอุดมศรี | D11: พัสดุ | Q11: 1007 | S11: =SUM(E11:R11) -> 1007
A12: 002 | B12: 24 พ.ย.64 | C12: นางสาวณัจสิญาน์ ฐากูร | D12: พัสดุ | E12: 1272 | S12: =SUM(E12:R12) -> 1272
A13: 003 | B13: 9 ธ.ค.64 | C13: นางสาวณัจสิญาน์ ฐากูร | D13: พัสดุ | E13: 2593 | S13: =SUM(E13:R13) -> 2593
A14: 004 | B14: 11 ม.ค.65 | C14: นางสาวกรรธิมา สุโคมุด | D14: พัสดุ | E14: 1229 | F14: แก้ชื่อ ผอ. | S14: =SUM(E14:R14) -> 1229
A15: 005 | B15: 21 ก.พ.65 | C15: นางสาวกรรธิมา สุโคมุด | D15: พัสดุ | E15: 1618 | S15: =SUM(E15:R15) -> 1618
A16: 006 | S16: =SUM(E16:R16) -> 0
A17: 007 | S17: =SUM(E17:R17) -> 0
A18: 008 | S18: =SUM(E18:R18) -> 0
A19: 009 | S19: =SUM(E19:R19) -> 0
A20: 010 | S20: =SUM(E20:R20) -> 0
A21: 011 | S21: =SUM(E21:R21) -> 0
A22: 012 | S22: =SUM(E22:R22) -> 0
A23: 013 | S23: =SUM(E23:R23) -> 0
A24: 014 | S24: =SUM(E24:R24) -> 0
A25: 015 | S25: =SUM(E25:R25) -> 0
A26: 016 | S26: =SUM(E26:R26) -> 0
A27: 017 | S27: =SUM(E27:R27) -> 0
... A45: 035 | S45: =SUM(E45:R45) -> 0

Sheet 505
A1: กลับไปที่หน้าจัดสรร งปม.
E2: =Note!$B$1 -> วิทยาลัยการอาชีพนวมินทราชินีแม่ฮ่องสอน
E3: เงินงบประมาณ | H3: เงินอุดหนุน | O3: งบรายจ่ายอื่น | Q3: เงิน บกศ. | S3: รวม
E4: ปวช. | F4: ปวส. | G4: ระยะสั้น | H4: จัดการเรียน | I4: หนังสือ | J4: เครื่องแบบ | K4: กิจกรรม | L4: อุปกรณ์ | M4: เครื่องมือ | N4: ทั่วไป | O4: โครงการ | P4: เงินนอกงบ | Q4: เงินรายได้ | R4: เงินรับฝาก
D5: ได้รับมา | E5: ='จัดสรร งปม.'!D68 -> 21828 | F5: ='จัดสรร งปม.'!E68 -> 0 | G5: ='จัดสรร งปม.'!F68 -> 0 | H5: ='จัดสรร งปม.'!G68 -> 0 | I5: ='จัดสรร งปม.'!H68 -> 0 | J5: ='จัดสรร งปม.'!I68 -> 0 | K5: ='จัดสรร งปม.'!J68 -> 0 | L5: ='จัดสรร งปม.'!K68 -> 0 | N5: ='จัดสรร งปม.'!L68 -> 0 | P5: ='จัดสรร งปม.'!N68 -> 0 | Q5: ='จัดสรร งปม.'!P68 -> 0 | R5: ='จัดสรร งปม.'!Q68 -> 0 | S5: ='จัดสรร งปม.'!R68 -> 21828
D6: ใช้ไปแล้ว | E6: =SUM(E11:E45) -> 21828 | F6: =SUM(F11:F45) -> 0 | G6: =SUM(G11:G45) -> 0 | H6: =SUM(H11:H45) -> 0 | I6: =SUM(I11:I45) -> 0 | J6: =SUM(J11:J45) -> 0 | K6: =SUM(K11:K45) -> 0 | L6: =SUM(L11:L45) -> 0 | N6: =SUM(N11:N45) -> 0 | P6: =SUM(P11:P45) -> 0 | Q6: =SUM(Q11:Q45) -> 0 | R6: =SUM(R11:R45) -> 0 | S6: =SUM(S11:S45) -> 21828
B7: งบดำเนินงาน (ค่าสาธารณูปโภค) | D7: เหลือ | E7: =E5-E6 -> 0 | F7: =F5-F6 -> 0 | G7: =G5-G6 -> 0 | H7: =H5-H6 -> 0 | I7: =I5-I6 -> 0 | J7: =J5-J6 -> 0 | K7: =K5-K6 -> 0 | L7: =L5-L6 -> 0 | N7: =N5-N6 -> 0 | P7: =P5-P6 -> 0 | Q7: =Q5-Q6 -> 0 | R7: =R5-R6 -> 0 | S7: =S5-S6 -> 0
B8: รหัสรายการจ่าย | C8: ='จัดสรร งปม.'!$B$68 -> 505
B9: รายการจ่าย | C9: ='จัดสรร งปม.'!$C$68 -> ค่าอินเตอร์เนต
A10: รหัส | B10: วันที่ | C10: ชื่อผู้ขอใช้ | D10: แผนก/งาน | E10: ปวช. | F10: ปวส. | G10: ระยะสั้น | H10: อุดหนุน | I10: หนังสือ | J10: เครื่องแบบ | K10: กิจกรรม | L10: อุปกรณ์ | M10: เครื่องมือ | N10: ทั่วไป | O10: =+O4 -> โครงการ | P10: =+P4 -> เงินนอกงบ | Q10: เงินรายได้ | R10: เงินรับฝาก | S10: รวม
A11: 001 | B11: 24 พ.ย.64 | C11: นางสาวณัฐสิญาน์ ฐากูล | D11: พัสดุ | E11: 5457 | S11: =SUM(E11:R11) -> 5457
A12: 002 | B12: 20 ธ.ค.64 | C12: นางสาวณัฐสิญาน์ ฐากูล | D12: พัสดุ | E12: 5457 | S12: =SUM(E12:R12) -> 5457
A13: 003 | B13: 17 ม.ค.65 | C13: นางสาวณัฐสิญาน์ ฐากูล | D13: พัสดุ | E13: 5457 | S13: =SUM(E13:R13) -> 5457
A14: 004 | B14: 21 ก.พ.65 | C14: นางสาวกรรธิมา สุโคมุด | D14: พัสดุ | E14: 5457 | S14: =SUM(E14:R14) -> 5457
A15: 005 | S15: =SUM(E15:R15) -> 0
A16: 006 | S16: =SUM(E16:R16) -> 0
A17: 007 | S17: =SUM(E17:R17) -> 0
A18: 008 | S18: =SUM(E18:R18) -> 0
A19: 009 | S19: =SUM(E19:R19) -> 0
A20: 010 | S20: =SUM(E20:R20) -> 0
A21: 011 | S21: =SUM(E21:R21) -> 0
A22: 012 | S22: =SUM(E22:R22) -> 0
A23: 013 | S23: =SUM(E23:R23) -> 0
A24: 014 | S24: =SUM(E24:R24) -> 0
A25: 015 | S25: =SUM(E25:R25) -> 0
A26: 016 | S26: =SUM(E26:R26) -> 0
... A45: 035 | S45: =SUM(E45:R45) -> 0

Sheet 506
A1: กลับไปที่หน้าจัดสรร งปม.
E2: =Note!$B$1 -> วิทยาลัยการอาชีพนวมินทราชินีแม่ฮ่องสอน
E3: เงินงบประมาณ | H3: เงินอุดหนุน | O3: งบรายจ่ายอื่น | Q3: เงิน บกศ. | S3: รวม
E4: ปวช. | F4: ปวส. | G4: ระยะสั้น | H4: จัดการเรียน | I4: หนังสือ | J4: เครื่องแบบ | K4: กิจกรรม | L4: อุปกรณ์ | M4: เครื่องมือ | N4: ทั่วไป | O4: โครงการ | P4: เงินนอกงบ | Q4: เงินรายได้ | R4: เงินรับฝาก
D5: ได้รับมา | E5: ='จัดสรร งปม.'!D69 -> 0 | F5: ='จัดสรร งปม.'!E69 -> 0 | G5: ='จัดสรร งปม.'!F69 -> 0 | H5: ='จัดสรร งปม.'!G69 -> 0 | I5: ='จัดสรร งปม.'!H69 -> 0 | J5: ='จัดสรร งปม.'!I69 -> 0 | K5: ='จัดสรร งปม.'!J69 -> 0 | L5: ='จัดสรร งปม.'!K69 -> 0 | N5: ='จัดสรร งปม.'!L69 -> 0 | P5: ='จัดสรร งปม.'!N69 -> 0 | Q5: ='จัดสรร งปม.'!P69 -> 0 | R5: ='จัดสรร งปม.'!Q69 -> 0 | S5: ='จัดสรร งปม.'!R69 -> 0
D6: ใช้ไปแล้ว | E6: =SUM(E11:E45) -> 60 | F6: =SUM(F11:F45) -> 0 | G6: =SUM(G11:G45) -> 0 | H6: =SUM(H11:H45) -> 0 | I6: =SUM(I11:I45) -> 0 | J6: =SUM(J11:J45) -> 0 | K6: =SUM(K11:K45) -> 0 | L6: =SUM(L11:L45) -> 0 | N6: =SUM(N11:N45) -> 0 | P6: =SUM(P11:P45) -> 0 | Q6: =SUM(Q11:Q45) -> 0 | R6: =SUM(R11:R45) -> 0 | S6: =SUM(S11:S45) -> 60
B7: งบดำเนินงาน (ค่าสาธารณูปโภค) | D7: เหลือ | E7: =E5-E6 -> -60 | F7: =F5-F6 -> 0 | G7: =G5-G6 -> 0 | H7: =H5-H6 -> 0 | I7: =I5-I6 -> 0 | J7: =J5-J6 -> 0 | K7: =K5-K6 -> 0 | L7: =L5-L6 -> 0 | N7: =N5-N6 -> 0 | P7: =P5-P6 -> 0 | Q7: =Q5-Q6 -> 0 | R7: =R5-R6 -> 0 | S7: =S5-S6 -> -60
B8: รหัสรายการจ่าย | C8: ='จัดสรร งปม.'!$B$69 -> 506
B9: รายการจ่าย | C9: ='จัดสรร งปม.'!$C$69 -> สำรอง 1
A10: รหัส | B10: วันที่ | C10: ชื่อผู้ขอใช้ | D10: แผนก/งาน | E10: ปวช. | F10: ปวส. | G10: ระยะสั้น | H10: อุดหนุน | I10: หนังสือ | J10: เครื่องแบบ | K10: กิจกรรม | L10: อุปกรณ์ | M10: เครื่องมือ | N10: ทั่วไป | O10: =+O4 -> โครงการ | P10: =+P4 -> เงินนอกงบ | Q10: เงินรายได้ | R10: เงินรับฝาก | S10: รวม
A11: 001 | E11: 60 | S11: =SUM(E11:R11) -> 60
A12: 002 | S12: =SUM(E12:R12) -> 0
A13: 003 | S13: =SUM(E13:R13) -> 0
A14: 004 | S14: =SUM(E14:R14) -> 0
A15: 005 | S15: =SUM(E15:R15) -> 0
A16: 006 | S16: =SUM(E16:R16) -> 0
A17: 007 | S17: =SUM(E17:R17) -> 0
A18: 008 | S18: =SUM(E18:R18) -> 0
A19: 009 | S19: =SUM(E19:R19) -> 0
A20: 010 | S20: =SUM(E20:R20) -> 0
A21: 011 | S21: =SUM(E21:R21) -> 0
A22: 012 | S22: =SUM(E22:R22) -> 0
A23: 013 | S23: =SUM(E23:R23) -> 0
... A45: 035 | S45: =SUM(E45:R45) -> 0

Sheet 507
A1: กลับไปที่หน้าจัดสรร งปม.
E2: =Note!$B$1 -> วิทยาลัยการอาชีพนวมินทราชินีแม่ฮ่องสอน
E3: เงินงบประมาณ | H3: เงินอุดหนุน | O3: งบรายจ่ายอื่น | Q3: เงิน บกศ. | S3: รวม
E4: ปวช. | F4: ปวส. | G4: ระยะสั้น | H4: จัดการเรียน | I4: หนังสือ | J4: เครื่องแบบ | K4: กิจกรรม | L4: อุปกรณ์ | M4: เครื่องมือ | N4: ทั่วไป | O4: โครงการ | P4: เงินนอกงบ | Q4: เงินรายได้ | R4: เงินรับฝาก
D5: ได้รับมา | E5: ='จัดสรร งปม.'!D70 -> 0 | F5: ='จัดสรร งปม.'!E70 -> 0 | G5: ='จัดสรร งปม.'!F70 -> 0 | H5: ='จัดสรร งปม.'!G70 -> 0 | I5: ='จัดสรร งปม.'!H70 -> 0 | J5: ='จัดสรร งปม.'!I70 -> 0 | K5: ='จัดสรร งปม.'!J70 -> 0 | L5: ='จัดสรร งปม.'!K70 -> 0 | N5: ='จัดสรร งปม.'!L70 -> 0 | P5: ='จัดสรร งปม.'!N70 -> 0 | Q5: ='จัดสรร งปม.'!P70 -> 0 | R5: ='จัดสรร งปม.'!Q70 -> 0 | S5: ='จัดสรร งปม.'!R70 -> 0
D6: ใช้ไปแล้ว | E6: =SUM(E11:E45) -> 70 | F6: =SUM(F11:F45) -> 0 | G6: =SUM(G11:G45) -> 0 | H6: =SUM(H11:H45) -> 0 | I6: =SUM(I11:I45) -> 0 | J6: =SUM(J11:J45) -> 0 | K6: =SUM(K11:K45) -> 0 | L6: =SUM(L11:L45) -> 0 | N6: =SUM(N11:N45) -> 0 | P6: =SUM(P11:P45) -> 0 | Q6: =SUM(Q11:Q45) -> 0 | R6: =SUM(R11:R45) -> 0 | S6: =SUM(S11:S45) -> 70
B7: งบดำเนินงาน (ค่าสาธารณูปโภค) | D7: เหลือ | E7: =E5-E6 -> -70 | F7: =F5-F6 -> 0 | G7: =G5-G6 -> 0 | H7: =H5-H6 -> 0 | I7: =I5-I6 -> 0 | J7: =J5-J6 -> 0 | K7: =K5-K6 -> 0 | L7: =L5-L6 -> 0 | N7: =N5-N6 -> 0 | P7: =P5-P6 -> 0 | Q7: =Q5-Q6 -> 0 | R7: =R5-R6 -> 0 | S7: =S5-S6 -> -70
B8: รหัสรายการจ่าย | C8: ='จัดสรร งปม.'!$B$70 -> 507
B9: รายการจ่าย | C9: ='จัดสรร งปม.'!$C$70 -> สำรอง 2
A10: รหัส | B10: วันที่ | C10: ชื่อผู้ขอใช้ | D10: แผนก/งาน | E10: ปวช. | F10: ปวส. | G10: ระยะสั้น | H10: อุดหนุน | I10: หนังสือ | J10: เครื่องแบบ | K10: กิจกรรม | L10: อุปกรณ์ | M10: เครื่องมือ | N10: ทั่วไป | O10: =+O4 -> โครงการ | P10: =+P4 -> เงินนอกงบ | Q10: เงินรายได้ | R10: เงินรับฝาก | S10: รวม
A11: 001 | E11: 70 | S11: =SUM(E11:R11) -> 70
A12: 002 | S12: =SUM(E12:R12) -> 0
A13: 003 | S13: =SUM(E13:R13) -> 0
A14: 004 | S14: =SUM(E14:R14) -> 0
A15: 005 | S15: =SUM(E15:R15) -> 0
A16: 006 | S16: =SUM(E16:R16) -> 0
A17: 007 | S17: =SUM(E17:R17) -> 0
A18: 008 | S18: =SUM(E18:R18) -> 0
A19: 009 | S19: =SUM(E19:R19) -> 0
A20: 010 | S20: =SUM(E20:R20) -> 0
A21: 011 | S21: =SUM(E21:R21) -> 0
A22: 012 | S22: =SUM(E22:R22) -> 0
A23: 013 | S23: =SUM(E23:R23) -> 0
... A45: 035 | S45: =SUM(E45:R45) -> 0

Sheet 508
A1: กลับไปที่หน้าจัดสรร งปม.
E2: =Note!$B$1 -> วิทยาลัยการอาชีพนวมินทราชินีแม่ฮ่องสอน
E3: เงินงบประมาณ | H3: เงินอุดหนุน | O3: งบรายจ่ายอื่น | Q3: เงิน บกศ. | S3: รวม
E4: ปวช. | F4: ปวส. | G4: ระยะสั้น | H4: จัดการเรียน | I4: หนังสือ | J4: เครื่องแบบ | K4: กิจกรรม | L4: อุปกรณ์ | M4: เครื่องมือ | N4: ทั่วไป | O4: โครงการ | P4: เงินนอกงบ | Q4: เงินรายได้ | R4: เงินรับฝาก
D5: ได้รับมา | E5: ='จัดสรร งปม.'!D71 -> 0 | F5: ='จัดสรร งปม.'!E71 -> 0 | G5: ='จัดสรร งปม.'!F71 -> 0 | H5: ='จัดสรร งปม.'!G71 -> 0 | I5: ='จัดสรร งปม.'!H71 -> 0 | J5: ='จัดสรร งปม.'!I71 -> 0 | K5: ='จัดสรร งปม.'!J71 -> 0 | L5: ='จัดสรร งปม.'!K71 -> 0 | N5: ='จัดสรร งปม.'!L71 -> 0 | P5: ='จัดสรร งปม.'!N71 -> 0 | Q5: ='จัดสรร งปม.'!P71 -> 0 | R5: ='จัดสรร งปม.'!Q71 -> 0 | S5: ='จัดสรร งปม.'!R71 -> 0
D6: ใช้ไปแล้ว | E6: =SUM(E11:E45) -> 80 | F6: =SUM(F11:F45) -> 0 | G6: =SUM(G11:G45) -> 0 | H6: =SUM(H11:H45) -> 0 | I6: =SUM(I11:I45) -> 0 | J6: =SUM(J11:J45) -> 0 | K6: =SUM(K11:K45) -> 0 | L6: =SUM(L11:L45) -> 0 | N6: =SUM(N11:N45) -> 0 | P6: =SUM(P11:P45) -> 0 | Q6: =SUM(Q11:Q45) -> 0 | R6: =SUM(R11:R45) -> 0 | S6: =SUM(S11:S45) -> 80
B7: งบดำเนินงาน (ค่าสาธารณูปโภค) | D7: เหลือ | E7: =E5-E6 -> -80 | F7: =F5-F6 -> 0 | G7: =G5-G6 -> 0 | H7: =H5-H6 -> 0 | I7: =I5-I6 -> 0 | J7: =J5-J6 -> 0 | K7: =K5-K6 -> 0 | L7: =L5-L6 -> 0 | N7: =N5-N6 -> 0 | P7: =P5-P6 -> 0 | Q7: =Q5-Q6 -> 0 | R7: =R5-R6 -> 0 | S7: =S5-S6 -> -80
B8: รหัสรายการจ่าย | C8: ='จัดสรร งปม.'!$B$71 -> 508
B9: รายการจ่าย | C9: ='จัดสรร งปม.'!$C$71 -> สำรอง 3
A10: รหัส | B10: วันที่ | C10: ชื่อผู้ขอใช้ | D10: แผนก/งาน | E10: ปวช. | F10: ปวส. | G10: ระยะสั้น | H10: อุดหนุน | I10: หนังสือ | J10: เครื่องแบบ | K10: กิจกรรม | L10: อุปกรณ์ | M10: เครื่องมือ | N10: ทั่วไป | O10: =+O4 -> โครงการ | P10: =+P4 -> เงินนอกงบ | Q10: เงินรายได้ | R10: เงินรับฝาก | S10: รวม
A11: 001 | E11: 80 | S11: =SUM(E11:R11) -> 80
A12: 002 | S12: =SUM(E12:R12) -> 0
A13: 003 | S13: =SUM(E13:R13) -> 0
A14: 004 | S14: =SUM(E14:R14) -> 0
A15: 005 | S15: =SUM(E15:R15) -> 0
A16: 006 | S16: =SUM(E16:R16) -> 0
A17: 007 | S17: =SUM(E17:R17) -> 0
A18: 008 | S18: =SUM(E18:R18) -> 0
A19: 009 | S19: =SUM(E19:R19) -> 0
A20: 010 | S20: =SUM(E20:R20) -> 0
A21: 011 | S21: =SUM(E21:R21) -> 0
A22: 012 | S22: =SUM(E22:R22) -> 0
A23: 013 | S23: =SUM(E23:R23) -> 0
... A45: 035 | S45: =SUM(E45:R45) -> 0

Sheet 601
A1: กลับไปที่หน้าจัดสรร งปม.
E2: =Note!$B$1 -> วิทยาลัยการอาชีพนวมินทราชินีแม่ฮ่องสอน
E3: เงินงบประมาณ | H3: เงินอุดหนุน | O3: งบรายจ่ายอื่น | Q3: เงิน บกศ. | S3: รวม
E4: ปวช. | F4: ปวส. | G4: ระยะสั้น | H4: จัดการเรียน | I4: หนังสือ | J4: เครื่องแบบ | K4: กิจกรรม | L4: อุปกรณ์ | M4: เครื่องมือ | N4: ทั่วไป | O4: โครงการ | P4: เงินนอกงบ | Q4: เงินรายได้ | R4: เงินรับฝาก
D5: ได้รับมา | E5: ='จัดสรร งปม.'!D73 -> 0 | F5: ='จัดสรร งปม.'!E73 -> 0 | G5: ='จัดสรร งปม.'!F73 -> 0 | H5: ='จัดสรร งปม.'!G73 -> 0 | I5: ='จัดสรร งปม.'!H73 -> 0 | J5: ='จัดสรร งปม.'!I73 -> 0 | K5: ='จัดสรร งปม.'!J73 -> 0 | L5: ='จัดสรร งปม.'!K73 -> 0 | N5: ='จัดสรร งปม.'!L73 -> 0 | P5: ='จัดสรร งปม.'!N73 -> 0 | Q5: ='จัดสรร งปม.'!P73 -> 0 | R5: ='จัดสรร งปม.'!Q73 -> 0 | S5: ='จัดสรร งปม.'!R73 -> 0
D6: ใช้ไปแล้ว | E6: =SUM(E11:E45) -> 10 | F6: =SUM(F11:F45) -> 0 | G6: =SUM(G11:G45) -> 0 | H6: =SUM(H11:H45) -> 0 | I6: =SUM(I11:I45) -> 0 | J6: =SUM(J11:J45) -> 0 | K6: =SUM(K11:K45) -> 0 | L6: =SUM(L11:L45) -> 0 | N6: =SUM(N11:N45) -> 0 | P6: =SUM(P11:P45) -> 0 | Q6: =SUM(Q11:Q45) -> 0 | R6: =SUM(R11:R45) -> 0 | S6: =SUM(S11:S45) -> 10
B7: งบดำเนินงาน (โครงการ/กิจกรรม) | D7: เหลือ | E7: =E5-E6 -> -10 | F7: =F5-F6 -> 0 | G7: =G5-G6 -> 0 | H7: =H5-H6 -> 0 | I7: =I5-I6 -> 0 | J7: =J5-J6 -> 0 | K7: =K5-K6 -> 0 | L7: =L5-L6 -> 0 | N7: =N5-N6 -> 0 | P7: =P5-P6 -> 0 | Q7: =Q5-Q6 -> 0 | R7: =R5-R6 -> 0 | S7: =S5-S6 -> -10
B8: รหัสรายการจ่าย | C8: ='จัดสรร งปม.'!$B$73 -> 601
B9: รายการจ่าย | C9: ='จัดสรร งปม.'!$C$73 -> โครงการด้านการพัฒนาผู้เรียน
A10: รหัส | B10: วันที่ | C10: ชื่อผู้ขอใช้ | D10: แผนก/งาน | E10: ปวช. | F10: ปวส. | G10: ระยะสั้น | H10: อุดหนุน | I10: หนังสือ | J10: เครื่องแบบ | K10: กิจกรรม | L10: อุปกรณ์ | M10: เครื่องมือ | N10: ทั่วไป | O10: =+O4 -> โครงการ | P10: =+P4 -> เงินนอกงบ | Q10: เงินรายได้ | R10: เงินรับฝาก | S10: รวม
A11: 001 | E11: 10 | S11: =SUM(E11:R11) -> 10
A12: 002 | S12: =SUM(E12:R12) -> 0
A13: 003 | S13: =SUM(E13:R13) -> 0
A14: 004 | S14: =SUM(E14:R14) -> 0
A15: 005 | S15: =SUM(E15:R15) -> 0
A16: 006 | S16: =SUM(E16:R16) -> 0
A17: 007 | S17: =SUM(E17:R17) -> 0
A18: 008 | S18: =SUM(E18:R18) -> 0
A19: 009 | S19: =SUM(E19:R19) -> 0
A20: 010 | S20: =SUM(E20:R20) -> 0
A21: 011 | S21: =SUM(E21:R21) -> 0
A22: 012 | S22: =SUM(E22:R22) -> 0
A23: 013 | S23: =SUM(E23:R23) -> 0
... A45: 035 | S45: =SUM(E45:R45) -> 0

Sheet 602
A1: กลับไปที่หน้าจัดสรร งปม.
E2: =Note!$B$1 -> วิทยาลัยการอาชีพนวมินทราชินีแม่ฮ่องสอน
E3: เงินงบประมาณ | H3: เงินอุดหนุน | O3: งบรายจ่ายอื่น | Q3: เงิน บกศ. | S3: รวม
E4: ปวช. | F4: ปวส. | G4: ระยะสั้น | H4: จัดการเรียน | I4: หนังสือ | J4: เครื่องแบบ | K4: กิจกรรม | L4: อุปกรณ์ | M4: เครื่องมือ | N4: ทั่วไป | O4: โครงการ | P4: เงินนอกงบ | Q4: เงินรายได้ | R4: เงินรับฝาก
D5: ได้รับมา | E5: ='จัดสรร งปม.'!D74 -> 0 | F5: ='จัดสรร งปม.'!E74 -> 0 | G5: ='จัดสรร งปม.'!F74 -> 0 | H5: ='จัดสรร งปม.'!G74 -> 0 | I5: ='จัดสรร งปม.'!H74 -> 0 | J5: ='จัดสรร งปม.'!I74 -> 0 | K5: ='จัดสรร งปม.'!J74 -> 0 | L5: ='จัดสรร งปม.'!K74 -> 0 | N5: ='จัดสรร งปม.'!L74 -> 0 | P5: ='จัดสรร งปม.'!N74 -> 0 | Q5: ='จัดสรร งปม.'!P74 -> 0 | R5: ='จัดสรร งปม.'!Q74 -> 0 | S5: ='จัดสรร งปม.'!R74 -> 0
D6: ใช้ไปแล้ว | E6: =SUM(E11:E45) -> 15 | F6: =SUM(F11:F45) -> 0 | G6: =SUM(G11:G45) -> 0 | H6: =SUM(H11:H45) -> 0 | I6: =SUM(I11:I45) -> 0 | J6: =SUM(J11:J45) -> 0 | K6: =SUM(K11:K45) -> 0 | L6: =SUM(L11:L45) -> 0 | N6: =SUM(N11:N45) -> 0 | P6: =SUM(P11:P45) -> 0 | Q6: =SUM(Q11:Q45) -> 0 | R6: =SUM(R11:R45) -> 0 | S6: =SUM(S11:S45) -> 15
B7: งบดำเนินงาน (โครงการ/กิจกรรม) | D7: เหลือ | E7: =E5-E6 -> -15 | F7: =F5-F6 -> 0 | G7: =G5-G6 -> 0 | H7: =H5-H6 -> 0 | I7: =I5-I6 -> 0 | J7: =J5-J6 -> 0 | K7: =K5-K6 -> 0 | L7: =L5-L6 -> 0 | N7: =N5-N6 -> 0 | P7: =P5-P6 -> 0 | Q7: =Q5-Q6 -> 0 | R7: =R5-R6 -> 0 | S7: =S5-S6 -> -15
B8: รหัสรายการจ่าย | C8: ='จัดสรร งปม.'!$B$74 -> 602
B9: รายการจ่าย | C9: ='จัดสรร งปม.'!$C$74 -> โครงการด้านการพัฒนาครูและบุคลากร
A10: รหัส | B10: วันที่ | C10: ชื่อผู้ขอใช้ | D10: แผนก/งาน | E10: ปวช. | F10: ปวส. | G10: ระยะสั้น | H10: อุดหนุน | I10: หนังสือ | J10: เครื่องแบบ | K10: กิจกรรม | L10: อุปกรณ์ | M10: เครื่องมือ | N10: ทั่วไป | O10: =+O4 -> โครงการ | P10: =+P4 -> เงินนอกงบ | Q10: เงินรายได้ | R10: เงินรับฝาก | S10: รวม
A11: 001 | E11: 15 | S11: =SUM(E11:R11) -> 15
A12: 002 | S12: =SUM(E12:R12) -> 0
A13: 003 | S13: =SUM(E13:R13) -> 0
A14: 004 | S14: =SUM(E14:R14) -> 0
A15: 005 | S15: =SUM(E15:R15) -> 0
A16: 006 | S16: =SUM(E16:R16) -> 0
A17: 007 | S17: =SUM(E17:R17) -> 0
A18: 008 | S18: =SUM(E18:R18) -> 0
A19: 009 | S19: =SUM(E19:R19) -> 0
A20: 010 | S20: =SUM(E20:R20) -> 0
A21: 011 | S21: =SUM(E21:R21) -> 0
A22: 012 | S22: =SUM(E22:R22) -> 0
A23: 013 | S23: =SUM(E23:R23) -> 0
... A45: 035 | S45: =SUM(E45:R45) -> 0

Sheet 603
A1: กลับไปที่หน้าจัดสรร งปม.
E2: =Note!$B$1 -> วิทยาลัยการอาชีพนวมินทราชินีแม่ฮ่องสอน
E3: เงินงบประมาณ | H3: เงินอุดหนุน | O3: งบรายจ่ายอื่น | Q3: เงิน บกศ. | S3: รวม
E4: ปวช. | F4: ปวส. | G4: ระยะสั้น | H4: จัดการเรียน | I4: หนังสือ | J4: เครื่องแบบ | K4: กิจกรรม | L4: อุปกรณ์ | M4: เครื่องมือ | N4: ทั่วไป | O4: โครงการ | P4: เงินนอกงบ | Q4: เงินรายได้ | R4: เงินรับฝาก
D5: ได้รับมา | E5: ='จัดสรร งปม.'!D75 -> 0 | F5: ='จัดสรร งปม.'!E75 -> 0 | G5: ='จัดสรร งปม.'!F75 -> 0 | H5: ='จัดสรร งปม.'!G75 -> 0 | I5: ='จัดสรร งปม.'!H75 -> 0 | J5: ='จัดสรร งปม.'!I75 -> 0 | K5: ='จัดสรร งปม.'!J75 -> 0 | L5: ='จัดสรร งปม.'!K75 -> 0 | N5: ='จัดสรร งปม.'!L75 -> 0 | P5: ='จัดสรร งปม.'!N75 -> 0 | Q5: ='จัดสรร งปม.'!P75 -> 0 | R5: ='จัดสรร งปม.'!Q75 -> 0 | S5: ='จัดสรร งปม.'!R75 -> 0
D6: ใช้ไปแล้ว | E6: =SUM(E11:E45) -> 20 | F6: =SUM(F11:F45) -> 0 | G6: =SUM(G11:G45) -> 0 | H6: =SUM(H11:H45) -> 0 | I6: =SUM(I11:I45) -> 0 | J6: =SUM(J11:J45) -> 0 | K6: =SUM(K11:K45) -> 0 | L6: =SUM(L11:L45) -> 0 | N6: =SUM(N11:N45) -> 0 | P6: =SUM(P11:P45) -> 0 | Q6: =SUM(Q11:Q45) -> 0 | R6: =SUM(R11:R45) -> 0 | S6: =SUM(S11:S45) -> 20
B7: งบดำเนินงาน (โครงการ/กิจกรรม) | D7: เหลือ | E7: =E5-E6 -> -20 | F7: =F5-F6 -> 0 | G7: =G5-G6 -> 0 | H7: =H5-H6 -> 0 | I7: =I5-I6 -> 0 | J7: =J5-J6 -> 0 | K7: =K5-K6 -> 0 | L7: =L5-L6 -> 0 | N7: =N5-N6 -> 0 | P7: =P5-P6 -> 0 | Q7: =Q5-Q6 -> 0 | R7: =R5-R6 -> 0 | S7: =S5-S6 -> -20
B8: รหัสรายการจ่าย | C8: ='จัดสรร งปม.'!$B$75 -> 603
B9: รายการจ่าย | C9: ='จัดสรร งปม.'!$C$75 -> โครงการด้านการพัฒนาคุณภาพสถานศึกษา
A10: รหัส | B10: วันที่ | C10: ชื่อผู้ขอใช้ | D10: แผนก/งาน | E10: ปวช. | F10: ปวส. | G10: ระยะสั้น | H10: อุดหนุน | I10: หนังสือ | J10: เครื่องแบบ | K10: กิจกรรม | L10: อุปกรณ์ | M10: เครื่องมือ | N10: ทั่วไป | O10: =+O4 -> โครงการ | P10: =+P4 -> เงินนอกงบ | Q10: เงินรายได้ | R10: เงินรับฝาก | S10: รวม
A11: 001 | E11: 20 | S11: =SUM(E11:R11) -> 20
A12: 002 | S12: =SUM(E12:R12) -> 0
A13: 003 | S13: =SUM(E13:R13) -> 0
A14: 004 | S14: =SUM(E14:R14) -> 0
A15: 005 | S15: =SUM(E15:R15) -> 0
A16: 006 | S16: =SUM(E16:R16) -> 0
A17: 007 | S17: =SUM(E17:R17) -> 0
A18: 008 | S18: =SUM(E18:R18) -> 0
A19: 009 | S19: =SUM(E19:R19) -> 0
A20: 010 | S20: =SUM(E20:R20) -> 0
A21: 011 | S21: =SUM(E21:R21) -> 0
A22: 012 | S22: =SUM(E22:R22) -> 0
A23: 013 | S23: =SUM(E23:R23) -> 0
... A45: 035 | S45: =SUM(E45:R45) -> 0

Sheet 604
A1: กลับไปที่หน้าจัดสรร งปม.
E2: =Note!$B$1 -> วิทยาลัยการอาชีพนวมินทราชินีแม่ฮ่องสอน
E3: เงินงบประมาณ | H3: เงินอุดหนุน | O3: งบรายจ่ายอื่น | Q3: เงิน บกศ. | S3: รวม
E4: ปวช. | F4: ปวส. | G4: ระยะสั้น | H4: จัดการเรียน | I4: หนังสือ | J4: เครื่องแบบ | K4: กิจกรรม | L4: อุปกรณ์ | M4: เครื่องมือ | N4: ทั่วไป | O4: โครงการ | P4: เงินนอกงบ | Q4: เงินรายได้ | R4: เงินรับฝาก
D5: ได้รับมา | E5: ='จัดสรร งปม.'!D76 -> 0 | F5: ='จัดสรร งปม.'!E76 -> 0 | G5: ='จัดสรร งปม.'!F76 -> 0 | H5: ='จัดสรร งปม.'!G76 -> 0 | I5: ='จัดสรร งปม.'!H76 -> 0 | J5: ='จัดสรร งปม.'!I76 -> 0 | K5: ='จัดสรร งปม.'!J76 -> 0 | L5: ='จัดสรร งปม.'!K76 -> 0 | N5: ='จัดสรร งปม.'!L76 -> 0 | P5: ='จัดสรร งปม.'!N76 -> 0 | Q5: ='จัดสรร งปม.'!P76 -> 0 | R5: ='จัดสรร งปม.'!Q76 -> 0 | S5: ='จัดสรร งปม.'!R76 -> 0
D6: ใช้ไปแล้ว | E6: =SUM(E11:E45) -> 25 | F6: =SUM(F11:F45) -> 0 | G6: =SUM(G11:G45) -> 0 | H6: =SUM(H11:H45) -> 0 | I6: =SUM(I11:I45) -> 0 | J6: =SUM(J11:J45) -> 0 | K6: =SUM(K11:K45) -> 0 | L6: =SUM(L11:L45) -> 0 | N6: =SUM(N11:N45) -> 0 | P6: =SUM(P11:P45) -> 0 | Q6: =SUM(Q11:Q45) -> 0 | R6: =SUM(R11:R45) -> 0 | S6: =SUM(S11:S45) -> 25
B7: งบดำเนินงาน (โครงการ/กิจกรรม) | D7: เหลือ | E7: =E5-E6 -> -25 | F7: =F5-F6 -> 0 | G7: =G5-G6 -> 0 | H7: =H5-H6 -> 0 | I7: =I5-I6 -> 0 | J7: =J5-J6 -> 0 | K7: =K5-K6 -> 0 | L7: =L5-L6 -> 0 | N7: =N5-N6 -> 0 | P7: =P5-P6 -> 0 | Q7: =Q5-Q6 -> 0 | R7: =R5-R6 -> 0 | S7: =S5-S6 -> -25
B8: รหัสรายการจ่าย | C8: ='จัดสรร งปม.'!$B$76 -> 604
B9: รายการจ่าย | C9: ='จัดสรร งปม.'!$C$76 -> โครงการด้านการประกันคุณภาพภายใน
A10: รหัส | B10: วันที่ | C10: ชื่อผู้ขอใช้ | D10: แผนก/งาน | E10: ปวช. | F10: ปวส. | G10: ระยะสั้น | H10: อุดหนุน | I10: หนังสือ | J10: เครื่องแบบ | K10: กิจกรรม | L10: อุปกรณ์ | M10: เครื่องมือ | N10: ทั่วไป | O10: =+O4 -> โครงการ | P10: =+P4 -> เงินนอกงบ | Q10: เงินรายได้ | R10: เงินรับฝาก | S10: รวม
A11: 001 | E11: 25 | S11: =SUM(E11:R11) -> 25
A12: 002 | S12: =SUM(E12:R12) -> 0
A13: 003 | S13: =SUM(E13:R13) -> 0
A14: 004 | S14: =SUM(E14:R14) -> 0
A15: 005 | S15: =SUM(E15:R15) -> 0
A16: 006 | S16: =SUM(E16:R16) -> 0
A17: 007 | S17: =SUM(E17:R17) -> 0
A18: 008 | S18: =SUM(E18:R18) -> 0
A19: 009 | S19: =SUM(E19:R19) -> 0
A20: 010 | S20: =SUM(E20:R20) -> 0
A21: 011 | S21: =SUM(E21:R21) -> 0
A22: 012 | S22: =SUM(E22:R22) -> 0
A23: 013 | S23: =SUM(E23:R23) -> 0
... A45: 035 | S45: =SUM(E45:R45) -> 0

Sheet 605
A1: กลับไปที่หน้าจัดสรร งปม.
E2: =Note!$B$1 -> วิทยาลัยการอาชีพนวมินทราชินีแม่ฮ่องสอน
E3: เงินงบประมาณ | H3: เงินอุดหนุน | O3: งบรายจ่ายอื่น | Q3: เงิน บกศ. | S3: รวม
E4: ปวช. | F4: ปวส. | G4: ระยะสั้น | H4: จัดการเรียน | I4: หนังสือ | J4: เครื่องแบบ | K4: กิจกรรม | L4: อุปกรณ์ | M4: เครื่องมือ | N4: ทั่วไป | O4: โครงการ | P4: เงินนอกงบ | Q4: เงินรายได้ | R4: เงินรับฝาก
D5: ได้รับมา | E5: ='จัดสรร งปม.'!D77 -> 0 | F5: ='จัดสรร งปม.'!E77 -> 0 | G5: ='จัดสรร งปม.'!F77 -> 0 | H5: ='จัดสรร งปม.'!G77 -> 0 | I5: ='จัดสรร งปม.'!H77 -> 0 | J5: ='จัดสรร งปม.'!I77 -> 0 | K5: ='จัดสรร งปม.'!J77 -> 0 | L5: ='จัดสรร งปม.'!K77 -> 0 | N5: ='จัดสรร งปม.'!L77 -> 0 | P5: ='จัดสรร งปม.'!N77 -> 0 | Q5: ='จัดสรร งปม.'!P77 -> 0 | R5: ='จัดสรร งปม.'!Q77 -> 0 | S5: ='จัดสรร งปม.'!R77 -> 0
D6: ใช้ไปแล้ว | E6: =SUM(E11:E45) -> 30 | F6: =SUM(F11:F45) -> 0 | G6: =SUM(G11:G45) -> 0 | H6: =SUM(H11:H45) -> 0 | I6: =SUM(I11:I45) -> 0 | J6: =SUM(J11:J45) -> 0 | K6: =SUM(K11:K45) -> 0 | L6: =SUM(L11:L45) -> 0 | N6: =SUM(N11:N45) -> 0 | P6: =SUM(P11:P45) -> 0 | Q6: =SUM(Q11:Q45) -> 0 | R6: =SUM(R11:R45) -> 0 | S6: =SUM(S11:S45) -> 30
B7: งบดำเนินงาน (โครงการ/กิจกรรม) | D7: เหลือ | E7: =E5-E6 -> -30 | F7: =F5-F6 -> 0 | G7: =G5-G6 -> 0 | H7: =H5-H6 -> 0 | I7: =I5-I6 -> 0 | J7: =J5-J6 -> 0 | K7: =K5-K6 -> 0 | L7: =L5-L6 -> 0 | N7: =N5-N6 -> 0 | P7: =P5-P6 -> 0 | Q7: =Q5-Q6 -> 0 | R7: =R5-R6 -> 0 | S7: =S5-S6 -> -30
B8: รหัสรายการจ่าย | C8: ='จัดสรร งปม.'!$B$77 -> 605
B9: รายการจ่าย | C9: ='จัดสรร งปม.'!$C$77 -> โครงการยาและเวชภัณฑ์
A10: รหัส | B10: วันที่ | C10: ชื่อผู้ขอใช้ | D10: แผนก/งาน | E10: ปวช. | F10: ปวส. | G10: ระยะสั้น | H10: อุดหนุน | I10: หนังสือ | J10: เครื่องแบบ | K10: กิจกรรม | L10: อุปกรณ์ | M10: เครื่องมือ | N10: ทั่วไป | O10: =+O4 -> โครงการ | P10: =+P4 -> เงินนอกงบ | Q10: เงินรายได้ | R10: เงินรับฝาก | S10: รวม
A11: 001 | E11: 30 | S11: =SUM(E11:R11) -> 30
A12: 002 | S12: =SUM(E12:R12) -> 0
A13: 003 | S13: =SUM(E13:R13) -> 0
A14: 004 | S14: =SUM(E14:R14) -> 0
A15: 005 | S15: =SUM(E15:R15) -> 0
A16: 006 | S16: =SUM(E16:R16) -> 0
A17: 007 | S17: =SUM(E17:R17) -> 0
A18: 008 | S18: =SUM(E18:R18) -> 0
A19: 009 | S19: =SUM(E19:R19) -> 0
A20: 010 | S20: =SUM(E20:R20) -> 0
A21: 011 | S21: =SUM(E21:R21) -> 0
A22: 012 | S22: =SUM(E22:R22) -> 0
A23: 013 | S23: =SUM(E23:R23) -> 0
... A45: 035 | S45: =SUM(E45:R45) -> 0

Sheet 606
A1: กลับไปที่หน้าจัดสรร งปม.
E2: =Note!$B$1 -> วิทยาลัยการอาชีพนวมินทราชินีแม่ฮ่องสอน
E3: เงินงบประมาณ | H3: เงินอุดหนุน | O3: งบรายจ่ายอื่น | Q3: เงิน บกศ. | S3: รวม
E4: ปวช. | F4: ปวส. | G4: ระยะสั้น | H4: จัดการเรียน | I4: หนังสือ | J4: เครื่องแบบ | K4: กิจกรรม | L4: อุปกรณ์ | M4: เครื่องมือ | N4: ทั่วไป | O4: โครงการ | P4: เงินนอกงบ | Q4: เงินรายได้ | R4: เงินรับฝาก
D5: ได้รับมา | E5: ='จัดสรร งปม.'!D78 -> 0 | F5: ='จัดสรร งปม.'!E78 -> 0 | G5: ='จัดสรร งปม.'!F78 -> 0 | H5: ='จัดสรร งปม.'!G78 -> 0 | I5: ='จัดสรร งปม.'!H78 -> 0 | J5: ='จัดสรร งปม.'!I78 -> 0 | K5: ='จัดสรร งปม.'!J78 -> 0 | L5: ='จัดสรร งปม.'!K78 -> 0 | N5: ='จัดสรร งปม.'!L78 -> 0 | P5: ='จัดสรร งปม.'!N78 -> 0 | Q5: ='จัดสรร งปม.'!P78 -> 0 | R5: ='จัดสรร งปม.'!Q78 -> 0 | S5: ='จัดสรร งปม.'!R78 -> 0
D6: ใช้ไปแล้ว | E6: =SUM(E11:E45) -> 35 | F6: =SUM(F11:F45) -> 0 | G6: =SUM(G11:G45) -> 0 | H6: =SUM(H11:H45) -> 0 | I6: =SUM(I11:I45) -> 0 | J6: =SUM(J11:J45) -> 0 | K6: =SUM(K11:K45) -> 0 | L6: =SUM(L11:L45) -> 0 | N6: =SUM(N11:N45) -> 0 | P6: =SUM(P11:P45) -> 0 | Q6: =SUM(Q11:Q45) -> 0 | R6: =SUM(R11:R45) -> 0 | S6: =SUM(S11:S45) -> 35
B7: งบดำเนินงาน (โครงการ/กิจกรรม) | D7: เหลือ | E7: =E5-E6 -> -35 | F7: =F5-F6 -> 0 | G7: =G5-G6 -> 0 | H7: =H5-H6 -> 0 | I7: =I5-I6 -> 0 | J7: =J5-J6 -> 0 | K7: =K5-K6 -> 0 | L7: =L5-L6 -> 0 | N7: =N5-N6 -> 0 | P7: =P5-P6 -> 0 | Q7: =Q5-Q6 -> 0 | R7: =R5-R6 -> 0 | S7: =S5-S6 -> -35
B8: รหัสรายการจ่าย | C8: ='จัดสรร งปม.'!$B$78 -> 606
B9: รายการจ่าย | C9: ='จัดสรร งปม.'!$C$78 -> โครงการปฐมนิเทศ คู่มือ นักเรียนนักศึกษาใหมา ปวช. ปวส. ปี2565
A10: รหัส | B10: วันที่ | C10: ชื่อผู้ขอใช้ | D10: แผนก/งาน | E10: ปวช. | F10: ปวส. | G10: ระยะสั้น | H10: อุดหนุน | I10: หนังสือ | J10: เครื่องแบบ | K10: กิจกรรม | L10: อุปกรณ์ | M10: เครื่องมือ | N10: ทั่วไป | O10: =+O4 -> โครงการ | P10: =+P4 -> เงินนอกงบ | Q10: เงินรายได้ | R10: เงินรับฝาก | S10: รวม
A11: 001 | E11: 35 | S11: =SUM(E11:R11) -> 35
A12: 002 | S12: =SUM(E12:R12) -> 0
A13: 003 | S13: =SUM(E13:R13) -> 0
A14: 004 | S14: =SUM(E14:R14) -> 0
A15: 005 | S15: =SUM(E15:R15) -> 0
A16: 006 | S16: =SUM(E16:R16) -> 0
A17: 007 | S17: =SUM(E17:R17) -> 0
A18: 008 | S18: =SUM(E18:R18) -> 0
A19: 009 | S19: =SUM(E19:R19) -> 0
A20: 010 | S20: =SUM(E20:R20) -> 0
A21: 011 | S21: =SUM(E21:R21) -> 0
A22: 012 | S22: =SUM(E22:R22) -> 0
A23: 013 | S23: =SUM(E23:R23) -> 0
... A45: 035 | S45: =SUM(E45:R45) -> 0

Sheet 607
A1: กลับไปที่หน้าจัดสรร งปม.
E2: =Note!$B$1 -> วิทยาลัยการอาชีพนวมินทราชินีแม่ฮ่องสอน
E3: เงินงบประมาณ | H3: เงินอุดหนุน | O3: งบรายจ่ายอื่น | Q3: เงิน บกศ. | S3: รวม
E4: ปวช. | F4: ปวส. | G4: ระยะสั้น | H4: จัดการเรียน | I4: หนังสือ | J4: เครื่องแบบ | K4: กิจกรรม | L4: อุปกรณ์ | M4: เครื่องมือ | N4: ทั่วไป | O4: โครงการ | P4: เงินนอกงบ | Q4: เงินรายได้ | R4: เงินรับฝาก
D5: ได้รับมา | E5: ='จัดสรร งปม.'!D79 -> 0 | F5: ='จัดสรร งปม.'!E79 -> 0 | G5: ='จัดสรร งปม.'!F79 -> 0 | H5: ='จัดสรร งปม.'!G79 -> 0 | I5: ='จัดสรร งปม.'!H79 -> 0 | J5: ='จัดสรร งปม.'!I79 -> 0 | K5: ='จัดสรร งปม.'!J79 -> 0 | L5: ='จัดสรร งปม.'!K79 -> 0 | N5: ='จัดสรร งปม.'!L79 -> 0 | P5: ='จัดสรร งปม.'!N79 -> 0 | Q5: ='จัดสรร งปม.'!P79 -> 0 | R5: ='จัดสรร งปม.'!Q79 -> 0 | S5: ='จัดสรร งปม.'!R79 -> 0
D6: ใช้ไปแล้ว | E6: =SUM(E11:E45) -> 40 | F6: =SUM(F11:F45) -> 0 | G6: =SUM(G11:G45) -> 0 | H6: =SUM(H11:H45) -> 0 | I6: =SUM(I11:I45) -> 0 | J6: =SUM(J11:J45) -> 0 | K6: =SUM(K11:K45) -> 0 | L6: =SUM(L11:L45) -> 0 | N6: =SUM(N11:N45) -> 0 | P6: =SUM(P11:P45) -> 0 | Q6: =SUM(Q11:Q45) -> 0 | R6: =SUM(R11:R45) -> 0 | S6: =SUM(S11:S45) -> 40
B7: งบดำเนินงาน (โครงการ/กิจกรรม) | D7: เหลือ | E7: =E5-E6 -> -40 | F7: =F5-F6 -> 0 | G7: =G5-G6 -> 0 | H7: =H5-H6 -> 0 | I7: =I5-I6 -> 0 | J7: =J5-J6 -> 0 | K7: =K5-K6 -> 0 | L7: =L5-L6 -> 0 | N7: =N5-N6 -> 0 | P7: =P5-P6 -> 0 | Q7: =Q5-Q6 -> 0 | R7: =R5-R6 -> 0 | S7: =S5-S6 -> -40
B8: รหัสรายการจ่าย | C8: ='จัดสรร งปม.'!$B$79 -> 607
B9: รายการจ่าย | C9: ='จัดสรร งปม.'!$C$79 -> โครงการตรวจสุขภาพนักเรียนนักศึกษา
A10: รหัส | B10: วันที่ | C10: ชื่อผู้ขอใช้ | D10: แผนก/งาน | E10: ปวช. | F10: ปวส. | G10: ระยะสั้น | H10: อุดหนุน | I10: หนังสือ | J10: เครื่องแบบ | K10: กิจกรรม | L10: อุปกรณ์ | M10: เครื่องมือ | N10: ทั่วไป | O10: =+O4 -> โครงการ | P10: =+P4 -> เงินนอกงบ | Q10: เงินรายได้ | R10: เงินรับฝาก | S10: รวม
A11: 001 | E11: 40 | S11: =SUM(E11:R11) -> 40
A12: 002 | S12: =SUM(E12:R12) -> 0
A13: 003 | S13: =SUM(E13:R13) -> 0
A14: 004 | S14: =SUM(E14:R14) -> 0
A15: 005 | S15: =SUM(E15:R15) -> 0
A16: 006 | S16: =SUM(E16:R16) -> 0
A17: 007 | S17: =SUM(E17:R17) -> 0
A18: 008 | S18: =SUM(E18:R18) -> 0
A19: 009 | S19: =SUM(E19:R19) -> 0
A20: 010 | S20: =SUM(E20:R20) -> 0
A21: 011 | S21: =SUM(E21:R21) -> 0
A22: 012 | S22: =SUM(E22:R22) -> 0
A23: 013 | S23: =SUM(E23:R23) -> 0
... A45: 035 | S45: =SUM(E45:R45) -> 0

Sheet 608
A1: กลับไปที่หน้าจัดสรร งปม.
E2: =Note!$B$1 -> วิทยาลัยการอาชีพนวมินทราชินีแม่ฮ่องสอน
E3: เงินงบประมาณ | H3: เงินอุดหนุน | O3: งบรายจ่ายอื่น | Q3: เงิน บกศ. | S3: รวม
E4: ปวช. | F4: ปวส. | G4: ระยะสั้น | H4: จัดการเรียน | I4: หนังสือ | J4: เครื่องแบบ | K4: กิจกรรม | L4: อุปกรณ์ | M4: เครื่องมือ | N4: ทั่วไป | O4: โครงการ | P4: เงินนอกงบ | Q4: เงินรายได้ | R4: เงินรับฝาก
D5: ได้รับมา | E5: ='จัดสรร งปม.'!D80 -> 0 | F5: ='จัดสรร งปม.'!E80 -> 0 | G5: ='จัดสรร งปม.'!F80 -> 0 | H5: ='จัดสรร งปม.'!G80 -> 0 | I5: ='จัดสรร งปม.'!H80 -> 0 | J5: ='จัดสรร งปม.'!I80 -> 0 | K5: ='จัดสรร งปม.'!J80 -> 0 | L5: ='จัดสรร งปม.'!K80 -> 0 | N5: ='จัดสรร งปม.'!L80 -> 0 | P5: ='จัดสรร งปม.'!N80 -> 0 | Q5: ='จัดสรร งปม.'!P80 -> 0 | R5: ='จัดสรร งปม.'!Q80 -> 0 | S5: ='จัดสรร งปม.'!R80 -> 0
D6: ใช้ไปแล้ว | E6: =SUM(E11:E45) -> 45 | F6: =SUM(F11:F45) -> 0 | G6: =SUM(G11:G45) -> 0 | H6: =SUM(H11:H45) -> 0 | I6: =SUM(I11:I45) -> 0 | J6: =SUM(J11:J45) -> 0 | K6: =SUM(K11:K45) -> 0 | L6: =SUM(L11:L45) -> 0 | N6: =SUM(N11:N45) -> 0 | P6: =SUM(P11:P45) -> 0 | Q6: =SUM(Q11:Q45) -> 0 | R6: =SUM(R11:R45) -> 0 | S6: =SUM(S11:S45) -> 45
B7: งบดำเนินงาน (โครงการ/กิจกรรม) | D7: เหลือ | E7: =E5-E6 -> -45 | F7: =F5-F6 -> 0 | G7: =G5-G6 -> 0 | H7: =H5-H6 -> 0 | I7: =I5-I6 -> 0 | J7: =J5-J6 -> 0 | K7: =K5-K6 -> 0 | L7: =L5-L6 -> 0 | N7: =N5-N6 -> 0 | P7: =P5-P6 -> 0 | Q7: =Q5-Q6 -> 0 | R7: =R5-R6 -> 0 | S7: =S5-S6 -> -45
B8: รหัสรายการจ่าย | C8: ='จัดสรร งปม.'!$B$80 -> 608
B9: รายการจ่าย | C9: ='จัดสรร งปม.'!$C$80 -> โครงการประกันอุบัติเหตุ นักเรียน นักศึกษา
A10: รหัส | B10: วันที่ | C10: ชื่อผู้ขอใช้ | D10: แผนก/งาน | E10: ปวช. | F10: ปวส. | G10: ระยะสั้น | H10: อุดหนุน | I10: หนังสือ | J10: เครื่องแบบ | K10: กิจกรรม | L10: อุปกรณ์ | M10: เครื่องมือ | N10: ทั่วไป | O10: =+O4 -> โครงการ | P10: =+P4 -> เงินนอกงบ | Q10: เงินรายได้ | R10: เงินรับฝาก | S10: รวม
A11: 001 | E11: 45 | S11: =SUM(E11:R11) -> 45
